user,item,score
1,129,3.88659793814433
1,251,4.342105263157895
1,116,3.78
1,222,3.6254180602006687
1,179,3.956043956043956
1,167,2.981132075471698
1,106,2.9322033898305087
1,229,3.0597014925373136
1,58,3.6808510638297873
1,40,2.857142857142857
1,81,3.5421686746987953
1,96,4.018099547511312
1,123,3.2065217391304346
1,132,4.043010752688172
1,194,4.0473684210526315
1,43,2.9411764705882355
1,17,3.1323529411764706
1,173,4.15625
1,258,3.7814070351758793
1,103,1.9090909090909092
1,38,2.941747572815534
1,131,3.717948717948718
1,70,3.6381909547738696
1,217,3.077777777777778
1,90,3.1025641025641026
1,140,3.235294117647059
1,149,2.8947368421052633
1,118,3.2266666666666666
1,153,3.77720207253886
1,19,4.018867924528302
1,46,3.611111111111111
1,27,3.0869565217391304
1,31,3.6495726495726495
1,213,3.9541284403669725
1,199,4.180327868852459
1,260,2.6021505376344085
1,44,3.3174603174603177
1,119,4.0
1,215,3.674698795180723
1,171,3.8703703703703702
1,91,3.5789473684210527
1,197,4.077319587628866
1,246,3.943396226415094
1,59,4.125
1,272,4.261437908496732
1,114,4.396551724137931
1,239,3.5294117647058822
1,24,3.4135338345864663
1,139,2.761904761904762
1,227,3.184
1,21,2.7746478873239435
1,223,4.153153153153153
1,145,2.4074074074074074
1,252,3.032520325203252
1,170,4.13
2,310,3.559322033898305
2,297,4.025
2,10,3.9295774647887325
2,276,3.7148936170212767
2,312,3.28125
2,300,3.6176470588235294
2,307,3.524137931034483
2,255,3.3175675675675675
2,314,1.0
2,284,3.1824324324324325
2,269,3.9486166007905137
2,298,3.7642857142857142
2,19,4.018867924528302
3,325,2.4081632653061225
3,348,3.1739130434782608
3,264,2.768292682926829
3,288,3.455764075067024
3,321,3.0942028985507246
3,303,3.6944444444444446
3,329,3.3157894736842106
3,341,3.3333333333333335
3,345,3.4313725490196076
3,323,2.918918918918919
3,294,3.112947658402204
4,258,3.7814070351758793
4,361,3.142857142857143
4,264,2.768292682926829
4,360,2.6666666666666665
4,301,3.2604166666666665
5,95,3.8275862068965516
5,194,4.0473684210526315
5,163,3.5211267605633805
5,427,4.287425149700598
5,110,2.625
5,407,2.5517241379310347
5,413,2.6
5,208,3.9554140127388533
5,400,2.6153846153846154
5,25,3.4148471615720526
5,230,3.460122699386503
5,381,3.5641025641025643
5,380,3.297872340425532
5,214,3.3636363636363638
5,162,3.6
5,377,2.3
5,397,2.6
5,172,4.180555555555555
5,183,4.004464285714286
5,430,3.9305555555555554
5,440,1.4
5,222,3.6254180602006687
5,102,2.9782608695652173
5,439,1.0
5,412,2.410958904109589
5,259,2.6929133858267718
5,446,2.25
5,418,3.609090909090909
5,454,2.9166666666666665
5,17,3.1323529411764706
5,398,2.1666666666666665
5,389,3.5238095238095237
5,40,2.857142857142857
5,153,3.77720207253886
5,105,2.5238095238095237
6,191,4.153153153153153
6,504,3.787878787878788
6,435,3.9171597633136095
6,23,4.13375796178344
6,259,2.6929133858267718
6,514,3.880281690140845
6,1,3.900804289544236
6,520,4.1020408163265305
6,484,4.151785714285714
6,165,4.155555555555556
6,175,3.8523489932885906
6,50,4.347438752783964
6,64,4.44
6,202,3.782051282051282
6,518,3.7260273972602738
6,284,3.1824324324324325
6,509,3.923076923076923
6,500,3.8
6,269,3.9486166007905137
6,12,4.408256880733945
6,513,4.362068965517241
6,180,4.0
6,177,3.926605504587156
6,275,3.9904306220095696
6,482,3.970873786407767
6,154,3.832167832167832
6,491,3.730769230769231
6,532,3.388888888888889
6,487,4.037735849056604
6,302,4.165938864628821
6,242,4.065217391304348
6,186,3.86
6,308,3.0476190476190474
6,516,4.02
6,197,4.077319587628866
6,8,4.011363636363637
6,493,4.288888888888889
6,294,3.112947658402204
6,125,3.5255102040816326
6,268,3.81025641025641
6,522,3.7666666666666666
6,32,3.953846153846154
6,133,3.870503597122302
7,431,3.5041322314049586
7,624,3.1176470588235294
7,56,4.019047619047619
7,142,3.0
7,391,2.66
7,54,3.253012048192771
7,22,4.162393162393163
7,506,3.791044776119403
7,591,3.6
7,587,3.5555555555555554
7,430,3.9305555555555554
7,625,3.3
7,39,3.264705882352941
7,435,3.9171597633136095
7,80,2.6538461538461537
7,384,2.8727272727272726
7,357,4.330188679245283
7,669,1.8
7,182,3.923076923076923
7,164,3.563025210084034
7,561,2.9318181818181817
7,584,3.5303030303030303
7,92,3.617283950617284
7,168,4.081967213114754
7,193,3.9411764705882355
7,157,3.696078431372549
7,238,3.8309178743961354
7,592,3.5
7,415,3.0
7,573,2.8260869565217392
7,275,3.9904306220095696
7,427,4.287425149700598
7,461,3.607142857142857
7,4,3.5
7,266,2.4814814814814814
7,558,3.6964285714285716
7,578,3.116883116883117
7,217,3.077777777777778
7,670,3.04
7,662,3.5238095238095237
7,181,4.027093596059113
7,648,3.9166666666666665
7,78,2.52
7,156,3.865546218487395
7,682,3.088607594936709
7,623,2.903225806451613
7,594,2.0
7,396,2.744186046511628
7,497,3.8035714285714284
7,537,3.625
7,97,3.8097560975609754
7,234,3.751152073732719
7,545,2.0
7,615,4.023255813953488
7,616,3.381818181818182
7,630,3.380952380952381
7,502,3.64
7,641,4.214285714285714
7,433,3.7071428571428573
7,550,3.25
7,9,3.8821138211382116
7,659,4.087912087912088
7,554,2.8369565217391304
7,679,2.9220779220779223
7,484,4.151785714285714
7,496,4.087431693989071
7,440,1.4
7,365,3.275
7,8,4.011363636363637
7,341,3.3333333333333335
7,86,3.928
7,215,3.674698795180723
7,488,4.196078431372549
7,216,3.9656652360515023
7,136,4.193181818181818
7,200,3.7470588235294118
7,265,3.840909090909091
7,416,3.404255319148936
7,643,3.5
7,678,2.8373493975903616
7,640,3.0161290322580645
8,181,4.027093596059113
8,174,4.247787610619469
8,195,3.9402390438247012
8,89,4.173913043478261
8,510,4.041237113402062
8,182,3.923076923076923
8,385,3.5773809523809526
8,79,4.056390977443609
8,183,4.004464285714286
8,338,2.5072463768115942
8,22,4.162393162393163
8,187,4.208588957055214
9,527,4.0064935064935066
9,50,4.347438752783964
9,298,3.7642857142857142
9,371,3.04
9,340,3.5517241379310347
10,698,2.75
10,482,3.970873786407767
10,509,3.923076923076923
10,475,3.910994764397906
10,274,3.4482758620689653
10,418,3.609090909090909
10,185,4.101063829787234
10,179,3.956043956043956
10,285,4.2204724409448815
10,216,3.9656652360515023
10,447,3.4081632653061225
10,168,4.081967213114754
10,223,4.153153153153153
10,707,3.814814814814815
10,116,3.78
10,694,4.142857142857143
10,696,3.09375
10,435,3.9171597633136095
10,484,4.151785714285714
10,496,4.087431693989071
10,655,3.8722222222222222
10,693,3.6202531645569622
10,629,3.3275862068965516
10,175,3.8523489932885906
10,611,4.076923076923077
10,234,3.751152073732719
10,176,3.9624413145539905
10,199,4.180327868852459
10,705,4.048543689320389
10,294,3.112947658402204
10,275,3.9904306220095696
10,463,3.819672131147541
10,191,4.153153153153153
10,656,3.945945945945946
10,651,4.074324324324325
10,499,3.843137254901961
10,157,3.696078431372549
11,175,3.8523489932885906
11,121,3.4656716417910447
11,383,2.08
11,357,4.330188679245283
11,716,3.272727272727273
11,79,4.056390977443609
11,39,3.264705882352941
11,399,3.3043478260869565
11,277,3.4814814814814814
11,751,3.4630872483221475
11,646,3.870967741935484
11,123,3.2065217391304346
11,544,3.16
11,717,2.859154929577465
11,427,4.287425149700598
11,367,3.4375
11,38,2.941747572815534
11,423,3.782258064516129
11,748,3.0784313725490198
11,715,3.111111111111111
11,662,3.5238095238095237
11,216,3.9656652360515023
11,749,3.1578947368421053
11,227,3.184
11,109,3.480769230769231
11,573,2.8260869565217392
11,110,2.625
11,291,3.392156862745098
11,449,3.0652173913043477
11,230,3.460122699386503
11,733,3.25
11,25,3.4148471615720526
11,734,2.6
11,730,3.526315789473684
11,725,2.6666666666666665
11,237,3.707395498392283
11,52,3.7901234567901234
12,98,4.283018867924528
12,754,3.3541666666666665
12,28,3.935185185185185
12,480,4.302158273381295
12,381,3.5641025641025643
12,591,3.6
12,684,3.8
12,195,3.9402390438247012
12,300,3.6176470588235294
12,157,3.696078431372549
12,228,3.8
13,320,4.235294117647059
13,502,3.64
13,876,2.8157894736842106
13,601,4.166666666666667
13,914,2.4285714285714284
13,589,4.0
13,910,2.0
13,111,3.506787330316742
13,144,3.8757062146892656
13,42,3.7796610169491527
13,401,2.796875
13,351,2.6666666666666665
13,525,3.9508196721311477
13,845,3.4779411764705883
13,83,4.0647482014388485
13,686,3.789473684210526
13,854,3.090909090909091
13,497,3.8035714285714284
13,504,3.787878787878788
13,716,3.272727272727273
13,903,3.066666666666667
13,12,4.408256880733945
13,318,4.437768240343348
13,316,4.137931034482759
13,230,3.460122699386503
13,231,2.6576576576576576
13,508,3.585526315789474
13,619,3.0980392156862746
13,843,2.9166666666666665
13,669,1.8
13,665,2.775
13,360,2.6666666666666665
13,292,3.6179775280898876
13,764,2.9047619047619047
13,691,3.5
13,848,3.1666666666666665
13,863,4.285714285714286
13,481,3.92
13,519,4.08955223880597
13,59,4.125
13,812,3.0
13,354,3.456140350877193
13,784,1.0
13,849,2.6842105263157894
13,160,3.4545454545454546
13,73,3.4909090909090907
13,241,3.5
13,371,3.04
13,22,4.162393162393163
13,60,3.9615384615384617
13,280,3.242424242424242
13,815,3.21978021978022
13,647,4.05
13,829,2.64
13,877,2.6944444444444446
13,170,4.13
13,655,3.8722222222222222
13,549,3.5294117647058822
13,871,2.2982456140350878
13,265,3.840909090909091
13,472,2.9844961240310077
13,561,2.9318181818181817
13,229,3.0597014925373136
13,208,3.9554140127388533
13,874,3.129032258064516
13,4,3.5
13,191,4.153153153153153
13,132,4.043010752688172
13,168,4.081967213114754
13,624,3.1176470588235294
13,553,3.2222222222222223
13,276,3.7148936170212767
13,887,3.56
13,891,3.0
13,670,3.04
13,838,3.3333333333333335
13,342,2.880952380952381
13,825,3.1194029850746268
13,758,1.7647058823529411
13,340,3.5517241379310347
13,69,3.8832684824902723
13,423,3.782258064516129
13,301,3.2604166666666665
13,153,3.77720207253886
13,740,3.595744680851064
13,586,2.5555555555555554
13,523,4.0
13,801,2.769230769230769
13,675,3.4285714285714284
13,393,3.4324324324324325
13,433,3.7071428571428573
13,833,3.2432432432432434
13,87,3.847457627118644
13,822,2.5
13,851,3.0
13,912,3.4
13,39,3.264705882352941
13,797,3.1666666666666665
13,526,3.8876404494382024
13,5,3.318840579710145
13,175,3.8523489932885906
13,204,3.8333333333333335
13,224,3.7222222222222223
13,200,3.7470588235294118
13,183,4.004464285714286
13,817,3.0
13,188,3.6783216783216783
13,216,3.9656652360515023
13,308,3.0476190476190474
13,400,2.6153846153846154
13,473,3.118811881188119
13,828,2.888888888888889
13,51,3.3448275862068964
13,165,4.155555555555556
13,174,4.247787610619469
13,515,4.25
13,802,2.566666666666667
13,242,4.065217391304348
13,201,3.52
13,590,2.0
13,303,3.6944444444444446
13,72,3.203883495145631
13,514,3.880281690140845
13,868,3.5
13,212,3.4743589743589745
13,679,2.9220779220779223
13,268,3.81025641025641
13,835,4.083333333333333
14,175,3.8523489932885906
14,32,3.953846153846154
14,15,3.8026315789473686
14,762,3.391304347826087
14,603,4.3602484472049685
14,13,3.361842105263158
14,56,4.019047619047619
14,18,3.2857142857142856
14,93,3.835294117647059
14,50,4.347438752783964
14,455,3.242424242424242
14,211,3.9289940828402368
14,382,3.5555555555555554
14,357,4.330188679245283
14,474,4.2405063291139244
14,186,3.86
14,430,3.9305555555555554
14,313,4.269961977186312
14,530,4.064516129032258
14,514,3.880281690140845
15,924,3.388059701492537
15,283,3.75
15,125,3.5255102040816326
15,685,3.375
15,323,2.918918918918919
15,18,3.2857142857142856
15,220,3.240740740740741
15,546,3.0634146341463415
15,255,3.3175675675675675
15,927,3.0
15,280,3.242424242424242
15,50,4.347438752783964
15,889,3.4545454545454546
15,455,3.242424242424242
15,879,3.277227722772277
15,285,4.2204724409448815
15,275,3.9904306220095696
15,936,3.9615384615384617
15,252,3.032520325203252
15,815,3.21978021978022
15,932,2.966666666666667
16,27,3.0869565217391304
16,692,3.672
16,28,3.935185185185185
16,164,3.563025210084034
16,583,2.9375
16,447,3.4081632653061225
16,96,4.018099547511312
16,158,2.673469387755102
16,89,4.173913043478261
16,228,3.8
16,156,3.865546218487395
16,418,3.609090909090909
16,423,3.782258064516129
16,240,2.7401574803149606
16,448,3.449275362318841
16,199,4.180327868852459
16,318,4.437768240343348
16,4,3.5
16,606,4.017241379310345
16,92,3.617283950617284
16,99,3.7372262773722627
16,109,3.480769230769231
16,654,4.061946902654867
16,227,3.184
16,661,4.097222222222222
16,443,3.801526717557252
16,591,3.6
16,642,3.5416666666666665
17,919,3.730769230769231
17,13,3.361842105263158
17,150,3.8125
17,1,3.900804289544236
17,221,3.71875
17,475,3.910994764397906
18,411,2.962121212121212
18,529,3.948717948717949
18,443,3.801526717557252
18,954,3.75
18,193,3.9411764705882355
18,607,3.9411764705882355
18,69,3.8832684824902723
18,639,3.814814814814815
18,959,3.52
18,714,3.1
18,747,3.513157894736842
18,602,3.7906976744186047
18,61,3.8666666666666667
18,480,4.302158273381295
18,517,3.6666666666666665
18,134,4.269938650306749
18,478,4.116279069767442
18,178,4.346938775510204
18,157,3.696078431372549
18,186,3.86
18,9,3.8821138211382116
18,863,4.285714285714286
18,6,3.473684210526316
18,13,3.361842105263158
18,630,3.380952380952381
18,482,3.970873786407767
18,15,3.8026315789473686
18,792,3.734375
18,28,3.935185185185185
18,241,3.5
18,381,3.5641025641025643
18,113,4.0
18,357,4.330188679245283
18,223,4.153153153153153
18,958,3.8
18,737,3.0
18,435,3.9171597633136095
18,514,3.880281690140845
18,736,3.9516129032258065
18,382,3.5555555555555554
18,194,4.0473684210526315
18,143,3.758426966292135
18,169,4.462365591397849
18,152,3.5806451612903225
18,486,3.9130434782608696
18,781,3.3333333333333335
18,162,3.6
18,319,3.2301587301587302
18,12,4.408256880733945
18,185,4.101063829787234
18,530,4.064516129032258
18,97,3.8097560975609754
18,461,3.607142857142857
18,286,3.661498708010336
18,59,4.125
18,60,3.9615384615384617
19,319,3.2301587301587302
19,258,3.7814070351758793
19,4,3.5
19,382,3.5555555555555554
20,172,4.180555555555555
20,121,3.4656716417910447
20,11,3.8743718592964824
20,176,3.9624413145539905
20,357,4.330188679245283
20,98,4.283018867924528
20,288,3.455764075067024
20,50,4.347438752783964
20,931,2.0697674418604652
20,496,4.087431693989071
21,564,1.9565217391304348
21,596,3.326530612244898
21,295,3.4166666666666665
21,773,3.0
21,995,3.2
21,591,3.6
21,234,3.751152073732719
21,437,1.0
21,569,2.7017543859649122
21,452,2.5652173913043477
21,98,4.283018867924528
21,875,2.761904761904762
21,559,3.1826086956521737
21,100,4.174242424242424
21,473,3.118811881188119
21,324,3.0721649484536084
21,457,1.7142857142857142
21,874,3.129032258064516
21,982,2.8666666666666667
21,320,4.235294117647059
21,928,3.225
21,445,3.5294117647058822
21,148,3.2395833333333335
21,595,3.1176470588235294
21,164,3.563025210084034
21,854,3.090909090909091
21,370,2.9411764705882355
21,413,2.6
21,200,3.7470588235294118
21,319,3.2301587301587302
21,379,2.9285714285714284
21,325,2.4081632653061225
21,696,3.09375
21,994,2.5
21,820,2.717948717948718
21,767,2.625
22,411,2.962121212121212
22,566,3.633587786259542
22,996,2.909090909090909
22,932,2.966666666666667
22,2,3.18
22,194,4.0473684210526315
22,376,2.85
22,201,3.52
22,173,4.15625
22,229,3.0597014925373136
22,399,3.3043478260869565
22,731,3.15625
22,29,2.627906976744186
22,386,2.8028169014084505
22,732,3.6595744680851063
22,692,3.672
22,227,3.184
22,526,3.8876404494382024
22,80,2.6538461538461537
22,195,3.9402390438247012
22,948,2.210526315789474
22,233,3.349514563106796
22,449,3.0652173913043477
22,187,4.208588957055214
22,871,2.2982456140350878
22,840,2.6363636363636362
23,185,4.101063829787234
23,257,3.758771929824561
23,8,4.011363636363637
23,516,4.02
23,204,3.8333333333333335
23,134,4.269938650306749
23,275,3.9904306220095696
23,154,3.832167832167832
23,156,3.865546218487395
23,116,3.78
23,747,3.513157894736842
23,202,3.782051282051282
23,449,3.0652173913043477
23,357,4.330188679245283
23,95,3.8275862068965516
23,213,3.9541284403669725
23,28,3.935185185185185
23,408,4.482352941176471
23,294,3.112947658402204
23,511,4.157894736842105
23,655,3.8722222222222222
23,283,3.75
23,131,3.717948717948718
23,162,3.6
23,504,3.787878787878788
23,82,3.7156398104265405
23,181,4.027093596059113
23,588,3.75
23,705,4.048543689320389
23,679,2.9220779220779223
23,421,3.6
24,178,4.346938775510204
24,191,4.153153153153153
24,508,3.585526315789474
24,486,3.9130434782608696
24,1007,4.0588235294117645
24,276,3.7148936170212767
24,127,4.312693498452012
24,92,3.617283950617284
24,729,3.403225806451613
24,655,3.8722222222222222
24,200,3.7470588235294118
24,249,3.303030303030303
24,7,3.801302931596091
24,58,3.6808510638297873
25,50,4.347438752783964
25,463,3.819672131147541
25,404,3.72972972972973
25,189,4.078431372549019
25,729,3.403225806451613
25,98,4.283018867924528
25,1,3.900804289544236
25,269,3.9486166007905137
25,692,3.672
25,195,3.9402390438247012
25,501,3.5670103092783507
25,633,4.127272727272727
25,183,4.004464285714286
25,357,4.330188679245283
25,176,3.9624413145539905
25,79,4.056390977443609
26,24,3.4135338345864663
26,257,3.758771929824561
26,315,4.104477611940299
26,222,3.6254180602006687
26,298,3.7642857142857142
26,109,3.480769230769231
26,471,3.66120218579235
26,369,2.477272727272727
26,333,3.59
26,831,2.4177215189873418
26,678,2.8373493975903616
26,249,3.303030303030303
26,840,2.6363636363636362
26,313,4.269961977186312
26,274,3.4482758620689653
26,413,2.6
26,288,3.455764075067024
26,405,3.286764705882353
26,126,3.7948717948717947
26,250,3.4551282051282053
26,302,4.165938864628821
26,546,3.0634146341463415
27,925,3.25
27,244,3.15
27,50,4.347438752783964
27,475,3.910994764397906
27,118,3.2266666666666666
28,31,3.6495726495726495
28,219,3.202247191011236
28,95,3.8275862068965516
28,450,2.411764705882353
28,529,3.948717948717949
28,234,3.751152073732719
28,196,3.9170731707317072
28,895,3.0853658536585367
28,56,4.019047619047619
28,573,2.8260869565217392
28,672,2.673076923076923
28,218,3.437037037037037
28,96,4.018099547511312
28,449,3.0652173913043477
28,227,3.184
28,117,3.633986928104575
29,268,3.81025641025641
29,678,2.8373493975903616
29,302,4.165938864628821
29,189,4.078431372549019
29,303,3.6944444444444446
29,879,3.277227722772277
29,480,4.302158273381295
30,286,3.661498708010336
30,289,2.9651741293532337
30,172,4.180555555555555
30,7,3.801302931596091
30,259,2.6929133858267718
30,321,3.0942028985507246
30,135,3.9665071770334928
30,531,3.9405940594059405
30,313,4.269961977186312
31,811,3.923076923076923
31,705,4.048543689320389
31,1022,3.3
31,682,3.088607594936709
31,268,3.81025641025641
31,262,3.74
31,135,3.9665071770334928
31,611,4.076923076923077
32,246,3.943396226415094
32,151,3.612403100775194
32,290,3.1875
32,118,3.2266666666666666
32,245,3.1036269430051813
32,276,3.7148936170212767
32,50,4.347438752783964
32,249,3.303030303030303
32,100,4.174242424242424
33,895,3.0853658536585367
33,260,2.6021505376344085
33,329,3.3157894736842106
33,333,3.59
33,258,3.7814070351758793
34,324,3.0721649484536084
34,292,3.6179775280898876
34,245,3.1036269430051813
34,288,3.455764075067024
35,327,3.466666666666667
35,680,2.1923076923076925
35,242,4.065217391304348
35,877,2.6944444444444446
35,678,2.8373493975903616
36,319,3.2301587301587302
36,261,2.5
36,882,3.2
36,310,3.559322033898305
37,540,2.5
37,7,3.801302931596091
37,566,3.633587786259542
37,841,2.710526315789474
37,82,3.7156398104265405
37,127,4.312693498452012
37,92,3.617283950617284
37,27,3.0869565217391304
37,231,2.6576576576576576
37,68,3.3893805309734515
37,50,4.347438752783964
37,226,3.352
38,71,3.847058823529412
38,423,3.782258064516129
38,445,3.5294117647058822
38,218,3.437037037037037
38,717,2.859154929577465
38,1033,2.6
38,616,3.381818181818182
38,122,2.3493975903614457
38,97,3.8097560975609754
38,627,3.135593220338983
38,70,3.6381909547738696
38,22,4.162393162393163
38,402,3.404109589041096
38,409,3.1666666666666665
38,195,3.9402390438247012
38,28,3.935185185185185
38,257,3.758771929824561
38,672,2.673076923076923
38,411,2.962121212121212
38,82,3.7156398104265405
38,405,3.286764705882353
38,155,3.0125
38,313,4.269961977186312
38,452,2.5652173913043477
38,153,3.77720207253886
39,345,3.4313725490196076
39,333,3.59
39,300,3.6176470588235294
39,269,3.9486166007905137
39,900,3.911764705882353
40,268,3.81025641025641
40,754,3.3541666666666665
40,300,3.6176470588235294
40,303,3.6944444444444446
40,328,3.3958333333333335
40,294,3.112947658402204
40,340,3.5517241379310347
41,1039,4.069444444444445
41,100,4.174242424242424
41,474,4.2405063291139244
41,191,4.153153153153153
41,486,3.9130434782608696
41,318,4.437768240343348
41,286,3.661498708010336
41,516,4.02
41,98,4.283018867924528
41,265,3.840909090909091
41,181,4.027093596059113
42,142,3.0
42,591,3.6
42,625,3.3
42,523,4.0
42,369,2.477272727272727
42,566,3.633587786259542
42,168,4.081967213114754
42,102,2.9782608695652173
42,953,3.4444444444444446
42,380,3.297872340425532
42,73,3.4909090909090907
42,175,3.8523489932885906
42,79,4.056390977443609
42,720,2.9833333333333334
42,627,3.135593220338983
42,70,3.6381909547738696
42,202,3.782051282051282
42,25,3.4148471615720526
42,546,3.0634146341463415
42,660,3.7777777777777777
42,215,3.674698795180723
42,785,3.206896551724138
42,132,4.043010752688172
42,491,3.730769230769231
42,229,3.0597014925373136
42,276,3.7148936170212767
42,433,3.7071428571428573
42,826,2.557377049180328
42,924,3.388059701492537
42,54,3.253012048192771
42,44,3.3174603174603177
42,172,4.180555555555555
42,756,2.857142857142857
42,925,3.25
42,274,3.4482758620689653
42,265,3.840909090909091
42,71,3.847058823529412
43,785,3.206896551724138
43,172,4.180555555555555
43,781,3.3333333333333335
43,539,2.433333333333333
43,313,4.269961977186312
43,25,3.4148471615720526
43,97,3.8097560975609754
43,284,3.1824324324324325
43,371,3.04
43,751,3.4630872483221475
43,926,2.697674418604651
43,174,4.247787610619469
43,951,2.857142857142857
43,196,3.9170731707317072
43,118,3.2266666666666666
43,550,3.25
43,117,3.633986928104575
43,724,3.4464285714285716
43,596,3.326530612244898
43,5,3.318840579710145
43,686,3.789473684210526
43,175,3.8523489932885906
43,161,3.5388888888888888
43,732,3.6595744680851063
43,15,3.8026315789473686
43,257,3.758771929824561
43,231,2.6576576576576576
43,238,3.8309178743961354
43,144,3.8757062146892656
43,283,3.75
43,294,3.112947658402204
43,278,3.125
43,208,3.9554140127388533
43,28,3.935185185185185
43,625,3.3
43,289,2.9651741293532337
43,498,4.24031007751938
43,408,4.482352941176471
43,705,4.048543689320389
43,660,3.7777777777777777
43,258,3.7814070351758793
43,151,3.612403100775194
43,225,2.9431818181818183
43,14,4.0510948905109485
43,411,2.962121212121212
44,530,4.064516129032258
44,163,3.5211267605633805
44,176,3.9624413145539905
44,678,2.8373493975903616
44,201,3.52
44,423,3.782258064516129
44,447,3.4081632653061225
44,588,3.75
44,434,3.8703703703703702
44,143,3.758426966292135
44,318,4.437768240343348
44,133,3.870503597122302
44,542,2.4473684210526314
44,90,3.1025641025641026
44,148,3.2395833333333335
44,229,3.0597014925373136
44,50,4.347438752783964
44,432,3.6546762589928057
44,1058,3.5
44,195,3.9402390438247012
44,7,3.801302931596091
44,109,3.480769230769231
44,24,3.4135338345864663
44,419,3.627586206896552
44,194,4.0473684210526315
44,183,4.004464285714286
44,209,3.8343949044585988
44,307,3.524137931034483
44,660,3.7777777777777777
44,190,4.175257731958763
44,227,3.184
45,411,2.962121212121212
45,15,3.8026315789473686
45,826,2.557377049180328
45,13,3.361842105263158
45,952,3.2285714285714286
45,1061,3.0
45,845,3.4779411764705883
45,823,2.8472222222222223
45,762,3.391304347826087
45,926,2.697674418604651
46,909,3.6
46,288,3.455764075067024
46,748,3.0784313725490198
46,7,3.801302931596091
46,294,3.112947658402204
46,262,3.74
47,258,3.7814070351758793
47,268,3.81025641025641
47,292,3.6179775280898876
47,322,3.0994475138121547
47,340,3.5517241379310347
48,195,3.9402390438247012
48,1064,4.0
48,193,3.9411764705882355
48,522,3.7666666666666666
48,215,3.674698795180723
48,228,3.8
48,132,4.043010752688172
48,191,4.153153153153153
48,496,4.087431693989071
48,183,4.004464285714286
48,519,4.08955223880597
48,289,2.9651741293532337
48,680,2.1923076923076925
48,98,4.283018867924528
49,372,3.576923076923077
49,588,3.75
49,8,4.011363636363637
49,202,3.782051282051282
49,101,3.25
49,174,4.247787610619469
49,928,3.225
49,71,3.847058823529412
49,581,3.2448979591836733
49,129,3.88659793814433
49,1079,2.303030303030303
49,172,4.180555555555555
49,182,3.923076923076923
49,465,3.701492537313433
49,301,3.2604166666666665
49,3,3.095890410958904
49,148,3.2395833333333335
49,1073,3.7547169811320753
49,289,2.9651741293532337
49,143,3.758426966292135
49,1003,2.2857142857142856
49,55,3.7398373983739837
49,50,4.347438752783964
49,299,3.0
49,1082,2.5
49,173,4.15625
49,175,3.8523489932885906
49,717,2.859154929577465
49,328,3.3958333333333335
49,179,3.956043956043956
49,256,3.5714285714285716
49,325,2.4081632653061225
49,17,3.1323529411764706
49,369,2.477272727272727
49,270,3.6019417475728157
49,262,3.74
49,4,3.5
49,347,3.49
49,404,3.72972972972973
49,151,3.612403100775194
49,692,3.672
49,758,1.7647058823529411
49,70,3.6381909547738696
50,1008,3.3225806451612905
50,324,3.0721649484536084
50,319,3.2301587301587302
50,286,3.661498708010336
50,823,2.8472222222222223
51,203,3.830188679245283
51,64,4.44
51,83,4.0647482014388485
51,705,4.048543689320389
51,132,4.043010752688172
52,280,3.242424242424242
52,7,3.801302931596091
52,333,3.59
52,1085,2.7777777777777777
52,25,3.4148471615720526
52,151,3.612403100775194
52,473,3.118811881188119
52,100,4.174242424242424
52,405,3.286764705882353
52,471,3.66120218579235
52,1011,3.26027397260274
52,257,3.758771929824561
53,96,4.018099547511312
53,100,4.174242424242424
53,924,3.388059701492537
53,174,4.247787610619469
53,546,3.0634146341463415
53,151,3.612403100775194
54,595,3.1176470588235294
54,127,4.312693498452012
54,257,3.758771929824561
54,118,3.2266666666666666
54,298,3.7642857142857142
54,255,3.3175675675675675
54,685,3.375
54,597,3.1412429378531073
54,273,3.596774193548387
54,829,2.64
54,325,2.4081632653061225
54,1088,2.1818181818181817
54,7,3.801302931596091
55,174,4.247787610619469
55,79,4.056390977443609
55,22,4.162393162393163
55,257,3.758771929824561
55,685,3.375
56,168,4.081967213114754
56,443,3.801526717557252
56,421,3.6
56,64,4.44
56,473,3.118811881188119
56,395,2.6097560975609757
56,483,4.5
56,233,3.349514563106796
56,121,3.4656716417910447
56,376,2.85
56,432,3.6546762589928057
56,189,4.078431372549019
56,230,3.460122699386503
56,715,3.111111111111111
56,117,3.633986928104575
56,200,3.7470588235294118
56,154,3.832167832167832
56,94,3.0275229357798166
56,426,2.782608695652174
56,298,3.7642857142857142
56,294,3.112947658402204
56,186,3.86
56,90,3.1025641025641026
56,368,1.8636363636363635
56,930,2.6
56,523,4.0
56,383,2.08
56,386,2.8028169014084505
56,158,2.673469387755102
56,423,3.782258064516129
56,447,3.4081632653061225
56,42,3.7796610169491527
56,44,3.3174603174603177
56,1092,2.3333333333333335
56,118,3.2266666666666666
56,778,3.5223880597014925
56,176,3.9624413145539905
56,53,2.951923076923077
57,56,4.019047619047619
57,126,3.7948717948717947
57,864,3.1449275362318843
57,1016,3.4434782608695653
57,79,4.056390977443609
57,243,2.3823529411764706
57,825,3.1194029850746268
57,7,3.801302931596091
57,475,3.910994764397906
57,760,2.710526315789474
57,678,2.8373493975903616
57,304,3.53781512605042
57,930,2.6
57,1073,3.7547169811320753
57,410,3.076923076923077
57,109,3.480769230769231
57,1093,3.235294117647059
57,284,3.1824324324324325
57,1071,2.75
57,298,3.7642857142857142
57,456,2.210526315789474
57,844,3.3636363636363638
58,144,3.8757062146892656
58,655,3.8722222222222222
58,272,4.261437908496732
58,171,3.8703703703703702
58,172,4.180555555555555
58,173,4.15625
58,405,3.286764705882353
58,9,3.8821138211382116
58,1019,3.923076923076923
58,268,3.81025641025641
58,248,3.611940298507463
58,310,3.559322033898305
58,1098,3.7586206896551726
58,56,4.019047619047619
58,1106,2.6666666666666665
58,228,3.8
58,257,3.758771929824561
58,193,3.9411764705882355
58,546,3.0634146341463415
58,238,3.8309178743961354
58,134,4.269938650306749
58,176,3.9624413145539905
58,216,3.9656652360515023
58,50,4.347438752783964
58,100,4.174242424242424
58,284,3.1824324324324325
58,1097,3.3125
58,69,3.8832684824902723
58,511,4.157894736842105
58,182,3.923076923076923
58,497,3.8035714285714284
59,488,4.196078431372549
59,550,3.25
59,229,3.0597014925373136
59,1065,3.372093023255814
59,98,4.283018867924528
59,430,3.9305555555555554
59,99,3.7372262773722627
59,1,3.900804289544236
59,433,3.7071428571428573
59,13,3.361842105263158
59,403,3.4394904458598727
59,739,3.3410852713178296
59,504,3.787878787878788
59,496,4.087431693989071
59,649,3.3947368421052633
59,458,3.2
59,559,3.1826086956521737
59,1110,2.8461538461538463
59,410,3.076923076923077
59,198,3.989795918367347
59,385,3.5773809523809526
59,521,3.776595744680851
59,393,3.4324324324324325
59,588,3.75
59,125,3.5255102040816326
59,201,3.52
59,1113,3.238095238095238
59,789,3.6216216216216215
59,228,3.8
59,1093,3.235294117647059
59,663,3.903225806451613
59,612,4.0
59,243,2.3823529411764706
59,679,2.9220779220779223
59,507,3.8333333333333335
59,121,3.4656716417910447
59,662,3.5238095238095237
59,191,4.153153153153153
59,126,3.7948717948717947
59,200,3.7470588235294118
59,1009,3.4468085106382977
59,135,3.9665071770334928
59,288,3.455764075067024
59,673,3.5211267605633805
59,729,3.403225806451613
59,111,3.506787330316742
59,823,2.8472222222222223
59,705,4.048543689320389
59,427,4.287425149700598
59,381,3.5641025641025643
59,523,4.0
59,194,4.0473684210526315
59,54,3.253012048192771
59,180,4.0
59,508,3.585526315789474
59,429,4.012987012987013
59,387,3.314814814814815
59,503,3.48
59,659,4.087912087912088
59,1114,3.0
59,382,3.5555555555555554
59,425,3.7941176470588234
59,448,3.449275362318841
59,290,3.1875
59,238,3.8309178743961354
59,515,4.25
59,416,3.404255319148936
59,273,3.596774193548387
59,1117,2.9166666666666665
59,931,2.0697674418604652
59,436,3.576923076923077
59,50,4.347438752783964
59,169,4.462365591397849
59,1074,2.935483870967742
59,633,4.127272727272727
59,670,3.04
59,608,3.925925925925926
60,659,4.087912087912088
60,357,4.330188679245283
60,227,3.184
60,89,4.173913043478261
60,617,3.8
60,592,3.5
60,28,3.935185185185185
60,163,3.5211267605633805
60,1126,3.3684210526315788
60,1060,2.9393939393939394
60,519,4.08955223880597
60,216,3.9656652360515023
60,430,3.9305555555555554
60,517,3.6666666666666665
60,427,4.287425149700598
60,528,4.159574468085107
60,501,3.5670103092783507
60,729,3.403225806451613
60,411,2.962121212121212
60,186,3.86
60,152,3.5806451612903225
60,61,3.8666666666666667
60,601,4.166666666666667
60,168,4.081967213114754
60,755,3.2987012987012987
60,443,3.801526717557252
60,204,3.8333333333333335
60,671,3.5526315789473686
60,525,3.9508196721311477
60,132,4.043010752688172
60,211,3.9289940828402368
60,141,3.491228070175439
60,71,3.847058823529412
60,378,3.658536585365854
60,225,2.9431818181818183
60,9,3.8821138211382116
60,95,3.8275862068965516
60,498,4.24031007751938
60,606,4.017241379310345
60,799,3.0
60,200,3.7470588235294118
60,593,3.0
61,310,3.559322033898305
61,323,2.918918918918919
61,333,3.59
61,294,3.112947658402204
61,327,3.466666666666667
62,455,3.242424242424242
62,171,3.8703703703703702
62,22,4.162393162393163
62,62,3.0816326530612246
62,652,3.9027777777777777
62,44,3.3174603174603177
62,651,4.074324324324325
62,76,3.5365853658536586
62,676,3.3484848484848486
62,237,3.707395498392283
62,71,3.847058823529412
62,405,3.286764705882353
62,380,3.297872340425532
62,365,3.275
62,712,3.0
62,245,3.1036269430051813
62,508,3.585526315789474
62,401,2.796875
62,167,2.981132075471698
62,168,4.081967213114754
62,83,4.0647482014388485
62,921,4.0
62,1136,3.4347826086956523
62,298,3.7642857142857142
62,302,4.165938864628821
62,69,3.8832684824902723
62,1091,2.8
62,673,3.5211267605633805
62,250,3.4551282051282053
62,56,4.019047619047619
62,472,2.9844961240310077
62,81,3.5421686746987953
62,514,3.880281690140845
62,100,4.174242424242424
62,89,4.173913043478261
62,702,3.0
62,164,3.563025210084034
62,28,3.935185185185185
62,1133,3.090909090909091
62,13,3.361842105263158
62,276,3.7148936170212767
62,96,4.018099547511312
62,1135,3.0
62,173,4.15625
62,7,3.801302931596091
62,660,3.7777777777777777
62,382,3.5555555555555554
63,408,4.482352941176471
63,268,3.81025641025641
63,591,3.6
63,242,4.065217391304348
63,1010,3.2777777777777777
63,15,3.8026315789473686
63,1012,3.55
63,508,3.585526315789474
63,813,3.9574468085106385
63,284,3.1824324324324325
63,1007,4.0588235294117645
63,412,2.410958904109589
63,323,2.918918918918919
63,79,4.056390977443609
63,546,3.0634146341463415
63,10,3.9295774647887325
63,676,3.3484848484848486
63,979,3.1923076923076925
63,137,3.8840579710144927
64,31,3.6495726495726495
64,347,3.49
64,310,3.559322033898305
64,431,3.5041322314049586
64,176,3.9624413145539905
64,58,3.6808510638297873
64,509,3.923076923076923
64,96,4.018099547511312
64,183,4.004464285714286
64,203,3.830188679245283
64,269,3.9486166007905137
64,72,3.203883495145631
64,1140,2.357142857142857
64,475,3.910994764397906
64,222,3.6254180602006687
64,447,3.4081632653061225
64,265,3.840909090909091
64,168,4.081967213114754
64,520,4.1020408163265305
64,693,3.6202531645569622
64,531,3.9405940594059405
64,91,3.5789473684210527
64,32,3.953846153846154
64,503,3.48
64,100,4.174242424242424
64,423,3.782258064516129
64,313,4.269961977186312
64,154,3.832167832167832
64,7,3.801302931596091
64,215,3.674698795180723
64,197,4.077319587628866
64,17,3.1323529411764706
64,227,3.184
64,186,3.86
64,684,3.8
64,381,3.5641025641025643
64,515,4.25
64,340,3.5517241379310347
64,209,3.8343949044585988
64,127,4.312693498452012
65,356,3.382716049382716
65,173,4.15625
65,258,3.7814070351758793
65,25,3.4148471615720526
65,88,3.6011904761904763
65,7,3.801302931596091
65,111,3.506787330316742
65,531,3.9405940594059405
65,194,4.0473684210526315
65,294,3.112947658402204
65,655,3.8722222222222222
65,435,3.9171597633136095
65,239,3.5294117647058822
65,9,3.8821138211382116
65,100,4.174242424242424
65,526,3.8876404494382024
66,298,3.7642857142857142
66,288,3.455764075067024
66,249,3.303030303030303
66,877,2.6944444444444446
66,597,3.1412429378531073
66,475,3.910994764397906
66,50,4.347438752783964
66,257,3.758771929824561
67,123,3.2065217391304346
67,117,3.633986928104575
67,121,3.4656716417910447
67,240,2.7401574803149606
67,1095,2.4583333333333335
67,743,1.8666666666666667
68,125,3.5255102040816326
68,111,3.506787330316742
68,25,3.4148471615720526
68,458,3.2
68,121,3.4656716417910447
68,713,3.509433962264151
68,181,4.027093596059113
69,79,4.056390977443609
69,307,3.524137931034483
69,508,3.585526315789474
69,1142,4.166666666666667
69,886,3.024390243902439
69,475,3.910994764397906
69,50,4.347438752783964
69,689,3.1044776119402986
69,237,3.707395498392283
69,294,3.112947658402204
69,334,3.340909090909091
69,273,3.596774193548387
69,1143,4.083333333333333
70,423,3.782258064516129
70,183,4.004464285714286
70,185,4.101063829787234
70,150,3.8125
70,229,3.0597014925373136
70,109,3.480769230769231
70,403,3.4394904458598727
70,50,4.347438752783964
70,99,3.7372262773722627
70,1133,3.090909090909091
70,89,4.173913043478261
70,193,3.9411764705882355
70,762,3.391304347826087
70,408,4.482352941176471
70,172,4.180555555555555
70,128,3.6041666666666665
70,313,4.269961977186312
70,15,3.8026315789473686
70,383,2.08
70,189,4.078431372549019
70,542,2.4473684210526314
70,751,3.4630872483221475
70,538,3.36
70,527,4.0064935064935066
70,161,3.5388888888888888
70,257,3.758771929824561
70,398,2.1666666666666665
71,98,4.283018867924528
71,134,4.269938650306749
71,64,4.44
71,276,3.7148936170212767
71,475,3.910994764397906
71,177,3.926605504587156
71,6,3.473684210526316
71,346,3.622448979591837
72,56,4.019047619047619
72,435,3.9171597633136095
72,550,3.25
72,196,3.9170731707317072
72,792,3.734375
72,553,3.2222222222222223
72,45,4.151515151515151
72,64,4.44
72,124,4.092105263157895
72,566,3.633587786259542
72,972,3.0434782608695654
72,229,3.0597014925373136
72,526,3.8876404494382024
72,520,4.1020408163265305
72,215,3.674698795180723
72,197,4.077319587628866
72,228,3.8
72,504,3.787878787878788
72,525,3.9508196721311477
72,198,3.989795918367347
72,493,4.288888888888889
72,147,3.4503311258278146
72,118,3.2266666666666666
72,127,4.312693498452012
72,844,3.3636363636363638
72,866,3.303030303030303
72,1110,2.8461538461538463
72,241,3.5
73,129,3.88659793814433
73,268,3.81025641025641
73,197,4.077319587628866
73,135,3.9665071770334928
73,748,3.0784313725490198
73,96,4.018099547511312
73,269,3.9486166007905137
73,357,4.330188679245283
73,474,4.2405063291139244
73,923,4.2
73,433,3.7071428571428573
73,196,3.9170731707317072
73,173,4.15625
73,514,3.880281690140845
74,9,3.8821138211382116
74,100,4.174242424242424
74,313,4.269961977186312
74,315,4.104477611940299
74,354,3.456140350877193
74,328,3.3958333333333335
74,302,4.165938864628821
74,351,2.6666666666666665
75,508,3.585526315789474
75,410,3.076923076923077
75,824,2.72972972972973
75,1151,2.25
75,1028,3.0545454545454547
75,271,3.2569832402234637
75,284,3.1824324324324325
75,240,2.7401574803149606
75,114,4.396551724137931
75,833,3.2432432432432434
75,1017,3.263157894736842
75,291,3.392156862745098
75,294,3.112947658402204
75,496,4.087431693989071
75,742,3.677570093457944
75,108,3.036363636363636
76,64,4.44
76,343,3.0485436893203883
76,1158,4.0
76,1071,2.75
76,129,3.88659793814433
76,77,3.2459016393442623
76,100,4.174242424242424
76,1157,2.9523809523809526
76,547,3.257142857142857
76,421,3.6
76,192,4.080459770114943
76,1129,3.5454545454545454
76,851,3.0
76,811,3.923076923076923
76,514,3.880281690140845
76,286,3.661498708010336
76,1154,3.25
77,511,4.157894736842105
77,156,3.865546218487395
77,527,4.0064935064935066
77,210,3.9578544061302683
77,265,3.840909090909091
77,121,3.4656716417910447
77,69,3.8832684824902723
77,172,4.180555555555555
77,100,4.174242424242424
77,228,3.8
77,238,3.8309178743961354
77,431,3.5041322314049586
77,195,3.9402390438247012
77,252,3.032520325203252
77,519,4.08955223880597
78,476,3.0551181102362204
78,1160,3.7142857142857144
78,323,2.918918918918919
78,813,3.9574468085106385
78,294,3.112947658402204
79,93,3.835294117647059
79,900,3.911764705882353
79,313,4.269961977186312
79,236,3.4857142857142858
79,319,3.2301587301587302
79,285,4.2204724409448815
79,262,3.74
79,258,3.7814070351758793
79,7,3.801302931596091
79,222,3.6254180602006687
79,1008,3.3225806451612905
80,100,4.174242424242424
80,45,4.151515151515151
80,194,4.0473684210526315
80,64,4.44
80,50,4.347438752783964
80,699,3.6875
81,1028,3.0545454545454547
81,25,3.4148471615720526
81,619,3.0980392156862746
81,116,3.78
81,1047,2.892857142857143
81,726,2.5454545454545454
81,118,3.2266666666666666
81,456,2.210526315789474
81,280,3.242424242424242
81,121,3.4656716417910447
81,100,4.174242424242424
81,926,2.697674418604651
82,100,4.174242424242424
82,121,3.4656716417910447
82,222,3.6254180602006687
82,71,3.847058823529412
82,412,2.410958904109589
82,208,3.9554140127388533
82,705,4.048543689320389
82,409,3.1666666666666665
82,1134,3.34375
82,1078,2.8333333333333335
82,357,4.330188679245283
82,275,3.9904306220095696
82,73,3.4909090909090907
82,238,3.8309178743961354
82,109,3.480769230769231
82,455,3.242424242424242
82,740,3.595744680851064
82,458,3.2
82,756,2.857142857142857
82,477,3.1578947368421053
82,174,4.247787610619469
82,866,3.303030303030303
82,826,2.557377049180328
82,202,3.782051282051282
82,1164,2.5
82,539,2.433333333333333
82,476,3.0551181102362204
82,15,3.8026315789473686
82,495,3.6153846153846154
82,529,3.948717948717949
82,230,3.460122699386503
82,118,3.2266666666666666
82,127,4.312693498452012
82,199,4.180327868852459
83,862,1.9166666666666667
83,385,3.5773809523809526
83,25,3.4148471615720526
83,186,3.86
83,864,3.1449275362318843
83,832,2.6315789473684212
83,663,3.903225806451613
83,161,3.5388888888888888
83,720,2.9833333333333334
83,15,3.8026315789473686
83,243,2.3823529411764706
83,265,3.840909090909091
83,756,2.857142857142857
83,722,2.9148936170212765
83,249,3.303030303030303
83,294,3.112947658402204
83,50,4.347438752783964
83,580,3.3461538461538463
83,77,3.2459016393442623
83,338,2.5072463768115942
83,63,2.9682539682539684
83,117,3.633986928104575
83,476,3.0551181102362204
83,125,3.5255102040816326
83,409,3.1666666666666665
83,234,3.751152073732719
83,932,2.966666666666667
83,322,3.0994475138121547
83,739,3.3410852713178296
83,356,3.382716049382716
83,210,3.9578544061302683
84,628,3.4964028776978417
84,151,3.612403100775194
84,282,3.6758241758241756
84,744,3.418918918918919
84,322,3.0994475138121547
84,294,3.112947658402204
84,79,4.056390977443609
84,225,2.9431818181818183
84,194,4.0473684210526315
84,289,2.9651741293532337
84,276,3.7148936170212767
84,815,3.21978021978022
84,286,3.661498708010336
84,25,3.4148471615720526
85,1149,3.8947368421052633
85,87,3.847457627118644
85,357,4.330188679245283
85,154,3.832167832167832
85,482,3.970873786407767
85,715,3.111111111111111
85,921,4.0
85,417,3.087719298245614
85,275,3.9904306220095696
85,420,3.739130434782609
85,496,4.087431693989071
85,1101,3.711864406779661
85,136,4.193181818181818
85,283,3.75
85,1021,3.8333333333333335
85,510,4.041237113402062
85,231,2.6576576576576576
85,414,3.382978723404255
85,515,4.25
85,8,4.011363636363637
85,427,4.287425149700598
85,596,3.326530612244898
85,152,3.5806451612903225
85,514,3.880281690140845
85,132,4.043010752688172
85,566,3.633587786259542
85,197,4.077319587628866
85,393,3.4324324324324325
85,498,4.24031007751938
85,1103,3.9285714285714284
85,241,3.5
85,507,3.8333333333333335
85,664,3.4358974358974357
85,582,3.648854961832061
85,845,3.4779411764705883
85,127,4.312693498452012
85,174,4.247787610619469
85,659,4.087912087912088
85,30,4.125
85,654,4.061946902654867
85,268,3.81025641025641
85,517,3.6666666666666665
85,405,3.286764705882353
85,1137,3.782608695652174
85,222,3.6254180602006687
85,282,3.6758241758241756
85,447,3.4081632653061225
85,195,3.9402390438247012
85,1136,3.4347826086956523
85,135,3.9665071770334928
85,1167,3.6666666666666665
85,710,3.5714285714285716
85,208,3.9554140127388533
85,82,3.7156398104265405
85,516,4.02
85,51,3.3448275862068964
85,196,3.9170731707317072
85,162,3.6
86,683,2.4047619047619047
86,338,2.5072463768115942
86,326,3.335664335664336
86,288,3.455764075067024
86,881,2.909090909090909
87,405,3.286764705882353
87,1189,5.0
87,514,3.880281690140845
87,685,3.375
87,231,2.6576576576576576
87,50,4.347438752783964
87,535,3.159090909090909
87,802,2.566666666666667
87,194,4.0473684210526315
87,410,3.076923076923077
87,1041,3.142857142857143
87,49,3.3230769230769233
87,239,3.5294117647058822
87,186,3.86
87,161,3.5388888888888888
87,692,3.672
87,871,2.2982456140350878
87,68,3.3893805309734515
87,235,2.7873563218390807
87,801,2.769230769230769
87,775,2.85
87,323,2.918918918918919
87,427,4.287425149700598
87,1180,2.8333333333333335
87,201,3.52
87,2,3.18
87,97,3.8097560975609754
87,1072,2.3333333333333335
87,705,4.048543689320389
87,62,3.0816326530612246
87,87,3.847457627118644
87,1177,2.0
87,372,3.576923076923077
87,472,2.9844961240310077
87,4,3.5
87,48,4.0625
87,274,3.4482758620689653
87,576,3.0136986301369864
87,174,4.247787610619469
87,679,2.9220779220779223
87,128,3.6041666666666665
87,403,3.4394904458598727
87,423,3.782258064516129
88,326,3.335664335664336
88,881,2.909090909090909
88,321,3.0942028985507246
88,904,3.3529411764705883
88,302,4.165938864628821
89,845,3.4779411764705883
89,517,3.6666666666666665
89,236,3.4857142857142858
89,121,3.4656716417910447
89,475,3.910994764397906
89,66,3.5671641791044775
89,875,2.761904761904762
89,257,3.758771929824561
89,181,4.027093596059113
89,111,3.506787330316742
89,952,3.2285714285714286
89,402,3.404109589041096
89,25,3.4148471615720526
89,107,3.4571428571428573
89,269,3.9486166007905137
89,1,3.900804289544236
90,42,3.7796610169491527
90,632,3.8222222222222224
90,199,4.180327868852459
90,268,3.81025641025641
90,906,3.210526315789474
90,213,3.9541284403669725
90,313,4.269961977186312
90,990,2.962962962962963
90,221,3.71875
90,357,4.330188679245283
90,300,3.6176470588235294
90,660,3.7777777777777777
90,150,3.8125
90,272,4.261437908496732
90,486,3.9130434782608696
90,721,3.425531914893617
90,648,3.9166666666666665
90,340,3.5517241379310347
90,1109,3.238095238095238
90,713,3.509433962264151
90,1200,3.0
90,65,3.5164835164835164
90,875,2.761904761904762
90,475,3.910994764397906
90,30,4.125
90,175,3.8523489932885906
90,208,3.9554140127388533
90,141,3.491228070175439
90,191,4.153153153153153
90,17,3.1323529411764706
90,1203,3.8666666666666667
90,523,4.0
90,258,3.7814070351758793
90,515,4.25
90,202,3.782051282051282
90,489,4.051282051282051
90,79,4.056390977443609
90,127,4.312693498452012
90,1125,4.333333333333333
90,100,4.174242424242424
90,1197,3.65625
90,454,2.9166666666666665
90,707,3.814814814814815
90,512,3.978723404255319
90,385,3.5773809523809526
90,1199,2.588235294117647
90,617,3.8
90,494,3.975
90,568,3.64021164021164
90,750,3.8333333333333335
90,287,3.5357142857142856
90,514,3.880281690140845
90,70,3.6381909547738696
90,382,3.5555555555555554
90,11,3.8743718592964824
90,216,3.9656652360515023
90,64,4.44
90,821,3.142857142857143
90,402,3.404109589041096
90,209,3.8343949044585988
91,56,4.019047619047619
91,326,3.335664335664336
91,294,3.112947658402204
91,614,3.697674418604651
91,479,4.222222222222222
91,338,2.5072463768115942
91,182,3.923076923076923
91,98,4.283018867924528
91,192,4.080459770114943
91,526,3.8876404494382024
91,748,3.0784313725490198
91,127,4.312693498452012
91,172,4.180555555555555
91,22,4.162393162393163
91,351,2.6666666666666665
91,97,3.8097560975609754
91,211,3.9289940828402368
91,504,3.787878787878788
91,735,3.908256880733945
91,265,3.840909090909091
92,233,3.349514563106796
92,692,3.672
92,582,3.648854961832061
92,763,3.4488188976377954
92,386,2.8028169014084505
92,87,3.847457627118644
92,7,3.801302931596091
92,1049,2.5714285714285716
92,295,3.4166666666666665
92,51,3.3448275862068964
92,504,3.787878787878788
92,707,3.814814814814815
92,431,3.5041322314049586
92,731,3.15625
92,172,4.180555555555555
92,1211,3.4545454545454546
92,289,2.9651741293532337
92,147,3.4503311258278146
92,640,3.0161290322580645
92,660,3.7777777777777777
92,47,3.584070796460177
92,48,4.0625
92,980,3.1052631578947367
92,737,3.0
92,756,2.857142857142857
92,246,3.943396226415094
92,134,4.269938650306749
92,54,3.253012048192771
92,845,3.4779411764705883
92,313,4.269961977186312
92,168,4.081967213114754
92,1033,2.6
92,986,2.5789473684210527
92,587,3.5555555555555554
92,655,3.8722222222222222
92,559,3.1826086956521737
92,72,3.203883495145631
92,214,3.3636363636363638
92,449,3.0652173913043477
92,527,4.0064935064935066
92,747,3.513157894736842
92,9,3.8821138211382116
92,715,3.111111111111111
92,288,3.455764075067024
92,841,2.710526315789474
92,1208,2.75
92,29,2.627906976744186
92,528,4.159574468085107
92,208,3.9554140127388533
92,1042,3.227272727272727
92,291,3.392156862745098
92,186,3.86
92,118,3.2266666666666666
92,725,2.6666666666666665
92,925,3.25
92,2,3.18
92,1040,2.7058823529411766
92,412,2.410958904109589
92,583,2.9375
92,421,3.6
92,922,3.7857142857142856
92,94,3.0275229357798166
92,1052,2.526315789473684
92,977,2.789473684210526
92,855,3.68
92,65,3.5164835164835164
92,132,4.043010752688172
92,1212,2.8
92,4,3.5
92,846,3.025
92,193,3.9411764705882355
92,281,3.111111111111111
92,111,3.506787330316742
92,432,3.6546762589928057
92,148,3.2395833333333335
92,210,3.9578544061302683
92,455,3.242424242424242
92,558,3.6964285714285716
93,477,3.1578947368421053
93,820,2.717948717948718
93,235,2.7873563218390807
93,121,3.4656716417910447
94,203,3.830188679245283
94,585,2.625
94,1045,3.1052631578947367
94,484,4.151785714285714
94,786,2.75
94,357,4.330188679245283
94,257,3.758771929824561
94,201,3.52
94,651,4.074324324324325
94,187,4.208588957055214
94,260,2.6021505376344085
94,464,3.4761904761904763
94,447,3.4081632653061225
94,338,2.5072463768115942
94,161,3.5388888888888888
94,368,1.8636363636363635
94,1065,3.372093023255814
94,684,3.8
94,410,3.076923076923077
94,469,3.7735849056603774
94,808,2.923076923076923
94,70,3.6381909547738696
94,245,3.1036269430051813
94,622,3.3125
94,1118,3.230769230769231
94,1188,2.657142857142857
94,506,3.791044776119403
94,716,3.272727272727273
94,390,3.1666666666666665
94,188,3.6783216783216783
94,589,4.0
94,823,2.8472222222222223
94,248,3.611940298507463
94,720,2.9833333333333334
94,518,3.7260273972602738
94,546,3.0634146341463415
94,193,3.9411764705882355
94,173,4.15625
94,81,3.5421686746987953
94,576,3.0136986301369864
94,1032,3.1
94,151,3.612403100775194
94,144,3.8757062146892656
94,176,3.9624413145539905
94,318,4.437768240343348
94,186,3.86
94,401,2.796875
94,692,3.672
94,737,3.0
94,951,2.857142857142857
94,142,3.0
94,727,3.375
94,1223,3.3333333333333335
94,474,4.2405063291139244
94,355,3.0
94,399,3.3043478260869565
94,29,2.627906976744186
94,7,3.801302931596091
94,1140,2.357142857142857
94,583,2.9375
94,647,4.05
94,168,4.081967213114754
94,54,3.253012048192771
94,1217,3.0
94,385,3.5773809523809526
94,121,3.4656716417910447
94,783,2.925925925925926
94,496,4.087431693989071
94,942,3.4054054054054053
94,800,2.789473684210526
94,556,2.4545454545454546
94,1210,2.757575757575758
94,715,3.111111111111111
94,226,3.352
94,233,3.349514563106796
94,650,3.4545454545454546
94,111,3.506787330316742
94,932,2.966666666666667
94,636,3.283582089552239
94,372,3.576923076923077
95,523,4.0
95,636,3.283582089552239
95,328,3.3958333333333335
95,356,3.382716049382716
95,527,4.0064935064935066
95,210,3.9578544061302683
95,196,3.9170731707317072
95,127,4.312693498452012
95,495,3.6153846153846154
95,560,2.8
95,77,3.2459016393442623
95,237,3.707395498392283
95,142,3.0
95,33,3.45679012345679
95,1221,3.59375
95,405,3.286764705882353
95,265,3.840909090909091
95,449,3.0652173913043477
95,1126,3.3684210526315788
95,140,3.235294117647059
95,386,2.8028169014084505
95,1229,2.1818181818181817
95,416,3.404255319148936
95,674,2.810810810810811
95,498,4.24031007751938
95,960,3.1904761904761907
95,282,3.6758241758241756
95,843,2.9166666666666665
95,132,4.043010752688172
95,622,3.3125
95,588,3.75
95,141,3.491228070175439
95,862,1.9166666666666667
95,72,3.203883495145631
95,117,3.633986928104575
95,179,3.956043956043956
95,2,3.18
95,203,3.830188679245283
95,699,3.6875
95,139,2.761904761904762
95,705,4.048543689320389
95,62,3.0816326530612246
95,63,2.9682539682539684
95,144,3.8757062146892656
95,234,3.751152073732719
95,451,3.389261744966443
95,393,3.4324324324324325
95,506,3.791044776119403
95,597,3.1412429378531073
95,190,4.175257731958763
95,878,2.5
95,357,4.330188679245283
95,532,3.388888888888889
95,720,2.9833333333333334
95,433,3.7071428571428573
95,153,3.77720207253886
96,194,4.0473684210526315
96,187,4.208588957055214
96,196,3.9170731707317072
96,234,3.751152073732719
96,144,3.8757062146892656
96,50,4.347438752783964
96,486,3.9130434782608696
96,484,4.151785714285714
96,318,4.437768240343348
96,96,4.018099547511312
96,89,4.173913043478261
96,519,4.08955223880597
97,466,3.6444444444444444
97,434,3.8703703703703702
97,153,3.77720207253886
97,423,3.782258064516129
97,135,3.9665071770334928
97,175,3.8523489932885906
97,655,3.8722222222222222
97,194,4.0473684210526315
97,428,3.8476190476190477
97,202,3.782051282051282
97,82,3.7156398104265405
97,174,4.247787610619469
97,96,4.018099547511312
98,163,3.5211267605633805
98,88,3.6011904761904763
98,168,4.081967213114754
98,211,3.9289940828402368
98,745,3.9285714285714284
98,517,3.6666666666666665
99,66,3.5671641791044775
99,111,3.506787330316742
99,121,3.4656716417910447
99,471,3.66120218579235
99,56,4.019047619047619
99,123,3.2065217391304346
99,694,4.142857142857143
99,926,2.697674418604651
99,409,3.1666666666666665
99,963,4.333333333333333
99,413,2.6
99,282,3.6758241758241756
99,1079,2.303030303030303
99,748,3.0784313725490198
99,895,3.0853658536585367
99,125,3.5255102040816326
99,107,3.4571428571428573
99,741,3.5217391304347827
99,92,3.617283950617284
99,871,2.2982456140350878
99,829,2.64
99,931,2.0697674418604652
99,544,3.16
99,210,3.9578544061302683
99,274,3.4482758620689653
99,815,3.21978021978022
99,329,3.3157894736842106
99,322,3.0994475138121547
100,905,3.3043478260869565
100,908,2.533333333333333
100,885,2.3636363636363638
100,313,4.269961977186312
100,292,3.6179775280898876
100,326,3.335664335664336
100,272,4.261437908496732
100,750,3.8333333333333335
100,294,3.112947658402204
100,881,2.909090909090909
100,1238,2.75
100,879,3.277227722772277
101,820,2.717948717948718
101,826,2.557377049180328
101,123,3.2065217391304346
101,252,3.032520325203252
101,237,3.707395498392283
101,24,3.4135338345864663
101,840,2.6363636363636362
101,304,3.53781512605042
101,125,3.5255102040816326
101,845,3.4779411764705883
101,151,3.612403100775194
101,928,3.225
101,257,3.758771929824561
101,471,3.66120218579235
102,760,2.710526315789474
102,248,3.611940298507463
102,797,3.1666666666666665
102,307,3.524137931034483
102,386,2.8028169014084505
102,393,3.4324324324324325
102,72,3.203883495145631
102,241,3.5
102,316,4.137931034482759
102,13,3.361842105263158
102,271,3.2569832402234637
102,229,3.0597014925373136
102,435,3.9171597633136095
102,588,3.75
102,228,3.8
102,294,3.112947658402204
102,1239,2.3076923076923075
102,79,4.056390977443609
102,652,3.9027777777777777
102,385,3.5773809523809526
102,546,3.0634146341463415
102,636,3.283582089552239
102,771,2.75
102,635,2.9411764705882355
102,144,3.8757062146892656
102,363,2.707317073170732
102,1240,3.526315789473684
102,153,3.77720207253886
102,302,4.165938864628821
102,577,2.2285714285714286
102,94,3.0275229357798166
102,29,2.627906976744186
102,734,2.6
102,164,3.563025210084034
102,245,3.1036269430051813
102,841,2.710526315789474
102,625,3.3
102,5,3.318840579710145
102,260,2.6021505376344085
102,596,3.326530612244898
102,101,3.25
102,99,3.7372262773722627
102,334,3.340909090909091
102,50,4.347438752783964
103,144,3.8757062146892656
103,250,3.4551282051282053
103,181,4.027093596059113
103,527,4.0064935064935066
103,252,3.032520325203252
103,69,3.8832684824902723
104,299,3.0
104,311,3.7333333333333334
104,354,3.456140350877193
104,25,3.4148471615720526
104,10,3.9295774647887325
104,342,2.880952380952381
104,300,3.6176470588235294
104,1011,3.26027397260274
104,412,2.410958904109589
104,302,4.165938864628821
104,1241,3.0
104,827,2.7560975609756095
104,222,3.6254180602006687
104,748,3.0784313725490198
104,111,3.506787330316742
104,330,3.242424242424242
104,294,3.112947658402204
104,276,3.7148936170212767
104,744,3.418918918918919
104,124,4.092105263157895
104,282,3.6758241758241756
104,847,3.840909090909091
104,825,3.1194029850746268
105,324,3.0721649484536084
105,333,3.59
105,268,3.81025641025641
105,748,3.0784313725490198
105,269,3.9486166007905137
106,712,3.0
106,495,3.6153846153846154
106,647,4.05
106,210,3.9578544061302683
106,14,4.0510948905109485
106,12,4.408256880733945
106,196,3.9170731707317072
106,526,3.8876404494382024
106,64,4.44
106,739,3.3410852713178296
106,191,4.153153153153153
106,274,3.4482758620689653
106,1,3.900804289544236
107,340,3.5517241379310347
107,302,4.165938864628821
107,264,2.768292682926829
107,259,2.6929133858267718
107,313,4.269961977186312
108,275,3.9904306220095696
108,181,4.027093596059113
108,740,3.595744680851064
108,471,3.66120218579235
108,121,3.4656716417910447
108,748,3.0784313725490198
108,319,3.2301587301587302
109,636,3.283582089552239
109,403,3.4394904458598727
109,550,3.25
109,229,3.0597014925373136
109,176,3.9624413145539905
109,940,2.2962962962962963
109,809,2.823529411764706
109,231,2.6576576576576576
109,665,2.775
109,158,2.673469387755102
109,452,2.5652173913043477
109,71,3.847058823529412
109,210,3.9578544061302683
109,239,3.5294117647058822
109,631,3.6288659793814433
109,834,2.1578947368421053
109,294,3.112947658402204
109,223,4.153153153153153
109,820,2.717948717948718
109,393,3.4324324324324325
109,431,3.5041322314049586
109,451,3.389261744966443
109,1060,2.9393939393939394
109,411,2.962121212121212
109,100,4.174242424242424
109,545,2.0
109,257,3.758771929824561
109,849,2.6842105263157894
109,1012,3.55
109,29,2.627906976744186
109,291,3.392156862745098
109,118,3.2266666666666666
109,385,3.5773809523809526
109,186,3.86
109,357,4.330188679245283
109,122,2.3493975903614457
109,28,3.935185185185185
109,410,3.076923076923077
109,79,4.056390977443609
109,22,4.162393162393163
109,54,3.253012048192771
109,871,2.2982456140350878
109,755,3.2987012987012987
109,69,3.8832684824902723
109,627,3.135593220338983
109,295,3.4166666666666665
109,98,4.283018867924528
110,22,4.162393162393163
110,272,4.261437908496732
110,64,4.44
110,184,3.4545454545454546
110,313,4.269961977186312
110,802,2.566666666666667
110,364,2.6206896551724137
110,550,3.25
110,658,3.388059701492537
110,748,3.0784313725490198
110,468,3.3125
110,88,3.6011904761904763
110,1188,2.657142857142857
110,1090,2.5517241379310347
110,245,3.1036269430051813
110,1055,3.375
110,401,2.796875
110,739,3.3410852713178296
110,55,3.7398373983739837
110,29,2.627906976744186
110,43,2.9411764705882355
110,722,2.9148936170212765
110,806,3.5277777777777777
110,79,4.056390977443609
110,423,3.782258064516129
110,939,3.5918367346938775
110,794,3.6666666666666665
111,258,3.7814070351758793
111,326,3.335664335664336
111,301,3.2604166666666665
111,887,3.56
111,305,3.716417910447761
112,245,3.1036269430051813
112,328,3.3958333333333335
112,258,3.7814070351758793
112,891,3.0
112,294,3.112947658402204
112,269,3.9486166007905137
112,272,4.261437908496732
112,879,3.277227722772277
112,327,3.466666666666667
112,346,3.622448979591837
113,319,3.2301587301587302
113,324,3.0721649484536084
113,424,1.3333333333333333
113,742,3.677570093457944
113,325,2.4081632653061225
113,328,3.3958333333333335
113,323,2.918918918918919
113,255,3.3175675675675675
113,1252,3.1666666666666665
113,127,4.312693498452012
113,50,4.347438752783964
114,485,3.9183673469387754
114,156,3.865546218487395
114,168,4.081967213114754
114,505,3.8846153846153846
114,175,3.8523489932885906
114,172,4.180555555555555
114,179,3.956043956043956
114,1104,2.3333333333333335
114,204,3.8333333333333335
114,615,4.023255813953488
115,1067,3.4324324324324325
115,69,3.8832684824902723
115,269,3.9486166007905137
115,847,3.840909090909091
115,100,4.174242424242424
115,4,3.5
115,628,3.4964028776978417
115,7,3.801302931596091
115,121,3.4656716417910447
115,357,4.330188679245283
115,77,3.2459016393442623
115,470,3.6704545454545454
115,511,4.157894736842105
115,696,3.09375
115,462,3.810344827586207
115,56,4.019047619047619
115,763,3.4488188976377954
115,443,3.801526717557252
115,23,4.13375796178344
116,1039,4.069444444444445
116,880,3.2941176470588234
116,690,3.4227642276422765
116,295,3.4166666666666665
116,56,4.019047619047619
116,7,3.801302931596091
116,661,4.097222222222222
116,289,2.9651741293532337
116,258,3.7814070351758793
116,325,2.4081632653061225
116,270,3.6019417475728157
116,1244,2.8666666666666667
116,185,4.101063829787234
116,640,3.0161290322580645
116,347,3.49
116,253,3.473684210526316
116,50,4.347438752783964
116,193,3.9411764705882355
116,350,3.193548387096774
116,262,3.74
116,872,3.310344827586207
116,257,3.758771929824561
116,895,3.0853658536585367
116,1214,1.8333333333333333
116,181,4.027093596059113
116,1257,2.0
116,332,3.4601769911504423
116,250,3.4551282051282053
116,344,3.5869565217391304
117,222,3.6254180602006687
117,121,3.4656716417910447
117,588,3.75
117,772,3.075
117,1012,3.55
117,195,3.9402390438247012
117,257,3.758771929824561
117,164,3.563025210084034
117,358,2.607142857142857
117,743,1.8666666666666667
117,742,3.677570093457944
117,268,3.81025641025641
117,475,3.910994764397906
117,109,3.480769230769231
117,928,3.225
117,173,4.15625
117,313,4.269961977186312
117,1059,2.8518518518518516
118,100,4.174242424242424
118,201,3.52
118,320,4.235294117647059
118,816,2.235294117647059
118,23,4.13375796178344
118,218,3.437037037037037
118,800,2.789473684210526
118,853,3.909090909090909
118,551,2.388888888888889
118,17,3.1323529411764706
118,174,4.247787610619469
118,175,3.8523489932885906
118,528,4.159574468085107
118,672,2.673076923076923
118,156,3.865546218487395
119,271,3.2569832402234637
119,407,2.5517241379310347
119,1262,4.333333333333333
119,86,3.928
119,595,3.1176470588235294
119,24,3.4135338345864663
119,193,3.9411764705882355
119,181,4.027093596059113
119,237,3.707395498392283
119,50,4.347438752783964
119,827,2.7560975609756095
119,526,3.8876404494382024
119,458,3.2
119,1202,3.8
119,930,2.6
119,300,3.6176470588235294
119,568,3.64021164021164
119,210,3.9578544061302683
119,717,2.859154929577465
119,1263,3.0
119,742,3.677570093457944
119,385,3.5773809523809526
119,537,3.625
119,916,3.076923076923077
119,64,4.44
119,550,3.25
119,354,3.456140350877193
119,117,3.633986928104575
119,1170,3.05
119,826,2.557377049180328
119,315,4.104477611940299
119,275,3.9904306220095696
119,323,2.918918918918919
119,259,2.6929133858267718
119,1137,3.782608695652174
119,174,4.247787610619469
119,455,3.242424242424242
120,237,3.707395498392283
120,25,3.4148471615720526
120,515,4.25
120,546,3.0634146341463415
120,508,3.585526315789474
120,15,3.8026315789473686
121,257,3.758771929824561
121,11,3.8743718592964824
121,294,3.112947658402204
121,472,2.9844961240310077
121,57,3.8666666666666667
121,291,3.392156862745098
121,237,3.707395498392283
121,122,2.3493975903614457
121,50,4.347438752783964
121,100,4.174242424242424
121,121,3.4656716417910447
121,276,3.7148936170212767
121,631,3.6288659793814433
121,595,3.1176470588235294
121,740,3.595744680851064
122,28,3.935185185185185
122,214,3.3636363636363638
122,86,3.928
122,190,4.175257731958763
122,11,3.8743718592964824
122,1044,3.1875
122,661,4.097222222222222
122,70,3.6381909547738696
122,509,3.923076923076923
122,269,3.9486166007905137
122,1045,3.1052631578947367
122,570,3.0697674418604652
122,673,3.5211267605633805
123,100,4.174242424242424
123,707,3.814814814814815
123,64,4.44
123,735,3.908256880733945
123,531,3.9405940594059405
123,514,3.880281690140845
123,435,3.9171597633136095
123,483,4.5
123,962,3.1578947368421053
123,165,4.155555555555556
123,511,4.157894736842105
124,496,4.087431693989071
124,474,4.2405063291139244
124,550,3.25
124,79,4.056390977443609
124,174,4.247787610619469
125,663,3.903225806451613
125,376,2.85
125,176,3.9624413145539905
125,751,3.4630872483221475
125,49,3.3230769230769233
125,222,3.6254180602006687
125,813,3.9574468085106385
125,70,3.6381909547738696
125,300,3.6176470588235294
125,949,3.3793103448275863
125,1093,3.235294117647059
125,98,4.283018867924528
125,181,4.027093596059113
125,87,3.847457627118644
125,158,2.673469387755102
125,153,3.77720207253886
125,83,4.0647482014388485
125,172,4.180555555555555
125,85,2.953488372093023
125,168,4.081967213114754
125,364,2.6206896551724137
125,508,3.585526315789474
125,90,3.1025641025641026
125,478,4.116279069767442
125,269,3.9486166007905137
125,1037,2.0
125,1052,2.526315789473684
125,72,3.203883495145631
125,243,2.3823529411764706
125,216,3.9656652360515023
125,173,4.15625
125,323,2.918918918918919
125,175,3.8523489932885906
125,1115,3.48
125,430,3.9305555555555554
125,8,4.011363636363637
125,186,3.86
126,322,3.0994475138121547
126,260,2.6021505376344085
126,313,4.269961977186312
126,300,3.6176470588235294
126,288,3.455764075067024
126,258,3.7814070351758793
126,878,2.5
126,905,3.3043478260869565
126,311,3.7333333333333334
127,62,3.0816326530612246
127,258,3.7814070351758793
127,380,3.297872340425532
127,50,4.347438752783964
127,243,2.3823529411764706
128,136,4.193181818181818
128,228,3.8
128,340,3.5517241379310347
128,869,2.9545454545454546
128,494,3.975
128,633,4.127272727272727
128,14,4.0510948905109485
128,117,3.633986928104575
128,79,4.056390977443609
128,140,3.235294117647059
128,418,3.609090909090909
128,180,4.0
128,319,3.2301587301587302
128,159,3.271604938271605
128,197,4.077319587628866
128,88,3.6011904761904763
128,193,3.9411764705882355
128,97,3.8097560975609754
128,282,3.6758241758241756
128,419,3.627586206896552
128,531,3.9405940594059405
128,485,3.9183673469387754
128,237,3.707395498392283
128,56,4.019047619047619
128,685,3.375
128,924,3.388059701492537
128,132,4.043010752688172
128,26,3.457627118644068
128,462,3.810344827586207
128,367,3.4375
128,702,3.0
128,715,3.111111111111111
128,736,3.9516129032258065
128,131,3.717948717948718
128,143,3.758426966292135
128,86,3.928
128,499,3.843137254901961
129,304,3.53781512605042
129,310,3.559322033898305
129,258,3.7814070351758793
129,1176,3.5
129,272,4.261437908496732
129,327,3.466666666666667
130,64,4.44
130,1157,2.9523809523809526
130,95,3.8275862068965516
130,895,3.0853658536585367
130,147,3.4503311258278146
130,4,3.5
130,1279,3.0
130,132,4.043010752688172
130,84,2.9375
130,881,2.909090909090909
130,546,3.0634146341463415
130,90,3.1025641025641026
130,761,3.1666666666666665
130,374,2.0
130,496,4.087431693989071
130,684,3.8
130,627,3.135593220338983
130,824,2.72972972972973
130,294,3.112947658402204
130,254,2.488372093023256
130,892,2.7333333333333334
130,1151,2.25
130,281,3.111111111111111
130,550,3.25
130,1248,3.0
130,229,3.0597014925373136
130,501,3.5670103092783507
130,181,4.027093596059113
130,949,3.3793103448275863
130,959,3.52
130,827,2.7560975609756095
130,982,2.8666666666666667
130,217,3.077777777777778
130,1039,4.069444444444445
130,226,3.352
130,578,3.116883116883117
130,237,3.707395498392283
130,176,3.9624413145539905
130,1231,2.3529411764705883
130,196,3.9170731707317072
130,172,4.180555555555555
130,67,3.0588235294117645
130,1278,3.5833333333333335
130,771,2.75
130,802,2.566666666666667
130,864,3.1449275362318843
130,1014,3.1333333333333333
130,117,3.633986928104575
130,1273,3.1
130,833,3.2432432432432434
130,689,3.1044776119402986
130,681,2.590909090909091
130,315,4.104477611940299
130,403,3.4394904458598727
130,342,2.880952380952381
130,433,3.7071428571428573
130,1276,2.2857142857142856
130,350,3.193548387096774
130,379,2.9285714285714284
130,1058,3.5
130,939,3.5918367346938775
130,122,2.3493975903614457
130,419,3.627586206896552
130,779,2.4166666666666665
130,888,3.6363636363636362
130,316,4.137931034482759
130,203,3.830188679245283
130,1217,3.0
130,216,3.9656652360515023
130,769,2.5625
130,98,4.283018867924528
131,285,4.2204724409448815
131,126,3.7948717948717947
131,276,3.7148936170212767
131,1,3.900804289544236
131,221,3.71875
131,744,3.418918918918919
132,664,3.4358974358974357
132,1019,3.923076923076923
132,521,3.776595744680851
132,175,3.8523489932885906
132,275,3.9904306220095696
133,539,2.433333333333333
133,308,3.0476190476190474
133,346,3.622448979591837
133,260,2.6021505376344085
133,304,3.53781512605042
133,328,3.3958333333333335
134,259,2.6929133858267718
134,15,3.8026315789473686
134,892,2.7333333333333334
134,301,3.2604166666666665
134,302,4.165938864628821
135,564,1.9565217391304348
135,98,4.283018867924528
135,226,3.352
135,185,4.101063829787234
135,379,2.9285714285714284
135,79,4.056390977443609
135,327,3.466666666666667
135,1217,3.0
135,642,3.5416666666666665
135,23,4.13375796178344
135,325,2.4081632653061225
136,257,3.758771929824561
136,14,4.0510948905109485
136,475,3.910994764397906
136,116,3.78
136,15,3.8026315789473686
136,298,3.7642857142857142
136,9,3.8821138211382116
137,15,3.8026315789473686
137,195,3.9402390438247012
137,680,2.1923076923076925
137,222,3.6254180602006687
137,55,3.7398373983739837
137,243,2.3823529411764706
137,121,3.4656716417910447
137,1,3.900804289544236
137,748,3.0784313725490198
137,96,4.018099547511312
138,238,3.8309178743961354
138,497,3.8035714285714284
138,98,4.283018867924528
138,147,3.4503311258278146
138,56,4.019047619047619
138,185,4.101063829787234
138,518,3.7260273972602738
138,662,3.5238095238095237
138,493,4.288888888888889
138,151,3.612403100775194
138,514,3.880281690140845
139,475,3.910994764397906
139,740,3.595744680851064
139,302,4.165938864628821
139,460,3.0
139,508,3.585526315789474
140,289,2.9651741293532337
140,245,3.1036269430051813
140,268,3.81025641025641
140,988,2.3333333333333335
140,294,3.112947658402204
141,472,2.9844961240310077
141,118,3.2266666666666666
141,744,3.418918918918919
141,258,3.7814070351758793
141,1028,3.0545454545454547
141,328,3.3958333333333335
141,1258,2.4545454545454546
141,1040,2.7058823529411766
141,125,3.5255102040816326
141,244,3.15
141,880,3.2941176470588234
141,181,4.027093596059113
141,597,3.1412429378531073
141,1142,4.166666666666667
141,872,3.310344827586207
141,1059,2.8518518518518516
141,291,3.392156862745098
141,330,3.242424242424242
141,147,3.4503311258278146
141,407,2.5517241379310347
141,290,3.1875
141,294,3.112947658402204
142,315,4.104477611940299
142,288,3.455764075067024
142,350,3.193548387096774
142,169,4.462365591397849
142,91,3.5789473684210527
142,322,3.0994475138121547
142,42,3.7796610169491527
143,286,3.661498708010336
143,328,3.3958333333333335
143,325,2.4081632653061225
143,682,3.088607594936709
144,1028,3.0545454545454547
144,194,4.0473684210526315
144,297,4.025
144,690,3.4227642276422765
144,313,4.269961977186312
144,480,4.302158273381295
144,137,3.8840579710144927
144,508,3.585526315789474
144,135,3.9665071770334928
144,62,3.0816326530612246
144,475,3.910994764397906
144,87,3.847457627118644
144,235,2.7873563218390807
144,302,4.165938864628821
144,1101,3.711864406779661
144,191,4.153153153153153
144,165,4.155555555555556
144,288,3.455764075067024
144,647,4.05
144,15,3.8026315789473686
144,64,4.44
144,1285,3.142857142857143
144,68,3.3893805309734515
144,750,3.8333333333333335
144,293,3.841666666666667
144,961,3.586206896551724
144,316,4.137931034482759
144,251,4.342105263157895
144,280,3.242424242424242
144,153,3.77720207253886
144,654,4.061946902654867
144,847,3.840909090909091
144,655,3.8722222222222222
144,20,3.4
144,1065,3.372093023255814
144,284,3.1824324324324325
144,528,4.159574468085107
144,298,3.7642857142857142
144,197,4.077319587628866
144,258,3.7814070351758793
144,318,4.437768240343348
144,176,3.9624413145539905
145,827,2.7560975609756095
145,276,3.7148936170212767
145,77,3.2459016393442623
145,173,4.15625
145,1040,2.7058823529411766
145,164,3.563025210084034
145,66,3.5671641791044775
145,1291,2.1666666666666665
145,181,4.027093596059113
145,23,4.13375796178344
145,352,2.15
145,240,2.7401574803149606
145,1041,3.142857142857143
145,407,2.5517241379310347
145,823,2.8472222222222223
145,111,3.506787330316742
145,159,3.271604938271605
145,53,2.951923076923077
145,346,3.622448979591837
145,672,2.673076923076923
145,727,3.375
145,217,3.077777777777778
145,895,3.0853658536585367
145,1279,3.0
145,549,3.5294117647058822
145,665,2.775
145,821,3.142857142857143
145,939,3.5918367346938775
145,1046,3.0294117647058822
145,313,4.269961977186312
145,925,3.25
145,55,3.7398373983739837
145,566,3.633587786259542
145,302,4.165938864628821
145,816,2.235294117647059
145,134,4.269938650306749
145,379,2.9285714285714284
145,544,3.16
145,246,3.943396226415094
145,59,4.125
145,270,3.6019417475728157
145,1210,2.757575757575758
145,50,4.347438752783964
145,1077,3.1666666666666665
145,831,2.4177215189873418
145,558,3.6964285714285716
145,315,4.104477611940299
145,278,3.125
145,637,2.9393939393939394
145,979,3.1923076923076925
145,172,4.180555555555555
145,293,3.841666666666667
145,354,3.456140350877193
145,13,3.361842105263158
145,737,3.0
145,826,2.557377049180328
145,88,3.6011904761904763
145,250,3.4551282051282053
145,242,4.065217391304348
145,1290,2.0
145,859,2.642857142857143
145,284,3.1824324324324325
145,123,3.2065217391304346
145,678,2.8373493975903616
146,1022,3.3
146,1294,2.8
146,688,1.7027027027027026
146,346,3.622448979591837
146,331,3.5698924731182795
146,347,3.49
147,313,4.269961977186312
147,286,3.661498708010336
147,258,3.7814070351758793
147,690,3.4227642276422765
148,7,3.801302931596091
148,549,3.5294117647058822
148,116,3.78
148,70,3.6381909547738696
148,1,3.900804289544236
148,214,3.3636363636363638
148,175,3.8523489932885906
148,234,3.751152073732719
148,496,4.087431693989071
148,133,3.870503597122302
148,501,3.5670103092783507
148,181,4.027093596059113
148,163,3.5211267605633805
149,305,3.716417910447761
149,678,2.8373493975903616
149,311,3.7333333333333334
149,1295,2.8
149,262,3.74
149,312,3.28125
149,333,3.59
149,258,3.7814070351758793
150,100,4.174242424242424
150,129,3.88659793814433
150,293,3.841666666666667
150,276,3.7148936170212767
150,14,4.0510948905109485
150,235,2.7873563218390807
150,1,3.900804289544236
151,972,3.0434782608695654
151,491,3.730769230769231
151,724,3.4464285714285716
151,566,3.633587786259542
151,448,3.449275362318841
151,1299,2.8333333333333335
151,230,3.460122699386503
151,525,3.9508196721311477
151,213,3.9541284403669725
151,584,3.5303030303030303
151,31,3.6495726495726495
151,1047,2.892857142857143
151,770,3.36734693877551
151,178,4.346938775510204
151,962,3.1578947368421053
151,476,3.0551181102362204
151,15,3.8026315789473686
151,183,4.004464285714286
151,258,3.7814070351758793
151,83,4.0647482014388485
151,417,3.087719298245614
151,702,3.0
151,73,3.4909090909090907
151,709,3.9655172413793105
151,300,3.6176470588235294
151,504,3.787878787878788
151,663,3.903225806451613
151,222,3.6254180602006687
151,755,3.2987012987012987
151,82,3.7156398104265405
151,381,3.5641025641025643
151,380,3.297872340425532
151,318,4.437768240343348
151,136,4.193181818181818
151,65,3.5164835164835164
151,484,4.151785714285714
151,487,4.037735849056604
151,286,3.661498708010336
151,70,3.6381909547738696
151,66,3.5671641791044775
151,523,4.0
151,1286,3.5384615384615383
151,729,3.403225806451613
151,147,3.4503311258278146
151,13,3.361842105263158
151,945,4.0
151,114,4.396551724137931
151,26,3.457627118644068
151,302,4.165938864628821
151,190,4.175257731958763
151,12,4.408256880733945
151,443,3.801526717557252
151,79,4.056390977443609
151,1297,3.0
151,194,4.0473684210526315
151,378,3.658536585365854
151,528,4.159574468085107
151,499,3.843137254901961
151,509,3.923076923076923
151,836,3.8333333333333335
151,387,3.314814814814815
151,414,3.382978723404255
152,98,4.283018867924528
152,234,3.751152073732719
152,143,3.758426966292135
152,283,3.75
152,1028,3.0545454545454547
152,272,4.261437908496732
152,780,3.0172413793103448
152,371,3.04
152,412,2.410958904109589
152,132,4.043010752688172
152,568,3.64021164021164
152,22,4.162393162393163
152,724,3.4464285714285716
152,364,2.6206896551724137
152,8,4.011363636363637
152,215,3.674698795180723
152,67,3.0588235294117645
152,1301,3.3333333333333335
152,80,2.6538461538461537
152,596,3.326530612244898
152,151,3.612403100775194
152,1053,3.3333333333333335
153,172,4.180555555555555
153,64,4.44
153,79,4.056390977443609
153,323,2.918918918918919
153,294,3.112947658402204
154,640,3.0161290322580645
154,211,3.9289940828402368
154,414,3.382978723404255
154,324,3.0721649484536084
154,174,4.247787610619469
154,61,3.8666666666666667
154,197,4.077319587628866
154,175,3.8523489932885906
154,238,3.8309178743961354
154,152,3.5806451612903225
154,182,3.923076923076923
155,331,3.5698924731182795
155,286,3.661498708010336
155,306,4.0
155,327,3.466666666666667
155,328,3.3958333333333335
156,806,3.5277777777777777
156,357,4.330188679245283
156,58,3.6808510638297873
156,318,4.437768240343348
156,100,4.174242424242424
156,646,3.870967741935484
156,772,3.075
156,137,3.8840579710144927
157,118,3.2266666666666666
157,276,3.7148936170212767
157,1302,4.0
157,407,2.5517241379310347
157,286,3.661498708010336
157,340,3.5517241379310347
157,93,3.835294117647059
157,508,3.585526315789474
157,274,3.4482758620689653
157,748,3.0784313725490198
157,313,4.269961977186312
158,7,3.801302931596091
158,367,3.4375
158,239,3.5294117647058822
158,228,3.8
158,229,3.0597014925373136
158,128,3.6041666666666665
158,298,3.7642857142857142
158,580,3.3461538461538463
158,120,2.3333333333333335
158,82,3.7156398104265405
158,823,2.8472222222222223
158,408,4.482352941176471
158,275,3.9904306220095696
158,209,3.8343949044585988
158,510,4.041237113402062
158,83,4.0647482014388485
158,544,3.16
158,803,2.75
158,241,3.5
158,29,2.627906976744186
158,208,3.9554140127388533
158,293,3.841666666666667
158,798,1.8333333333333333
158,745,3.9285714285714284
158,55,3.7398373983739837
158,985,2.8
158,562,3.289473684210526
158,68,3.3893805309734515
158,1016,3.4434782608695653
158,502,3.64
158,636,3.283582089552239
158,216,3.9656652360515023
158,173,4.15625
158,518,3.7260273972602738
158,124,4.092105263157895
159,930,2.6
159,258,3.7814070351758793
159,254,2.488372093023256
159,685,3.375
159,866,3.303030303030303
159,288,3.455764075067024
159,220,3.240740740740741
159,1049,2.5714285714285716
159,876,2.8157894736842106
159,845,3.4779411764705883
159,476,3.0551181102362204
159,1095,2.4583333333333335
159,294,3.112947658402204
159,310,3.559322033898305
159,293,3.841666666666667
159,298,3.7642857142857142
159,237,3.707395498392283
159,333,3.59
159,276,3.7148936170212767
159,103,1.9090909090909092
159,289,2.9651741293532337
159,250,3.4551282051282053
160,693,3.6202531645569622
160,1197,3.65625
160,282,3.6758241758241756
160,9,3.8821138211382116
160,230,3.460122699386503
160,1016,3.4434782608695653
160,24,3.4135338345864663
160,3,3.095890410958904
160,328,3.3958333333333335
160,1019,3.923076923076923
160,4,3.5
160,447,3.4081632653061225
160,405,3.286764705882353
160,508,3.585526315789474
160,129,3.88659793814433
160,302,4.165938864628821
160,161,3.5388888888888888
160,460,3.0
160,603,4.3602484472049685
160,483,4.5
160,484,4.151785714285714
160,137,3.8840579710144927
160,175,3.8523489932885906
160,1012,3.55
161,177,3.926605504587156
161,473,3.118811881188119
161,654,4.061946902654867
161,22,4.162393162393163
161,181,4.027093596059113
161,508,3.585526315789474
161,428,3.8476190476190477
161,272,4.261437908496732
161,483,4.5
161,486,3.9130434782608696
161,118,3.2266666666666666
161,202,3.782051282051282
162,122,2.3493975903614457
162,358,2.607142857142857
162,151,3.612403100775194
162,147,3.4503311258278146
162,628,3.4964028776978417
162,597,3.1412429378531073
162,742,3.677570093457944
162,298,3.7642857142857142
162,144,3.8757062146892656
163,347,3.49
163,28,3.935185185185185
163,318,4.437768240343348
163,288,3.455764075067024
163,305,3.716417910447761
164,934,2.9
164,307,3.524137931034483
164,248,3.611940298507463
164,245,3.1036269430051813
164,342,2.880952380952381
164,471,3.66120218579235
164,322,3.0994475138121547
164,222,3.6254180602006687
164,619,3.0980392156862746
164,282,3.6758241758241756
164,276,3.7148936170212767
164,678,2.8373493975903616
164,458,3.2
165,326,3.335664335664336
165,69,3.8832684824902723
165,270,3.6019417475728157
165,181,4.027093596059113
165,432,3.6546762589928057
165,91,3.5789473684210527
166,688,1.7027027027027026
166,258,3.7814070351758793
166,323,2.918918918918919
166,343,3.0485436893203883
167,733,3.25
167,659,4.087912087912088
167,288,3.455764075067024
167,719,2.4782608695652173
167,726,2.5454545454545454
167,392,3.6271186440677967
167,530,4.064516129032258
167,204,3.8333333333333335
167,137,3.8840579710144927
167,486,3.9130434782608696
167,364,2.6206896551724137
167,1304,3.5261432572627136
167,96,4.018099547511312
167,698,2.75
168,409,3.1666666666666665
168,748,3.0784313725490198
168,117,3.633986928104575
168,222,3.6254180602006687
168,295,3.4166666666666665
168,294,3.112947658402204
168,300,3.6176470588235294
168,411,2.962121212121212
168,118,3.2266666666666666
168,619,3.0980392156862746
168,1051,3.1666666666666665
168,100,4.174242424242424
168,1,3.900804289544236
168,252,3.032520325203252
169,538,3.36
169,300,3.6176470588235294
169,683,2.4047619047619047
169,498,4.24031007751938
169,260,2.6021505376344085
169,308,3.0476190476190474
169,172,4.180555555555555
169,301,3.2604166666666665
170,245,3.1036269430051813
170,292,3.6179775280898876
170,300,3.6176470588235294
170,299,3.0
170,288,3.455764075067024
171,887,3.56
171,690,3.4227642276422765
171,346,3.622448979591837
171,272,4.261437908496732
171,302,4.165938864628821
171,262,3.74
172,1172,3.6666666666666665
172,425,3.7941176470588234
172,178,4.346938775510204
172,483,4.5
172,478,4.116279069767442
172,514,3.880281690140845
173,328,3.3958333333333335
173,995,3.2
173,881,2.909090909090909
173,326,3.335664335664336
173,687,2.34
173,245,3.1036269430051813
173,319,3.2301587301587302
173,332,3.4601769911504423
173,323,2.918918918918919
174,662,3.5238095238095237
174,147,3.4503311258278146
174,41,3.2
174,388,2.5
174,155,3.0125
174,780,3.0172413793103448
174,276,3.7148936170212767
174,1001,2.3076923076923075
174,240,2.7401574803149606
174,107,3.4571428571428573
174,237,3.707395498392283
174,151,3.612403100775194
174,215,3.674698795180723
174,582,3.648854961832061
174,368,1.8636363636363635
174,371,3.04
174,1139,2.7083333333333335
174,1312,2.0
174,395,2.6097560975609757
174,1014,3.1333333333333333
174,546,3.0634146341463415
174,393,3.4324324324324325
174,722,2.9148936170212765
174,332,3.4601769911504423
174,269,3.9486166007905137
174,476,3.0551181102362204
174,67,3.0588235294117645
174,50,4.347438752783964
174,715,3.111111111111111
174,846,3.025
174,333,3.59
174,168,4.081967213114754
174,272,4.261437908496732
174,204,3.8333333333333335
174,937,3.52
174,1313,3.076923076923077
175,9,3.8821138211382116
175,195,3.9402390438247012
175,183,4.004464285714286
175,71,3.847058823529412
175,12,4.408256880733945
175,629,3.3275862068965516
175,419,3.627586206896552
175,50,4.347438752783964
176,1012,3.55
176,288,3.455764075067024
176,25,3.4148471615720526
176,297,4.025
176,286,3.661498708010336
176,222,3.6254180602006687
176,150,3.8125
176,289,2.9651741293532337
176,100,4.174242424242424
176,881,2.909090909090909
176,508,3.585526315789474
176,343,3.0485436893203883
176,237,3.707395498392283
177,568,3.64021164021164
177,327,3.466666666666667
177,527,4.0064935064935066
177,223,4.153153153153153
177,260,2.6021505376344085
177,150,3.8125
177,129,3.88659793814433
177,806,3.5277777777777777
177,209,3.8343949044585988
177,338,2.5072463768115942
177,175,3.8523489932885906
177,271,3.2569832402234637
177,160,3.4545454545454546
177,144,3.8757062146892656
177,55,3.7398373983739837
177,200,3.7470588235294118
177,172,4.180555555555555
177,333,3.59
177,748,3.0784313725490198
177,878,2.5
177,1110,2.8461538461538463
177,50,4.347438752783964
177,475,3.910994764397906
178,333,3.59
178,332,3.4601769911504423
178,265,3.840909090909091
178,79,4.056390977443609
178,82,3.7156398104265405
178,51,3.3448275862068964
178,56,4.019047619047619
178,28,3.935185185185185
178,249,3.303030303030303
178,549,3.5294117647058822
178,76,3.5365853658536586
178,276,3.7148936170212767
178,651,4.074324324324325
178,1048,3.066666666666667
178,866,3.303030303030303
178,625,3.3
178,480,4.302158273381295
178,7,3.801302931596091
178,845,3.4779411764705883
178,323,2.918918918918919
178,250,3.4551282051282053
178,298,3.7642857142857142
178,133,3.870503597122302
178,1300,2.1666666666666665
178,478,4.116279069767442
178,1315,3.090909090909091
178,744,3.418918918918919
178,168,4.081967213114754
178,423,3.782258064516129
178,1016,3.4434782608695653
178,471,3.66120218579235
178,685,3.375
178,472,2.9844961240310077
178,241,3.5
178,790,2.9272727272727272
178,764,2.9047619047619047
178,199,4.180327868852459
178,127,4.312693498452012
178,546,3.0634146341463415
178,147,3.4503311258278146
178,125,3.5255102040816326
178,1004,3.0
178,877,2.6944444444444446
178,1011,3.26027397260274
178,260,2.6021505376344085
178,465,3.701492537313433
178,183,4.004464285714286
178,322,3.0994475138121547
178,535,3.159090909090909
178,319,3.2301587301587302
178,302,4.165938864628821
178,172,4.180555555555555
178,96,4.018099547511312
178,118,3.2266666666666666
178,724,3.4464285714285716
179,1127,3.1
179,310,3.559322033898305
179,751,3.4630872483221475
179,303,3.6944444444444446
179,331,3.5698924731182795
179,316,4.137931034482759
179,354,3.456140350877193
179,288,3.455764075067024
179,300,3.6176470588235294
180,156,3.865546218487395
180,1131,4.1
180,469,3.7735849056603774
180,790,2.9272727272727272
180,732,3.6595744680851063
180,79,4.056390977443609
180,431,3.5041322314049586
180,83,4.0647482014388485
180,235,2.7873563218390807
180,716,3.272727272727273
180,735,3.908256880733945
180,403,3.4394904458598727
180,1119,3.625
181,760,2.710526315789474
181,287,3.5357142857142856
181,104,1.6666666666666667
181,740,3.595744680851064
181,1289,2.4
181,1382,2.3333333333333335
181,685,3.375
181,1392,1.6666666666666667
181,847,3.840909090909091
181,873,2.9545454545454546
181,1335,2.6666666666666665
181,368,1.8636363636363635
181,1346,3.3333333333333335
181,828,2.888888888888889
181,595,3.1176470588235294
181,1339,3.5261432572627136
181,824,2.72972972972973
181,1038,2.5454545454545454
181,126,3.7948717948717947
181,269,3.9486166007905137
181,950,2.8636363636363638
181,1255,2.8
181,829,2.64
181,268,3.81025641025641
181,220,3.240740740740741
181,1202,3.8
181,1366,3.5261432572627136
181,977,2.789473684210526
181,880,3.2941176470588234
181,767,2.625
181,919,3.730769230769231
181,261,2.5
181,129,3.88659793814433
181,1061,3.0
181,270,3.6019417475728157
181,952,3.2285714285714286
181,242,4.065217391304348
181,359,3.769230769230769
181,137,3.8840579710144927
181,330,3.242424242424242
181,1,3.900804289544236
181,681,2.590909090909091
181,683,2.4047619047619047
181,151,3.612403100775194
181,1385,3.25
181,1318,1.5
181,1302,4.0
181,18,3.2857142857142856
181,1057,2.25
181,20,3.4
181,1363,3.5261432572627136
181,1331,3.6666666666666665
181,1370,3.5
181,833,3.2432432432432434
181,1381,3.5
181,1161,2.9
181,1199,2.588235294117647
181,976,1.9090909090909092
181,1120,3.1666666666666665
181,1173,2.8333333333333335
181,306,4.0
181,1059,2.8518518518518516
181,413,2.6
181,1068,3.25
181,933,2.7058823529411766
181,475,3.910994764397906
181,289,2.9651741293532337
181,991,2.3684210526315788
181,334,3.340909090909091
181,109,3.480769230769231
181,283,3.75
181,877,2.6944444444444446
181,845,3.4779411764705883
181,1087,1.7142857142857142
181,307,3.524137931034483
181,14,4.0510948905109485
181,741,3.5217391304347827
181,1324,3.0
181,989,2.9285714285714284
181,872,3.310344827586207
181,1349,3.5261432572627136
181,1151,2.25
181,260,2.6021505376344085
181,319,3.2301587301587302
181,678,2.8373493975903616
181,273,3.596774193548387
181,108,3.036363636363636
182,172,4.180555555555555
182,864,3.1449275362318843
182,178,4.346938775510204
182,479,4.222222222222222
182,50,4.347438752783964
182,222,3.6254180602006687
183,405,3.286764705882353
183,50,4.347438752783964
183,720,2.9833333333333334
183,225,2.9431818181818183
183,265,3.840909090909091
183,88,3.6011904761904763
183,450,2.411764705882353
183,216,3.9656652360515023
183,210,3.9578544061302683
183,230,3.460122699386503
183,485,3.9183673469387754
184,504,3.787878787878788
184,531,3.9405940594059405
184,476,3.0551181102362204
184,176,3.9624413145539905
184,1061,3.0
184,276,3.7148936170212767
184,742,3.677570093457944
184,692,3.672
184,132,4.043010752688172
184,321,3.0942028985507246
184,423,3.782258064516129
184,70,3.6381909547738696
184,241,3.5
184,97,3.8097560975609754
184,766,2.8
184,1086,3.25
184,66,3.5671641791044775
184,275,3.9904306220095696
184,639,3.814814814814815
184,207,3.8823529411764706
184,845,3.4779411764705883
184,262,3.74
184,137,3.8840579710144927
184,1014,3.1333333333333333
184,371,3.04
184,174,4.247787610619469
184,44,3.3174603174603177
184,301,3.2604166666666665
184,949,3.3793103448275863
184,780,3.0172413793103448
184,855,3.68
184,166,4.153846153846154
184,34,2.4
184,272,4.261437908496732
184,629,3.3275862068965516
184,192,4.080459770114943
184,632,3.8222222222222224
184,972,3.0434782608695654
184,13,3.361842105263158
184,458,3.2
184,950,2.8636363636363638
184,523,4.0
184,647,4.05
184,693,3.6202531645569622
184,1012,3.55
184,1195,3.5555555555555554
184,837,4.0
184,274,3.4482758620689653
184,707,3.814814814814815
184,1117,2.9166666666666665
184,252,3.032520325203252
185,740,3.595744680851064
185,276,3.7148936170212767
185,178,4.346938775510204
185,423,3.782258064516129
185,199,4.180327868852459
185,514,3.880281690140845
185,703,3.6666666666666665
185,258,3.7814070351758793
185,1020,3.962962962962963
185,286,3.661498708010336
186,880,3.2941176470588234
186,77,3.2459016393442623
186,95,3.8275862068965516
186,12,4.408256880733945
186,295,3.4166666666666665
186,79,4.056390977443609
186,820,2.717948717948718
186,1399,2.4
186,298,3.7642857142857142
186,294,3.112947658402204
186,332,3.4601769911504423
186,147,3.4503311258278146
186,306,4.0
186,38,2.941747572815534
186,31,3.6495726495726495
186,887,3.56
186,689,3.1044776119402986
186,742,3.677570093457944
186,588,3.75
187,747,3.513157894736842
187,663,3.903225806451613
187,214,3.3636363636363638
187,735,3.908256880733945
187,83,4.0647482014388485
187,52,3.7901234567901234
187,435,3.9171597633136095
187,423,3.782258064516129
187,116,3.78
187,134,4.269938650306749
187,1065,3.372093023255814
187,196,3.9170731707317072
188,635,2.9411764705882355
188,318,4.437768240343348
188,1213,2.5
188,209,3.8343949044585988
188,5,3.318840579710145
188,566,3.633587786259542
188,237,3.707395498392283
188,769,2.5625
188,717,2.859154929577465
188,692,3.672
188,28,3.935185185185185
188,928,3.225
188,259,2.6929133858267718
188,50,4.347438752783964
188,443,3.801526717557252
188,764,2.9047619047619047
188,226,3.352
188,510,4.041237113402062
188,79,4.056390977443609
188,629,3.3275862068965516
188,504,3.787878787878788
188,792,3.734375
188,148,3.2395833333333335
189,489,4.051282051282051
189,863,4.285714285714286
189,137,3.8840579710144927
189,503,3.48
189,121,3.4656716417910447
189,194,4.0473684210526315
189,1117,2.9166666666666665
189,248,3.611940298507463
189,294,3.112947658402204
189,175,3.8523489932885906
189,1065,3.372093023255814
189,1021,3.8333333333333335
189,487,4.037735849056604
189,255,3.3175675675675675
189,13,3.361842105263158
189,485,3.9183673469387754
189,639,3.814814814814815
189,91,3.5789473684210527
189,89,4.173913043478261
189,14,4.0510948905109485
189,1154,3.25
189,632,3.8222222222222224
189,127,4.312693498452012
189,297,4.025
189,166,4.153846153846154
189,150,3.8125
189,511,4.157894736842105
189,45,4.151515151515151
189,531,3.9405940594059405
189,517,3.6666666666666665
189,634,3.8823529411764706
189,526,3.8876404494382024
189,596,3.326530612244898
189,520,4.1020408163265305
189,1402,2.3333333333333335
189,174,4.247787610619469
189,105,2.5238095238095237
189,317,3.89010989010989
190,282,3.6758241758241756
190,340,3.5517241379310347
190,823,2.8472222222222223
190,302,4.165938864628821
190,544,3.16
190,539,2.433333333333333
190,273,3.596774193548387
190,258,3.7814070351758793
190,930,2.6
190,742,3.677570093457944
190,24,3.4135338345864663
190,291,3.392156862745098
191,301,3.2604166666666665
191,307,3.524137931034483
191,300,3.6176470588235294
191,345,3.4313725490196076
191,328,3.3958333333333335
191,288,3.455764075067024
192,289,2.9651741293532337
192,235,2.7873563218390807
192,1405,2.75
192,257,3.758771929824561
192,7,3.801302931596091
192,252,3.032520325203252
192,276,3.7148936170212767
193,56,4.019047619047619
193,269,3.9486166007905137
193,69,3.8832684824902723
193,194,4.0473684210526315
193,117,3.633986928104575
193,147,3.4503311258278146
193,476,3.0551181102362204
193,368,1.8636363636363635
193,268,3.81025641025641
193,393,3.4324324324324325
193,684,3.8
193,234,3.751152073732719
193,122,2.3493975903614457
193,879,3.277227722772277
193,826,2.557377049180328
193,465,3.701492537313433
193,310,3.559322033898305
193,33,3.45679012345679
193,627,3.135593220338983
193,790,2.9272727272727272
193,366,3.357142857142857
193,755,3.2987012987012987
193,328,3.3958333333333335
193,443,3.801526717557252
193,155,3.0125
194,91,3.5789473684210527
194,529,3.948717948717949
194,15,3.8026315789473686
194,1093,3.235294117647059
194,241,3.5
194,259,2.6929133858267718
194,188,3.6783216783216783
194,23,4.13375796178344
194,289,2.9651741293532337
194,483,4.5
194,410,3.076923076923077
194,467,3.761904761904762
194,118,3.2266666666666666
194,13,3.361842105263158
194,182,3.923076923076923
194,790,2.9272727272727272
194,162,3.6
194,225,2.9431818181818183
194,425,3.7941176470588234
194,432,3.6546762589928057
194,762,3.391304347826087
194,121,3.4656716417910447
194,720,2.9833333333333334
194,736,3.9516129032258065
194,1058,3.5
194,514,3.880281690140845
194,414,3.382978723404255
194,194,4.0473684210526315
194,642,3.5416666666666665
194,944,3.0
194,417,3.087719298245614
194,871,2.2982456140350878
194,660,3.7777777777777777
194,566,3.633587786259542
194,205,3.9572649572649574
194,202,3.782051282051282
194,659,4.087912087912088
194,168,4.081967213114754
194,997,2.142857142857143
194,864,3.1449275362318843
194,208,3.9554140127388533
194,210,3.9578544061302683
194,575,2.611111111111111
194,542,2.4473684210526314
194,199,4.180327868852459
194,218,3.437037037037037
194,62,3.0816326530612246
194,582,3.648854961832061
194,58,3.6808510638297873
194,265,3.840909090909091
194,503,3.48
194,657,4.235849056603773
194,203,3.830188679245283
194,28,3.935185185185185
194,450,2.411764705882353
194,517,3.6666666666666665
194,44,3.3174603174603177
194,180,4.0
194,70,3.6381909547738696
194,237,3.707395498392283
194,234,3.751152073732719
195,258,3.7814070351758793
195,325,2.4081632653061225
195,1014,3.1333333333333333
195,198,3.989795918367347
195,127,4.312693498452012
195,234,3.751152073732719
195,433,3.7071428571428573
195,636,3.283582089552239
195,1089,2.0303030303030303
195,358,2.607142857142857
195,748,3.0784313725490198
195,227,3.184
195,1407,2.2857142857142856
195,797,3.1666666666666665
195,46,3.611111111111111
195,181,4.027093596059113
195,407,2.5517241379310347
195,373,2.84375
195,921,4.0
195,134,4.269938650306749
196,8,4.011363636363637
196,108,3.036363636363636
196,94,3.0275229357798166
196,173,4.15625
196,1007,4.0588235294117645
196,845,3.4779411764705883
196,692,3.672
196,1022,3.3
197,307,3.524137931034483
197,354,3.456140350877193
197,288,3.455764075067024
197,770,3.36734693877551
197,849,2.6842105263157894
197,33,3.45679012345679
197,38,2.941747572815534
197,174,4.247787610619469
197,4,3.5
197,510,4.041237113402062
197,226,3.352
197,306,4.0
197,265,3.840909090909091
197,720,2.9833333333333334
197,22,4.162393162393163
197,286,3.661498708010336
197,313,4.269961977186312
197,183,4.004464285714286
197,344,3.5869565217391304
197,82,3.7156398104265405
197,449,3.0652173913043477
197,947,3.4
197,322,3.0994475138121547
197,346,3.622448979591837
198,871,2.2982456140350878
198,176,3.9624413145539905
198,228,3.8
198,50,4.347438752783964
198,131,3.717948717948718
198,185,4.101063829787234
198,746,3.65625
198,655,3.8722222222222222
198,71,3.847058823529412
198,462,3.810344827586207
198,568,3.64021164021164
198,56,4.019047619047619
198,218,3.437037037037037
198,151,3.612403100775194
198,79,4.056390977443609
198,923,4.2
198,690,3.4227642276422765
198,300,3.6176470588235294
198,4,3.5
198,143,3.758426966292135
198,148,3.2395833333333335
198,7,3.801302931596091
198,65,3.5164835164835164
198,280,3.242424242424242
198,959,3.52
198,208,3.9554140127388533
198,343,3.0485436893203883
198,581,3.2448979591836733
198,127,4.312693498452012
198,6,3.473684210526316
198,474,4.2405063291139244
198,318,4.437768240343348
198,434,3.8703703703703702
198,684,3.8
198,1094,2.6666666666666665
198,429,4.012987012987013
198,640,3.0161290322580645
199,1326,3.25
199,687,2.34
199,14,4.0510948905109485
199,221,3.71875
199,259,2.6929133858267718
199,117,3.633986928104575
199,751,3.4630872483221475
199,313,4.269961977186312
200,15,3.8026315789473686
200,68,3.3893805309734515
200,69,3.8832684824902723
200,411,2.962121212121212
200,596,3.326530612244898
200,679,2.9220779220779223
200,33,3.45679012345679
200,660,3.7777777777777777
200,380,3.297872340425532
200,245,3.1036269430051813
200,478,4.116279069767442
200,559,3.1826086956521737
200,826,2.557377049180328
200,1219,2.8666666666666667
200,588,3.75
200,265,3.840909090909091
200,462,3.810344827586207
200,48,4.0625
200,56,4.019047619047619
200,483,4.5
200,225,2.9431818181818183
200,172,4.180555555555555
200,25,3.4148471615720526
200,183,4.004464285714286
200,318,4.437768240343348
200,174,4.247787610619469
200,215,3.674698795180723
200,892,2.7333333333333334
200,1419,2.0
200,291,3.392156862745098
200,393,3.4324324324324325
200,410,3.076923076923077
200,148,3.2395833333333335
200,674,2.810810810810811
200,509,3.923076923076923
200,552,2.8055555555555554
200,501,3.5670103092783507
200,495,3.6153846153846154
200,94,3.0275229357798166
200,1091,2.8
200,235,2.7873563218390807
200,140,3.235294117647059
200,568,3.64021164021164
200,419,3.627586206896552
201,124,4.092105263157895
201,1135,3.0
201,232,3.2222222222222223
201,549,3.5294117647058822
201,979,3.1923076923076925
201,222,3.6254180602006687
201,847,3.840909090909091
201,65,3.5164835164835164
201,1398,5.0
201,413,2.6
201,200,3.7470588235294118
201,318,4.437768240343348
201,658,3.388059701492537
201,146,2.5
201,331,3.5698924731182795
201,962,3.1578947368421053
201,190,4.175257731958763
201,184,3.4545454545454546
201,93,3.835294117647059
201,289,2.9651741293532337
201,179,3.956043956043956
201,195,3.9402390438247012
201,467,3.761904761904762
201,1224,2.4444444444444446
201,699,3.6875
201,1169,4.0
201,340,3.5517241379310347
201,660,3.7777777777777777
201,176,3.9624413145539905
201,98,4.283018867924528
201,607,3.9411764705882355
201,192,4.080459770114943
201,1208,2.75
201,587,3.5555555555555554
201,39,3.264705882352941
201,265,3.840909090909091
201,304,3.53781512605042
201,92,3.617283950617284
201,685,3.375
201,1193,3.7777777777777777
201,32,3.953846153846154
201,239,3.5294117647058822
201,1166,3.2
201,57,3.8666666666666667
201,33,3.45679012345679
201,319,3.2301587301587302
201,118,3.2266666666666666
201,171,3.8703703703703702
201,1098,3.7586206896551726
201,240,2.7401574803149606
201,27,3.0869565217391304
201,326,3.335664335664336
201,228,3.8
201,747,3.513157894736842
201,806,3.5277777777777777
201,7,3.801302931596091
201,475,3.910994764397906
201,672,2.673076923076923
201,45,4.151515151515151
201,452,2.5652173913043477
201,682,3.088607594936709
201,180,4.0
201,144,3.8757062146892656
201,370,2.9411764705882355
201,233,3.349514563106796
201,421,3.6
201,284,3.1824324324324325
201,15,3.8026315789473686
201,750,3.8333333333333335
201,379,2.9285714285714284
201,1428,3.5
201,59,4.125
201,71,3.847058823529412
201,432,3.6546762589928057
201,482,3.970873786407767
201,79,4.056390977443609
201,358,2.607142857142857
201,193,3.9411764705882355
202,96,4.018099547511312
202,179,3.956043956043956
202,604,3.96875
202,481,3.92
203,321,3.0942028985507246
203,815,3.21978021978022
203,100,4.174242424242424
203,879,3.277227722772277
203,336,2.5
203,24,3.4135338345864663
203,271,3.2569832402234637
203,458,3.2
203,619,3.0980392156862746
204,880,3.2941176470588234
204,310,3.559322033898305
204,258,3.7814070351758793
204,269,3.9486166007905137
204,146,2.5
204,172,4.180555555555555
204,1281,3.3333333333333335
204,12,4.408256880733945
204,315,4.104477611940299
205,984,2.902439024390244
205,748,3.0784313725490198
205,304,3.53781512605042
205,678,2.8373493975903616
205,326,3.335664335664336
206,300,3.6176470588235294
206,900,3.911764705882353
206,269,3.9486166007905137
206,1176,3.5
206,359,3.769230769230769
206,1022,3.3
206,294,3.112947658402204
206,362,2.8181818181818183
206,750,3.8333333333333335
206,258,3.7814070351758793
206,895,3.0853658536585367
206,313,4.269961977186312
206,748,3.0784313725490198
207,245,3.1036269430051813
207,591,3.6
207,96,4.018099547511312
207,754,3.3541666666666665
207,319,3.2301587301587302
207,313,4.269961977186312
207,1046,3.0294117647058822
207,1350,1.0
207,367,3.4375
207,526,3.8876404494382024
207,316,4.137931034482759
207,125,3.5255102040816326
207,1226,3.392857142857143
207,144,3.8757062146892656
207,42,3.7796610169491527
207,562,3.289473684210526
207,471,3.66120218579235
207,25,3.4148471615720526
207,127,4.312693498452012
207,722,2.9148936170212765
207,131,3.717948717948718
207,423,3.782258064516129
207,65,3.5164835164835164
207,864,3.1449275362318843
207,154,3.832167832167832
207,242,4.065217391304348
207,1147,3.764705882352941
207,520,4.1020408163265305
207,580,3.3461538461538463
207,11,3.8743718592964824
207,187,4.208588957055214
207,540,2.5
207,1225,2.5454545454545454
207,284,3.1824324324324325
207,133,3.870503597122302
207,1435,2.25
207,205,3.9572649572649574
207,59,4.125
207,476,3.0551181102362204
207,535,3.159090909090909
207,521,3.776595744680851
207,871,2.2982456140350878
207,411,2.962121212121212
207,210,3.9578544061302683
207,92,3.617283950617284
207,508,3.585526315789474
208,435,3.9171597633136095
208,197,4.077319587628866
208,208,3.9554140127388533
208,371,3.04
208,662,3.5238095238095237
208,524,4.0
208,381,3.5641025641025643
209,16,3.272727272727273
209,242,4.065217391304348
209,286,3.661498708010336
209,14,4.0510948905109485
209,766,2.8
209,129,3.88659793814433
209,1137,3.782608695652174
210,197,4.077319587628866
210,153,3.77720207253886
210,654,4.061946902654867
210,200,3.7470588235294118
210,1028,3.0545454545454547
210,58,3.6808510638297873
210,821,3.142857142857143
210,152,3.5806451612903225
210,181,4.027093596059113
210,172,4.180555555555555
210,211,3.9289940828402368
210,732,3.6595744680851063
210,49,3.3230769230769233
210,404,3.72972972972973
210,180,4.0
210,238,3.8309178743961354
210,127,4.312693498452012
210,25,3.4148471615720526
210,708,3.4698795180722892
210,69,3.8832684824902723
210,735,3.908256880733945
210,300,3.6176470588235294
210,234,3.751152073732719
210,792,3.734375
210,174,4.247787610619469
210,105,2.5238095238095237
210,176,3.9624413145539905
211,687,2.34
211,876,2.8157894736842106
211,520,4.1020408163265305
211,596,3.326530612244898
211,127,4.312693498452012
211,526,3.8876404494382024
211,199,4.180327868852459
211,443,3.801526717557252
212,87,3.847457627118644
212,127,4.312693498452012
212,179,3.956043956043956
212,86,3.928
212,863,4.285714285714286
213,8,4.011363636363637
213,64,4.44
213,284,3.1824324324324325
213,229,3.0597014925373136
213,273,3.596774193548387
213,281,3.111111111111111
213,50,4.347438752783964
213,715,3.111111111111111
213,2,3.18
213,735,3.908256880733945
213,274,3.4482758620689653
213,318,4.437768240343348
213,175,3.8523489932885906
213,180,4.0
213,258,3.7814070351758793
213,214,3.3636363636363638
213,568,3.64021164021164
213,170,4.13
213,603,4.3602484472049685
213,458,3.2
213,24,3.4135338345864663
213,597,3.1412429378531073
213,448,3.449275362318841
213,133,3.870503597122302
213,447,3.4081632653061225
213,627,3.135593220338983
214,121,3.4656716417910447
214,508,3.585526315789474
214,527,4.0064935064935066
214,324,3.0721649484536084
214,246,3.943396226415094
214,151,3.612403100775194
214,8,4.011363636363637
214,182,3.923076923076923
214,327,3.466666666666667
214,181,4.027093596059113
214,236,3.4857142857142858
214,708,3.4698795180722892
214,307,3.524137931034483
214,1065,3.372093023255814
214,1073,3.7547169811320753
214,238,3.8309178743961354
214,334,3.340909090909091
214,650,3.4545454545454546
214,705,4.048543689320389
214,313,4.269961977186312
214,135,3.9665071770334928
214,137,3.8840579710144927
214,522,3.7666666666666666
214,12,4.408256880733945
214,319,3.2301587301587302
214,408,4.482352941176471
215,443,3.801526717557252
215,270,3.6019417475728157
215,523,4.0
215,517,3.6666666666666665
215,483,4.5
215,11,3.8743718592964824
215,380,3.297872340425532
215,474,4.2405063291139244
215,450,2.411764705882353
215,1063,3.7058823529411766
215,354,3.456140350877193
215,636,3.283582089552239
215,168,4.081967213114754
215,180,4.0
215,15,3.8026315789473686
215,88,3.6011904761904763
215,226,3.352
215,56,4.019047619047619
215,238,3.8309178743961354
216,302,4.165938864628821
216,1161,2.9
216,357,4.330188679245283
216,282,3.6758241758241756
216,1067,3.4324324324324325
216,286,3.661498708010336
216,421,3.6
216,226,3.352
216,655,3.8722222222222222
216,673,3.5211267605633805
216,402,3.404109589041096
216,97,3.8097560975609754
216,257,3.758771929824561
216,100,4.174242424242424
216,93,3.835294117647059
216,1218,3.5238095238095237
216,274,3.4482758620689653
216,25,3.4148471615720526
216,42,3.7796610169491527
216,64,4.44
216,47,3.584070796460177
216,122,2.3493975903614457
216,315,4.104477611940299
216,789,3.6216216216216215
216,408,4.482352941176471
216,82,3.7156398104265405
216,144,3.8757062146892656
217,363,2.707317073170732
217,27,3.0869565217391304
217,222,3.6254180602006687
217,550,3.25
217,1222,2.8333333333333335
217,568,3.64021164021164
217,144,3.8757062146892656
217,62,3.0816326530612246
217,1228,2.4634146341463414
217,17,3.1323529411764706
217,636,3.283582089552239
217,300,3.6176470588235294
217,22,4.162393162393163
217,82,3.7156398104265405
217,56,4.019047619047619
217,576,3.0136986301369864
218,659,4.087912087912088
218,663,3.903225806451613
218,98,4.283018867924528
218,517,3.6666666666666665
218,269,3.9486166007905137
218,208,3.9554140127388533
218,591,3.6
218,154,3.832167832167832
218,209,3.8343949044585988
218,176,3.9624413145539905
218,431,3.5041322314049586
219,1014,3.1333333333333333
219,71,3.847058823529412
219,879,3.277227722772277
219,303,3.6944444444444446
219,936,3.9615384615384617
219,631,3.6288659793814433
220,682,3.088607594936709
220,258,3.7814070351758793
220,288,3.455764075067024
220,264,2.768292682926829
220,300,3.6176470588235294
221,59,4.125
221,467,3.761904761904762
221,405,3.286764705882353
221,386,2.8028169014084505
221,154,3.832167832167832
221,186,3.86
221,282,3.6758241758241756
221,475,3.910994764397906
221,751,3.4630872483221475
221,485,3.9183673469387754
221,423,3.782258064516129
221,128,3.6041666666666665
221,150,3.8125
221,79,4.056390977443609
221,685,3.375
221,318,4.437768240343348
221,476,3.0551181102362204
221,288,3.455764075067024
221,69,3.8832684824902723
221,178,4.346938775510204
221,1267,3.08
221,737,3.0
221,48,4.0625
221,250,3.4551282051282053
221,258,3.7814070351758793
221,399,3.3043478260869565
221,96,4.018099547511312
221,156,3.865546218487395
221,568,3.64021164021164
221,684,3.8
222,1439,3.1666666666666665
222,723,3.2142857142857144
222,816,2.235294117647059
222,356,3.382716049382716
222,732,3.6595744680851063
222,755,3.2987012987012987
222,248,3.611940298507463
222,294,3.112947658402204
222,441,2.55
222,231,2.6576576576576576
222,840,2.6363636363636362
222,153,3.77720207253886
222,238,3.8309178743961354
222,619,3.0980392156862746
222,1042,3.227272727272727
222,457,1.7142857142857142
222,670,3.04
222,388,2.5
222,366,3.357142857142857
222,541,2.880952380952381
222,1011,3.26027397260274
222,762,3.391304347826087
222,66,3.5671641791044775
222,1188,2.657142857142857
222,300,3.6176470588235294
222,26,3.457627118644068
222,140,3.235294117647059
222,237,3.707395498392283
222,596,3.326530612244898
222,225,2.9431818181818183
222,1053,3.3333333333333335
222,191,4.153153153153153
222,159,3.271604938271605
222,298,3.7642857142857142
222,569,2.7017543859649122
222,576,3.0136986301369864
222,151,3.612403100775194
222,405,3.286764705882353
222,806,3.5277777777777777
222,67,3.0588235294117645
222,395,2.6097560975609757
222,8,4.011363636363637
222,833,3.2432432432432434
222,196,3.9170731707317072
222,735,3.908256880733945
222,1220,3.4166666666666665
222,24,3.4135338345864663
222,455,3.242424242424242
222,241,3.5
222,313,4.269961977186312
222,432,3.6546762589928057
222,193,3.9411764705882355
222,188,3.6783216783216783
222,1419,2.0
222,1139,2.7083333333333335
222,1226,3.392857142857143
222,1250,1.6
222,88,3.6011904761904763
222,227,3.184
222,554,2.8369565217391304
222,829,2.64
222,393,3.4324324324324325
222,796,3.1153846153846154
222,591,3.6
222,559,3.1826086956521737
222,391,2.66
222,111,3.506787330316742
222,468,3.3125
222,216,3.9656652360515023
222,385,3.5773809523809526
222,379,2.9285714285714284
222,101,3.25
222,783,2.925925925925926
222,1267,3.08
222,1179,2.0
222,78,2.52
222,739,3.3410852713178296
222,228,3.8
223,257,3.758771929824561
223,924,3.388059701492537
223,1197,3.65625
223,25,3.4148471615720526
223,282,3.6758241758241756
223,117,3.633986928104575
223,284,3.1824324324324325
223,294,3.112947658402204
223,470,3.6704545454545454
223,1234,2.5
223,155,3.0125
223,620,3.1714285714285713
223,819,2.65625
223,143,3.758426966292135
223,255,3.3175675675675675
223,322,3.0994475138121547
223,286,3.661498708010336
223,259,2.6929133858267718
223,405,3.286764705882353
223,288,3.455764075067024
223,411,2.962121212121212
224,294,3.112947658402204
224,212,3.4743589743589745
224,392,3.6271186440677967
224,689,3.1044776119402986
224,333,3.59
224,736,3.9516129032258065
224,727,3.375
224,147,3.4503311258278146
224,1045,3.1052631578947367
224,126,3.7948717948717947
224,287,3.5357142857142856
224,378,3.658536585365854
224,1221,3.59375
224,193,3.9411764705882355
224,925,3.25
224,1442,1.0
224,20,3.4
224,329,3.3157894736842106
224,280,3.242424242424242
224,873,2.9545454545454546
224,1053,3.3333333333333335
224,708,3.4698795180722892
224,277,3.4814814814814814
224,724,3.4464285714285716
224,222,3.6254180602006687
224,569,2.7017543859649122
224,526,3.8876404494382024
224,28,3.935185185185185
224,245,3.1036269430051813
225,604,3.96875
225,245,3.1036269430051813
225,237,3.707395498392283
225,492,3.8297872340425534
225,482,3.970873786407767
225,1443,3.5
226,507,3.8333333333333335
226,224,3.7222222222222223
226,24,3.4135338345864663
226,408,4.482352941176471
226,28,3.935185185185185
226,169,4.462365591397849
226,109,3.480769230769231
226,405,3.286764705882353
226,813,3.9574468085106385
226,209,3.8343949044585988
227,240,2.7401574803149606
227,14,4.0510948905109485
227,19,4.018867924528302
227,121,3.4656716417910447
227,460,3.0
227,1067,3.4324324324324325
227,321,3.0942028985507246
227,405,3.286764705882353
227,1008,3.3225806451612905
227,13,3.361842105263158
227,127,4.312693498452012
227,285,4.2204724409448815
228,812,3.0
228,475,3.910994764397906
228,655,3.8722222222222222
228,327,3.466666666666667
228,690,3.4227642276422765
229,937,3.52
229,349,2.8
229,340,3.5517241379310347
229,303,3.6944444444444446
229,875,2.761904761904762
229,286,3.661498708010336
230,234,3.751152073732719
230,174,4.247787610619469
230,239,3.5294117647058822
230,132,4.043010752688172
230,121,3.4656716417910447
230,420,3.739130434782609
230,28,3.935185185185185
230,64,4.44
230,378,3.658536585365854
230,223,4.153153153153153
230,1444,2.533333333333333
230,621,3.0
230,135,3.9665071770334928
230,739,3.3410852713178296
230,97,3.8097560975609754
230,526,3.8876404494382024
230,153,3.77720207253886
230,100,4.174242424242424
230,99,3.7372262773722627
230,284,3.1824324324324325
230,51,3.3448275862068964
230,195,3.9402390438247012
230,196,3.9170731707317072
230,186,3.86
230,98,4.283018867924528
230,435,3.9171597633136095
230,628,3.4964028776978417
231,405,3.286764705882353
231,50,4.347438752783964
231,121,3.4656716417910447
231,127,4.312693498452012
231,313,4.269961977186312
232,170,4.13
232,651,4.074324324324325
232,425,3.7941176470588234
232,655,3.8722222222222222
232,132,4.043010752688172
232,181,4.027093596059113
232,8,4.011363636363637
232,921,4.0
232,64,4.44
232,705,4.048543689320389
232,435,3.9171597633136095
232,708,3.4698795180722892
232,744,3.418918918918919
232,100,4.174242424242424
232,302,4.165938864628821
232,461,3.607142857142857
232,269,3.9486166007905137
232,523,4.0
232,475,3.910994764397906
233,603,4.3602484472049685
233,806,3.5277777777777777
233,121,3.4656716417910447
233,23,4.13375796178344
233,275,3.9904306220095696
233,129,3.88659793814433
233,48,4.0625
233,14,4.0510948905109485
233,50,4.347438752783964
233,127,4.312693498452012
233,845,3.4779411764705883
233,313,4.269961977186312
233,212,3.4743589743589745
233,495,3.6153846153846154
233,511,4.157894736842105
233,12,4.408256880733945
233,269,3.9486166007905137
233,9,3.8821138211382116
233,205,3.9572649572649574
233,135,3.9665071770334928
233,261,2.5
233,91,3.5789473684210527
234,429,4.012987012987013
234,117,3.633986928104575
234,749,3.1578947368421053
234,1184,2.4285714285714284
234,11,3.8743718592964824
234,887,3.56
234,956,3.5405405405405403
234,732,3.6595744680851063
234,1015,2.2857142857142856
234,648,3.9166666666666665
234,653,3.9
234,523,4.0
234,675,3.4285714285714284
234,102,2.9782608695652173
234,180,4.0
234,1170,3.05
234,1456,3.6
234,656,3.945945945945946
234,85,2.953488372093023
234,237,3.707395498392283
234,8,4.011363636363637
234,421,3.6
234,872,3.310344827586207
234,381,3.5641025641025643
234,329,3.3157894736842106
234,32,3.953846153846154
234,175,3.8523489932885906
234,72,3.203883495145631
234,1039,4.069444444444445
234,527,4.0064935064935066
234,163,3.5211267605633805
234,692,3.672
234,1133,3.090909090909091
234,739,3.3410852713178296
234,1461,3.5261432572627136
234,292,3.6179775280898876
234,634,3.8823529411764706
234,1100,2.8
234,641,4.214285714285714
234,589,4.0
234,929,2.735294117647059
234,207,3.8823529411764706
234,611,4.076923076923077
234,86,3.928
234,88,3.6011904761904763
234,286,3.661498708010336
234,1050,3.6470588235294117
234,234,3.751152073732719
234,1021,3.8333333333333335
234,1075,3.25
234,143,3.758426966292135
234,14,4.0510948905109485
234,289,2.9651741293532337
234,358,2.607142857142857
234,964,3.142857142857143
234,77,3.2459016393442623
234,357,4.330188679245283
234,259,2.6929133858267718
234,277,3.4814814814814814
234,151,3.612403100775194
234,219,3.202247191011236
234,124,4.092105263157895
234,98,4.283018867924528
234,435,3.9171597633136095
234,199,4.180327868852459
234,414,3.382978723404255
234,616,3.381818181818182
234,489,4.051282051282051
234,100,4.174242424242424
234,1078,2.8333333333333335
234,371,3.04
234,1451,4.2
234,154,3.832167832167832
234,13,3.361842105263158
234,304,3.53781512605042
234,268,3.81025641025641
234,601,4.166666666666667
234,557,3.1333333333333333
234,481,3.92
234,434,3.8703703703703702
234,153,3.77720207253886
234,76,3.5365853658536586
234,1460,3.5261432572627136
234,215,3.674698795180723
234,152,3.5806451612903225
234,636,3.283582089552239
234,1172,3.6666666666666665
234,133,3.870503597122302
234,1397,3.0
234,273,3.596774193548387
234,966,4.2
234,443,3.801526717557252
234,486,3.9130434782608696
234,229,3.0597014925373136
234,837,4.0
234,526,3.8876404494382024
235,494,3.975
235,193,3.9411764705882355
235,82,3.7156398104265405
235,483,4.5
235,429,4.012987012987013
235,1451,4.2
235,303,3.6944444444444446
235,190,4.175257731958763
235,292,3.6179775280898876
235,69,3.8832684824902723
235,207,3.8823529411764706
235,747,3.513157894736842
235,87,3.847457627118644
235,1176,3.5
235,792,3.734375
235,153,3.77720207253886
235,511,4.157894736842105
235,1149,3.8947368421052633
235,652,3.9027777777777777
236,148,3.2395833333333335
236,223,4.153153153153153
236,729,3.403225806451613
236,57,3.8666666666666667
236,532,3.388888888888889
236,9,3.8821138211382116
236,216,3.9656652360515023
236,333,3.59
236,318,4.437768240343348
236,275,3.9904306220095696
236,50,4.347438752783964
236,686,3.789473684210526
236,506,3.791044776119403
236,294,3.112947658402204
236,478,4.116279069767442
236,411,2.962121212121212
236,510,4.041237113402062
236,419,3.627586206896552
236,134,4.269938650306749
236,211,3.9289940828402368
236,429,4.012987012987013
236,595,3.1176470588235294
236,97,3.8097560975609754
236,614,3.697674418604651
236,289,2.9651741293532337
237,498,4.24031007751938
237,479,4.222222222222222
237,514,3.880281690140845
237,28,3.935185185185185
237,494,3.975
237,656,3.945945945945946
237,199,4.180327868852459
237,174,4.247787610619469
237,23,4.13375796178344
237,483,4.5
238,845,3.4779411764705883
238,121,3.4656716417910447
238,286,3.661498708010336
238,300,3.6176470588235294
238,118,3.2266666666666666
238,298,3.7642857142857142
239,181,4.027093596059113
239,507,3.8333333333333335
239,172,4.180555555555555
239,690,3.4227642276422765
239,430,3.9305555555555554
239,659,4.087912087912088
239,135,3.9665071770334928
239,705,4.048543689320389
239,312,3.28125
239,268,3.81025641025641
239,100,4.174242424242424
239,69,3.8832684824902723
239,1203,3.8666666666666667
239,304,3.53781512605042
239,488,4.196078431372549
239,133,3.870503597122302
239,652,3.9027777777777777
239,79,4.056390977443609
239,478,4.116279069767442
239,513,4.362068965517241
239,421,3.6
239,42,3.7796610169491527
239,340,3.5517241379310347
239,1098,3.7586206896551726
239,701,3.75
239,46,3.611111111111111
239,654,4.061946902654867
239,98,4.283018867924528
239,1115,3.48
239,185,4.101063829787234
239,194,4.0473684210526315
239,509,3.923076923076923
240,879,3.277227722772277
240,873,2.9545454545454546
240,307,3.524137931034483
240,313,4.269961977186312
240,245,3.1036269430051813
241,880,3.2941176470588234
241,895,3.0853658536585367
241,270,3.6019417475728157
241,294,3.112947658402204
241,346,3.622448979591837
242,291,3.392156862745098
242,111,3.506787330316742
242,283,3.75
242,361,3.142857142857143
243,387,3.314814814814815
243,732,3.6595744680851063
243,509,3.923076923076923
243,468,3.3125
243,14,4.0510948905109485
243,736,3.9516129032258065
243,285,4.2204724409448815
243,93,3.835294117647059
243,531,3.9405940594059405
243,737,3.0
243,25,3.4148471615720526
243,708,3.4698795180722892
243,83,4.0647482014388485
243,632,3.8222222222222224
243,1039,4.069444444444445
243,194,4.0473684210526315
243,275,3.9904306220095696
244,673,3.5211267605633805
244,317,3.89010989010989
244,155,3.0125
244,86,3.928
244,508,3.585526315789474
244,161,3.5388888888888888
244,716,3.272727272727273
244,1017,3.263157894736842
244,89,4.173913043478261
244,1057,2.25
244,197,4.077319587628866
244,67,3.0588235294117645
244,101,3.25
244,232,3.2222222222222223
244,833,3.2432432432432434
244,1012,3.55
244,65,3.5164835164835164
244,193,3.9411764705882355
244,173,4.15625
244,763,3.4488188976377954
244,249,3.303030303030303
244,1428,3.5
244,468,3.3125
244,88,3.6011904761904763
244,455,3.242424242424242
244,458,3.2
244,946,3.196078431372549
244,145,2.4074074074074074
244,756,2.857142857142857
244,660,3.7777777777777777
244,1107,3.1333333333333333
244,54,3.253012048192771
244,732,3.6595744680851063
244,181,4.027093596059113
244,676,3.3484848484848486
244,924,3.388059701492537
244,537,3.625
244,31,3.6495726495726495
244,69,3.8832684824902723
244,26,3.457627118644068
244,216,3.9656652360515023
244,584,3.5303030303030303
244,650,3.4545454545454546
244,724,3.4464285714285716
244,72,3.203883495145631
244,509,3.923076923076923
244,471,3.66120218579235
244,685,3.375
245,473,3.118811881188119
245,1028,3.0545454545454547
245,133,3.870503597122302
245,50,4.347438752783964
245,94,3.0275229357798166
246,444,2.823529411764706
246,38,2.941747572815534
246,66,3.5671641791044775
246,616,3.381818181818182
246,393,3.4324324324324325
246,1052,2.526315789473684
246,404,3.72972972972973
246,80,2.6538461538461537
246,895,3.0853658536585367
246,289,2.9651741293532337
246,173,4.15625
246,41,3.2
246,568,3.64021164021164
246,765,2.888888888888889
246,254,2.488372093023256
246,721,3.425531914893617
246,216,3.9656652360515023
246,447,3.4081632653061225
246,384,2.8727272727272726
246,409,3.1666666666666665
246,239,3.5294117647058822
246,418,3.609090909090909
246,403,3.4394904458598727
246,412,2.410958904109589
246,94,3.0275229357798166
246,132,4.043010752688172
246,1,3.900804289544236
246,1028,3.0545454545454547
246,1139,2.7083333333333335
246,252,3.032520325203252
246,294,3.112947658402204
246,56,4.019047619047619
246,475,3.910994764397906
246,1101,3.711864406779661
246,238,3.8309178743961354
246,596,3.326530612244898
246,11,3.8743718592964824
246,1188,2.657142857142857
246,159,3.271604938271605
247,1022,3.3
247,111,3.506787330316742
247,272,4.261437908496732
247,257,3.758771929824561
247,64,4.44
247,271,3.2569832402234637
248,257,3.758771929824561
248,806,3.5277777777777777
248,187,4.208588957055214
248,79,4.056390977443609
248,294,3.112947658402204
248,100,4.174242424242424
248,185,4.101063829787234
248,1,3.900804289544236
248,323,2.918918918918919
248,64,4.44
248,475,3.910994764397906
248,69,3.8832684824902723
249,172,4.180555555555555
249,202,3.782051282051282
249,2,3.18
249,1103,3.9285714285714284
249,427,4.287425149700598
249,746,3.65625
249,39,3.264705882352941
249,255,3.3175675675675675
249,300,3.6176470588235294
249,12,4.408256880733945
249,318,4.437768240343348
249,479,4.222222222222222
249,591,3.6
249,173,4.15625
249,919,3.730769230769231
249,708,3.4698795180722892
249,294,3.112947658402204
249,7,3.801302931596091
249,241,3.5
249,137,3.8840579710144927
249,1039,4.069444444444445
249,183,4.004464285714286
249,408,4.482352941176471
249,826,2.557377049180328
249,11,3.8743718592964824
249,129,3.88659793814433
249,175,3.8523489932885906
249,31,3.6495726495726495
249,240,2.7401574803149606
249,176,3.9624413145539905
249,423,3.782258064516129
249,930,2.6
249,480,4.302158273381295
250,1161,2.9
250,582,3.648854961832061
250,948,2.210526315789474
250,321,3.0942028985507246
250,751,3.4630872483221475
250,238,3.8309178743961354
250,676,3.3484848484848486
250,322,3.0994475138121547
250,943,3.411764705882353
250,469,3.7735849056603774
250,325,2.4081632653061225
250,1073,3.7547169811320753
250,175,3.8523489932885906
250,687,2.34
250,475,3.910994764397906
250,496,4.087431693989071
250,991,2.3684210526315788
250,183,4.004464285714286
250,64,4.44
250,258,3.7814070351758793
250,357,4.330188679245283
250,196,3.9170731707317072
250,98,4.283018867924528
250,485,3.9183673469387754
250,629,3.3275862068965516
251,685,3.375
251,117,3.633986928104575
251,257,3.758771929824561
251,183,4.004464285714286
251,281,3.111111111111111
251,79,4.056390977443609
251,1098,3.7586206896551726
251,132,4.043010752688172
251,480,4.302158273381295
251,471,3.66120218579235
251,1016,3.4434782608695653
251,250,3.4551282051282053
251,298,3.7642857142857142
251,427,4.287425149700598
251,252,3.032520325203252
251,249,3.303030303030303
252,129,3.88659793814433
252,268,3.81025641025641
252,224,3.7222222222222223
252,475,3.910994764397906
252,847,3.840909090909091
253,79,4.056390977443609
253,95,3.8275862068965516
253,328,3.3958333333333335
253,485,3.9183673469387754
253,121,3.4656716417910447
253,173,4.15625
253,100,4.174242424242424
253,216,3.9656652360515023
253,427,4.287425149700598
253,806,3.5277777777777777
253,202,3.782051282051282
253,190,4.175257731958763
253,747,3.513157894736842
253,222,3.6254180602006687
253,175,3.8523489932885906
253,97,3.8097560975609754
253,1039,4.069444444444445
253,81,3.5421686746987953
253,153,3.77720207253886
253,82,3.7156398104265405
254,231,2.6576576576576576
254,436,3.576923076923077
254,162,3.6
254,561,2.9318181818181817
254,596,3.326530612244898
254,496,4.087431693989071
254,21,2.7746478873239435
254,435,3.9171597633136095
254,82,3.7156398104265405
254,227,3.184
254,50,4.347438752783964
254,441,2.55
254,573,2.8260869565217392
254,951,2.857142857142857
254,125,3.5255102040816326
254,498,4.24031007751938
254,378,3.658536585365854
254,140,3.235294117647059
254,665,2.775
254,393,3.4324324324324325
254,1443,3.5
254,465,3.701492537313433
254,99,3.7372262773722627
254,1033,2.6
254,1091,2.8
254,181,4.027093596059113
254,204,3.8333333333333335
254,649,3.3947368421052633
254,103,1.9090909090909092
254,243,2.3823529411764706
254,403,3.4394904458598727
254,257,3.758771929824561
255,447,3.4081632653061225
255,7,3.801302931596091
255,249,3.303030303030303
255,860,2.7
255,455,3.242424242424242
255,98,4.283018867924528
255,551,2.388888888888889
255,343,3.0485436893203883
255,281,3.111111111111111
255,323,2.918918918918919
255,273,3.596774193548387
255,448,3.449275362318841
255,271,3.2569832402234637
255,825,3.1194029850746268
255,841,2.710526315789474
255,685,3.375
255,259,2.6929133858267718
256,471,3.66120218579235
256,79,4.056390977443609
256,323,2.918918918918919
256,284,3.1824324324324325
256,31,3.6495726495726495
256,319,3.2301587301587302
256,368,1.8636363636363635
256,472,2.9844961240310077
256,227,3.184
256,460,3.0
256,188,3.6783216783216783
256,741,3.5217391304347827
256,657,4.235849056603773
256,278,3.125
256,550,3.25
256,1109,3.238095238095238
256,151,3.612403100775194
256,120,2.3333333333333335
256,385,3.5773809523809526
256,568,3.64021164021164
256,1424,2.0
256,96,4.018099547511312
256,1,3.900804289544236
256,662,3.5238095238095237
256,288,3.455764075067024
256,1090,2.5517241379310347
256,934,2.9
256,229,3.0597014925373136
256,984,2.902439024390244
256,127,4.312693498452012
256,182,3.923076923076923
256,294,3.112947658402204
256,291,3.392156862745098
256,642,3.5416666666666665
256,4,3.5
256,732,3.6595744680851063
256,49,3.3230769230769233
256,1228,2.4634146341463414
256,187,4.208588957055214
256,864,3.1449275362318843
256,1061,3.0
256,932,2.966666666666667
257,198,3.989795918367347
257,237,3.707395498392283
257,165,4.155555555555556
257,258,3.7814070351758793
257,462,3.810344827586207
257,405,3.286764705882353
257,113,4.0
257,269,3.9486166007905137
257,129,3.88659793814433
257,1137,3.782608695652174
257,86,3.928
257,1462,3.5
258,748,3.0784313725490198
258,690,3.4227642276422765
258,333,3.59
258,243,2.3823529411764706
258,315,4.104477611940299
259,181,4.027093596059113
259,475,3.910994764397906
259,185,4.101063829787234
259,168,4.081967213114754
259,98,4.283018867924528
259,269,3.9486166007905137
259,271,3.2569832402234637
259,121,3.4656716417910447
259,298,3.7642857142857142
259,210,3.9578544061302683
260,333,3.59
260,682,3.088607594936709
260,334,3.340909090909091
260,322,3.0994475138121547
260,307,3.524137931034483
261,304,3.53781512605042
261,410,3.076923076923077
261,245,3.1036269430051813
261,748,3.0784313725490198
261,288,3.455764075067024
261,596,3.326530612244898
262,258,3.7814070351758793
262,153,3.77720207253886
262,386,2.8028169014084505
262,169,4.462365591397849
262,1095,2.4583333333333335
262,762,3.391304347826087
262,650,3.4545454545454546
262,929,2.735294117647059
262,785,3.206896551724138
262,735,3.908256880733945
262,736,3.9516129032258065
262,47,3.584070796460177
262,553,3.2222222222222223
262,22,4.162393162393163
262,393,3.4324324324324325
262,121,3.4656716417910447
262,174,4.247787610619469
262,219,3.202247191011236
262,1035,3.19672131147541
262,1278,3.5833333333333335
262,98,4.283018867924528
262,7,3.801302931596091
262,786,2.75
262,336,2.5
262,699,3.6875
262,949,3.3793103448275863
262,86,3.928
262,179,3.956043956043956
262,1,3.900804289544236
262,294,3.112947658402204
262,727,3.375
262,278,3.125
263,50,4.347438752783964
263,1444,2.533333333333333
263,498,4.24031007751938
263,197,4.077319587628866
263,443,3.801526717557252
263,316,4.137931034482759
263,163,3.5211267605633805
263,423,3.782258064516129
263,482,3.970873786407767
263,732,3.6595744680851063
263,523,4.0
263,245,3.1036269430051813
263,177,3.926605504587156
263,31,3.6495726495726495
263,495,3.6153846153846154
263,486,3.9130434782608696
263,886,3.024390243902439
263,86,3.928
263,180,4.0
263,96,4.018099547511312
263,480,4.302158273381295
263,416,3.404255319148936
263,117,3.633986928104575
263,135,3.9665071770334928
263,521,3.776595744680851
264,186,3.86
264,1069,2.9375
264,204,3.8333333333333335
264,443,3.801526717557252
264,4,3.5
264,709,3.9655172413793105
264,1474,3.0
264,671,3.5526315789473686
264,216,3.9656652360515023
264,447,3.4081632653061225
264,240,2.7401574803149606
264,516,4.02
264,844,3.3636363636363638
264,813,3.9574468085106385
264,606,4.017241379310345
264,209,3.8343949044585988
264,200,3.7470588235294118
264,525,3.9508196721311477
264,12,4.408256880733945
264,672,2.673076923076923
264,70,3.6381909547738696
264,514,3.880281690140845
264,637,2.9393939393939394
264,183,4.004464285714286
265,328,3.3958333333333335
265,591,3.6
265,111,3.506787330316742
265,471,3.66120218579235
265,477,3.1578947368421053
265,688,1.7027027027027026
265,934,2.9
265,7,3.801302931596091
265,756,2.857142857142857
265,327,3.466666666666667
266,275,3.9904306220095696
266,272,4.261437908496732
266,268,3.81025641025641
266,313,4.269961977186312
266,14,4.0510948905109485
267,475,3.910994764397906
267,22,4.162393162393163
267,944,3.0
267,554,2.8369565217391304
267,647,4.05
267,5,3.318840579710145
267,1090,2.5517241379310347
267,720,2.9833333333333334
267,50,4.347438752783964
267,168,4.081967213114754
267,464,3.4761904761904763
267,654,4.061946902654867
267,665,2.775
267,175,3.8523489932885906
267,579,2.6
267,31,3.6495726495726495
267,239,3.5294117647058822
267,614,3.697674418604651
267,179,3.956043956043956
267,380,3.297872340425532
267,33,3.45679012345679
267,157,3.696078431372549
267,187,4.208588957055214
267,195,3.9402390438247012
267,7,3.801302931596091
267,293,3.841666666666667
267,810,2.875
267,181,4.027093596059113
267,386,2.8028169014084505
267,143,3.758426966292135
267,385,3.5773809523809526
267,240,2.7401574803149606
267,684,3.8
267,943,3.411764705882353
267,411,2.962121212121212
267,100,4.174242424242424
267,470,3.6704545454545454
268,1222,2.8333333333333335
268,252,3.032520325203252
268,483,4.5
268,1273,3.1
268,574,2.090909090909091
268,747,3.513157894736842
268,179,3.956043956043956
268,717,2.859154929577465
268,1079,2.303030303030303
268,163,3.5211267605633805
268,357,4.330188679245283
268,455,3.242424242424242
268,209,3.8343949044585988
268,195,3.9402390438247012
268,566,3.633587786259542
268,99,3.7372262773722627
268,655,3.8722222222222222
268,234,3.751152073732719
268,227,3.184
268,761,3.1666666666666665
268,382,3.5555555555555554
268,25,3.4148471615720526
268,39,3.264705882352941
268,116,3.78
268,147,3.4503311258278146
268,480,4.302158273381295
268,235,2.7873563218390807
268,117,3.633986928104575
268,949,3.3793103448275863
268,825,3.1194029850746268
268,421,3.6
268,70,3.6381909547738696
268,546,3.0634146341463415
268,423,3.782258064516129
268,226,3.352
268,391,2.66
268,123,3.2065217391304346
268,466,3.6444444444444444
268,569,2.7017543859649122
268,484,4.151785714285714
268,264,2.768292682926829
268,735,3.908256880733945
268,4,3.5
268,174,4.247787610619469
268,176,3.9624413145539905
268,940,2.2962962962962963
268,259,2.6929133858267718
268,50,4.347438752783964
268,228,3.8
268,588,3.75
268,727,3.375
268,17,3.1323529411764706
268,358,2.607142857142857
268,1074,2.935483870967742
268,582,3.648854961832061
268,541,2.880952380952381
268,240,2.7401574803149606
268,27,3.0869565217391304
268,145,2.4074074074074074
268,544,3.16
268,82,3.7156398104265405
268,12,4.408256880733945
268,172,4.180555555555555
268,374,2.0
268,713,3.509433962264151
268,333,3.59
269,1361,1.0
269,444,2.823529411764706
269,783,2.925925925925926
269,15,3.8026315789473686
269,181,4.027093596059113
269,108,3.036363636363636
269,274,3.4482758620689653
269,192,4.080459770114943
269,22,4.162393162393163
269,316,4.137931034482759
269,509,3.923076923076923
269,72,3.203883495145631
269,525,3.9508196721311477
269,96,4.018099547511312
269,121,3.4656716417910447
269,111,3.506787330316742
269,425,3.7941176470588234
269,188,3.6783216783216783
269,120,2.3333333333333335
269,505,3.8846153846153846
269,512,3.978723404255319
269,387,3.314814814814815
269,412,2.410958904109589
269,1005,3.9375
269,1006,2.8823529411764706
269,642,3.5416666666666665
269,176,3.9624413145539905
269,1428,3.5
269,427,4.287425149700598
269,281,3.111111111111111
269,132,4.043010752688172
269,162,3.6
269,821,3.142857142857143
269,775,2.85
269,1444,2.533333333333333
269,1014,3.1333333333333333
269,483,4.5
269,1073,3.7547169811320753
269,417,3.087719298245614
269,436,3.576923076923077
269,55,3.7398373983739837
269,665,2.775
269,153,3.77720207253886
269,479,4.222222222222222
269,44,3.3174603174603177
269,715,3.111111111111111
269,886,3.024390243902439
269,616,3.381818181818182
269,761,3.1666666666666665
269,928,3.225
269,77,3.2459016393442623
269,1040,2.7058823529411766
269,17,3.1323529411764706
269,143,3.758426966292135
269,82,3.7156398104265405
269,1135,3.0
269,771,2.75
269,805,3.652173913043478
269,1427,3.0
269,179,3.956043956043956
269,48,4.0625
269,231,2.6576576576576576
269,902,3.7222222222222223
269,211,3.9289940828402368
269,464,3.4761904761904763
270,741,3.5217391304347827
270,574,2.090909090909091
270,1074,2.935483870967742
270,596,3.326530612244898
270,558,3.6964285714285716
270,1119,3.625
270,452,2.5652173913043477
270,1109,3.238095238095238
270,402,3.404109589041096
270,713,3.509433962264151
270,244,3.15
270,324,3.0721649484536084
270,283,3.75
270,97,3.8097560975609754
270,872,3.310344827586207
270,118,3.2266666666666666
270,387,3.314814814814815
270,443,3.801526717557252
270,815,3.21978021978022
270,234,3.751152073732719
270,258,3.7814070351758793
270,1471,2.5
270,66,3.5671641791044775
270,421,3.6
270,159,3.271604938271605
270,222,3.6254180602006687
270,471,3.66120218579235
270,671,3.5526315789473686
271,485,3.9183673469387754
271,275,3.9904306220095696
271,70,3.6381909547738696
271,651,4.074324324324325
271,520,4.1020408163265305
271,300,3.6176470588235294
271,410,3.076923076923077
271,462,3.810344827586207
271,137,3.8840579710144927
271,605,3.4545454545454546
271,470,3.6704545454545454
271,476,3.0551181102362204
271,180,4.0
271,1266,3.0
271,302,4.165938864628821
271,173,4.15625
271,539,2.433333333333333
271,441,2.55
271,732,3.6595744680851063
271,269,3.9486166007905137
271,235,2.7873563218390807
271,169,4.462365591397849
271,471,3.66120218579235
271,203,3.830188679245283
271,313,4.269961977186312
271,381,3.5641025641025643
271,132,4.043010752688172
271,141,3.491228070175439
271,211,3.9289940828402368
271,28,3.935185185185185
271,742,3.677570093457944
271,705,4.048543689320389
271,25,3.4148471615720526
271,248,3.611940298507463
271,50,4.347438752783964
271,44,3.3174603174603177
271,276,3.7148936170212767
271,345,3.4313725490196076
271,496,4.087431693989071
271,234,3.751152073732719
271,205,3.9572649572649574
271,792,3.734375
271,97,3.8097560975609754
271,1120,3.1666666666666665
271,515,4.25
271,425,3.7941176470588234
271,495,3.6153846153846154
271,1028,3.0545454545454547
271,244,3.15
271,51,3.3448275862068964
271,630,3.380952380952381
271,127,4.312693498452012
271,603,4.3602484472049685
271,65,3.5164835164835164
271,131,3.717948717948718
271,177,3.926605504587156
272,42,3.7796610169491527
272,746,3.65625
272,604,3.96875
272,22,4.162393162393163
272,32,3.953846153846154
272,79,4.056390977443609
272,98,4.283018867924528
272,1393,2.142857142857143
272,483,4.5
272,208,3.9554140127388533
272,172,4.180555555555555
273,307,3.524137931034483
273,900,3.911764705882353
273,286,3.661498708010336
273,690,3.4227642276422765
273,313,4.269961977186312
274,873,2.9545454545454546
274,88,3.6011904761904763
274,546,3.0634146341463415
274,628,3.4964028776978417
274,472,2.9844961240310077
274,496,4.087431693989071
274,1163,2.6875
274,1063,3.7058823529411766
274,685,3.375
274,9,3.8821138211382116
274,405,3.286764705882353
274,200,3.7470588235294118
274,98,4.283018867924528
274,1060,2.9393939393939394
274,25,3.4148471615720526
275,432,3.6546762589928057
275,472,2.9844961240310077
275,624,3.1176470588235294
275,188,3.6783216783216783
275,98,4.283018867924528
275,515,4.25
275,825,3.1194029850746268
275,95,3.8275862068965516
275,431,3.5041322314049586
275,501,3.5670103092783507
275,210,3.9578544061302683
275,176,3.9624413145539905
275,96,4.018099547511312
275,969,3.838709677419355
275,199,4.180327868852459
275,258,3.7814070351758793
275,173,4.15625
275,473,3.118811881188119
275,89,4.173913043478261
276,141,3.491228070175439
276,750,3.8333333333333335
276,1079,2.303030303030303
276,203,3.830188679245283
276,470,3.6704545454545454
276,382,3.5555555555555554
276,147,3.4503311258278146
276,409,3.1666666666666665
276,281,3.111111111111111
276,552,2.8055555555555554
276,269,3.9486166007905137
276,742,3.677570093457944
276,1471,2.5
276,264,2.768292682926829
276,40,2.857142857142857
276,219,3.202247191011236
276,325,2.4081632653061225
276,879,3.277227722772277
276,977,2.789473684210526
276,578,3.116883116883117
276,156,3.865546218487395
276,508,3.585526315789474
276,732,3.6595744680851063
276,51,3.3448275862068964
276,426,2.782608695652174
276,1180,2.8333333333333335
276,710,3.5714285714285716
276,1253,2.6666666666666665
276,151,3.612403100775194
276,172,4.180555555555555
276,678,2.8373493975903616
276,547,3.257142857142857
276,76,3.5365853658536586
276,780,3.0172413793103448
276,1240,3.526315789473684
276,288,3.455764075067024
276,405,3.286764705882353
276,1098,3.7586206896551726
276,159,3.271604938271605
276,544,3.16
276,551,2.388888888888889
276,563,2.5652173913043477
276,692,3.672
276,1011,3.26027397260274
276,748,3.0784313725490198
276,58,3.6808510638297873
276,225,2.9431818181818183
276,250,3.4551282051282053
276,1110,2.8461538461538463
276,969,3.838709677419355
276,423,3.782258064516129
276,636,3.283582089552239
276,313,4.269961977186312
276,751,3.4630872483221475
276,249,3.303030303030303
276,380,3.297872340425532
276,526,3.8876404494382024
276,928,3.225
276,318,4.437768240343348
276,739,3.3410852713178296
276,396,2.744186046511628
276,254,2.488372093023256
276,719,2.4782608695652173
276,845,3.4779411764705883
276,571,2.4545454545454546
276,939,3.5918367346938775
276,104,1.6666666666666667
276,217,3.077777777777778
276,195,3.9402390438247012
276,803,2.75
276,709,3.9655172413793105
276,53,2.951923076923077
276,734,2.6
276,94,3.0275229357798166
276,451,3.389261744966443
276,72,3.203883495145631
276,1083,2.4
276,46,3.611111111111111
276,246,3.943396226415094
276,1006,2.8823529411764706
276,871,2.2982456140350878
276,85,2.953488372093023
276,50,4.347438752783964
276,1131,4.1
276,463,3.819672131147541
276,1145,2.857142857142857
276,1109,3.238095238095238
276,65,3.5164835164835164
276,421,3.6
276,807,2.2
276,173,4.15625
276,634,3.8823529411764706
276,628,3.4964028776978417
276,386,2.8028169014084505
276,73,3.4909090909090907
276,127,4.312693498452012
276,1407,2.2857142857142856
276,101,3.25
276,189,4.078431372549019
276,1213,2.5
276,783,2.925925925925926
276,315,4.104477611940299
276,747,3.513157894736842
276,180,4.0
277,25,3.4148471615720526
277,925,3.25
277,844,3.3636363636363638
277,121,3.4656716417910447
277,24,3.4135338345864663
277,111,3.506787330316742
277,405,3.286764705882353
277,1129,3.5454545454545454
277,237,3.707395498392283
277,285,4.2204724409448815
277,9,3.8821138211382116
278,245,3.1036269430051813
278,173,4.15625
278,294,3.112947658402204
278,752,3.25
278,538,3.36
279,576,3.0136986301369864
279,474,4.2405063291139244
279,1206,2.5384615384615383
279,193,3.9411764705882355
279,147,3.4503311258278146
279,100,4.174242424242424
279,901,1.5555555555555556
279,1087,1.7142857142857142
279,1039,4.069444444444445
279,1481,2.0
279,721,3.425531914893617
279,1428,3.5
279,779,2.4166666666666665
279,13,3.361842105263158
279,739,3.3410852713178296
279,395,2.6097560975609757
279,122,2.3493975903614457
279,88,3.6011904761904763
279,1028,3.0545454545454547
279,514,3.880281690140845
279,652,3.9027777777777777
279,62,3.0816326530612246
279,992,2.6666666666666665
279,487,4.037735849056604
279,137,3.8840579710144927
279,407,2.5517241379310347
279,684,3.8
279,153,3.77720207253886
279,778,3.5223880597014925
279,191,4.153153153153153
279,114,4.396551724137931
279,1180,2.8333333333333335
279,1271,2.6
279,99,3.7372262773722627
279,265,3.840909090909091
279,685,3.375
279,228,3.8
279,982,2.8666666666666667
279,990,2.962962962962963
279,952,3.2285714285714286
279,166,4.153846153846154
279,486,3.9130434782608696
279,827,2.7560975609756095
279,1497,4.0
279,27,3.0869565217391304
279,753,3.736842105263158
279,42,3.7796610169491527
279,1230,1.7333333333333334
279,1444,2.533333333333333
279,151,3.612403100775194
279,29,2.627906976744186
279,283,3.75
279,586,2.5555555555555554
279,1495,3.6666666666666665
279,444,2.823529411764706
279,259,2.6929133858267718
279,294,3.112947658402204
279,455,3.242424242424242
279,132,4.043010752688172
279,544,3.16
279,208,3.9554140127388533
279,1048,3.066666666666667
279,1361,1.0
279,824,2.72972972972973
279,1501,3.3333333333333335
279,1500,5.0
279,274,3.4482758620689653
279,30,4.125
279,666,2.5
279,1288,2.6
279,1121,3.764705882352941
279,833,3.2432432432432434
279,382,3.5555555555555554
279,81,3.5421686746987953
279,108,3.036363636363636
279,805,3.652173913043478
279,1312,2.0
279,727,3.375
279,1489,2.0
279,712,3.0
279,431,3.5041322314049586
279,379,2.9285714285714284
279,558,3.6964285714285716
279,792,3.734375
279,1195,3.5555555555555554
279,130,2.473684210526316
279,480,4.302158273381295
280,750,3.8333333333333335
280,128,3.6041666666666665
280,140,3.235294117647059
280,322,3.0994475138121547
280,934,2.9
280,230,3.460122699386503
280,7,3.801302931596091
280,286,3.661498708010336
280,1207,2.0833333333333335
280,274,3.4482758620689653
280,699,3.6875
280,678,2.8373493975903616
280,50,4.347438752783964
280,142,3.0
280,465,3.701492537313433
280,202,3.782051282051282
280,845,3.4779411764705883
280,215,3.674698795180723
280,725,2.6666666666666665
280,550,3.25
280,431,3.5041322314049586
280,225,2.9431818181818183
280,284,3.1824324324324325
280,1466,3.3333333333333335
280,739,3.3410852713178296
280,95,3.8275862068965516
280,790,2.9272727272727272
280,71,3.847058823529412
280,68,3.3893805309734515
280,367,3.4375
280,54,3.253012048192771
280,29,2.627906976744186
280,631,3.6288659793814433
280,755,3.2987012987012987
280,1459,3.6
280,731,3.15625
280,402,3.404109589041096
280,1,3.900804289544236
280,229,3.0597014925373136
280,235,2.7873563218390807
280,1015,2.2857142857142856
280,609,3.519230769230769
280,86,3.928
280,227,3.184
280,12,4.408256880733945
280,1099,3.3636363636363638
280,942,3.4054054054054053
280,167,2.981132075471698
280,2,3.18
280,629,3.3275862068965516
280,102,2.9782608695652173
280,219,3.202247191011236
281,331,3.5698924731182795
281,748,3.0784313725490198
281,682,3.088607594936709
281,308,3.0476190476190474
281,877,2.6944444444444446
281,332,3.4601769911504423
282,327,3.466666666666667
282,302,4.165938864628821
282,294,3.112947658402204
282,288,3.455764075067024
282,262,3.74
283,125,3.5255102040816326
283,208,3.9554140127388533
283,24,3.4135338345864663
283,659,4.087912087912088
283,151,3.612403100775194
283,175,3.8523489932885906
283,186,3.86
283,1487,2.0
283,1114,3.0
283,238,3.8309178743961354
283,588,3.75
284,270,3.6019417475728157
284,332,3.4601769911504423
284,319,3.2301587301587302
284,347,3.49
284,877,2.6944444444444446
284,305,3.716417910447761
284,259,2.6929133858267718
284,306,4.0
284,340,3.5517241379310347
284,900,3.911764705882353
285,455,3.242424242424242
285,538,3.36
285,183,4.004464285714286
285,100,4.174242424242424
285,346,3.622448979591837
285,682,3.088607594936709
285,286,3.661498708010336
286,3,3.095890410958904
286,402,3.404109589041096
286,642,3.5416666666666665
286,139,2.761904761904762
286,57,3.8666666666666667
286,1503,2.875
286,1038,2.5454545454545454
286,212,3.4743589743589745
286,186,3.86
286,172,4.180555555555555
286,1,3.900804289544236
286,763,3.4488188976377954
286,211,3.9289940828402368
286,640,3.0161290322580645
286,411,2.962121212121212
286,235,2.7873563218390807
286,85,2.953488372093023
286,250,3.4551282051282053
286,123,3.2065217391304346
286,1101,3.711864406779661
286,234,3.751152073732719
286,423,3.782258064516129
286,924,3.388059701492537
286,144,3.8757062146892656
286,191,4.153153153153153
286,792,3.734375
286,107,3.4571428571428573
286,728,2.973684210526316
286,175,3.8523489932885906
286,312,3.28125
286,169,4.462365591397849
286,658,3.388059701492537
286,1288,2.6
286,181,4.027093596059113
286,931,2.0697674418604652
286,95,3.8275862068965516
286,372,3.576923076923077
286,461,3.607142857142857
286,1119,3.625
286,153,3.77720207253886
286,738,2.7857142857142856
286,655,3.8722222222222222
286,949,3.3793103448275863
286,396,2.744186046511628
286,710,3.5714285714285716
286,390,3.1666666666666665
286,405,3.286764705882353
286,88,3.6011904761904763
286,1075,3.25
286,154,3.832167832167832
286,268,3.81025641025641
286,433,3.7071428571428573
286,476,3.0551181102362204
286,1079,2.303030303030303
286,173,4.15625
286,34,2.4
286,70,3.6381909547738696
286,336,2.5
287,218,3.437037037037037
287,546,3.0634146341463415
287,168,4.081967213114754
287,235,2.7873563218390807
287,347,3.49
287,92,3.617283950617284
287,100,4.174242424242424
287,461,3.607142857142857
287,50,4.347438752783964
287,682,3.088607594936709
287,276,3.7148936170212767
287,156,3.865546218487395
287,1016,3.4434782608695653
288,136,4.193181818181818
288,190,4.175257731958763
288,887,3.56
288,593,3.0
288,234,3.751152073732719
288,1358,1.0
288,237,3.707395498392283
288,286,3.661498708010336
288,216,3.9656652360515023
288,174,4.247787610619469
288,177,3.926605504587156
288,202,3.782051282051282
288,528,4.159574468085107
288,294,3.112947658402204
288,127,4.312693498452012
289,254,2.488372093023256
289,15,3.8026315789473686
289,222,3.6254180602006687
289,7,3.801302931596091
289,1016,3.4434782608695653
289,849,2.6842105263157894
290,476,3.0551181102362204
290,403,3.4394904458598727
290,49,3.3230769230769233
290,404,3.72972972972973
290,566,3.633587786259542
290,826,2.557377049180328
290,625,3.3
290,742,3.677570093457944
290,167,2.981132075471698
290,97,3.8097560975609754
290,15,3.8026315789473686
290,164,3.563025210084034
290,739,3.3410852713178296
290,88,3.6011904761904763
290,222,3.6254180602006687
290,132,4.043010752688172
290,483,4.5
290,449,3.0652173913043477
290,323,2.918918918918919
290,527,4.0064935064935066
290,229,3.0597014925373136
290,1336,1.75
290,162,3.6
290,120,2.3333333333333335
290,202,3.782051282051282
290,117,3.633986928104575
290,21,2.7746478873239435
290,809,2.823529411764706
290,62,3.0816326530612246
290,98,4.283018867924528
291,941,3.0697674418604652
291,210,3.9578544061302683
291,393,3.4324324324324325
291,3,3.095890410958904
291,24,3.4135338345864663
291,552,2.8055555555555554
291,592,3.5
291,1012,3.55
291,293,3.841666666666667
291,262,3.74
291,496,4.087431693989071
291,144,3.8757062146892656
291,421,3.6
291,1248,3.0
291,77,3.2459016393442623
291,22,4.162393162393163
291,99,3.7372262773722627
291,410,3.076923076923077
291,763,3.4488188976377954
291,158,2.673469387755102
291,245,3.1036269430051813
291,95,3.8275862068965516
291,588,3.75
291,1273,3.1
291,231,2.6576576576576576
291,760,2.710526315789474
291,466,3.6444444444444444
291,97,3.8097560975609754
291,974,3.096774193548387
291,282,3.6758241758241756
291,121,3.4656716417910447
291,124,4.092105263157895
291,631,3.6288659793814433
291,89,4.173913043478261
291,1229,2.1818181818181817
291,1215,1.9655172413793103
291,985,2.8
291,55,3.7398373983739837
291,93,3.835294117647059
291,164,3.563025210084034
291,1017,3.263157894736842
291,1239,2.3076923076923075
291,798,1.8333333333333333
291,1046,3.0294117647058822
291,672,2.673076923076923
291,1206,2.5384615384615383
291,50,4.347438752783964
291,578,3.116883116883117
291,573,2.8260869565217392
291,568,3.64021164021164
291,153,3.77720207253886
291,1109,3.238095238095238
291,379,2.9285714285714284
291,204,3.8333333333333335
291,761,3.1666666666666665
291,566,3.633587786259542
291,577,2.2285714285714286
291,140,3.235294117647059
291,1305,2.2
291,558,3.6964285714285716
292,150,3.8125
292,165,4.155555555555556
292,135,3.9665071770334928
292,511,4.157894736842105
292,79,4.056390977443609
292,1010,3.2777777777777777
292,525,3.9508196721311477
292,288,3.455764075067024
292,235,2.7873563218390807
292,631,3.6288659793814433
292,7,3.801302931596091
292,499,3.843137254901961
292,249,3.303030303030303
292,197,4.077319587628866
292,328,3.3958333333333335
292,156,3.865546218487395
292,1142,4.166666666666667
292,300,3.6176470588235294
292,491,3.730769230769231
292,127,4.312693498452012
292,248,3.611940298507463
292,1073,3.7547169811320753
292,472,2.9844961240310077
292,705,4.048543689320389
292,285,4.2204724409448815
293,65,3.5164835164835164
293,427,4.287425149700598
293,467,3.761904761904762
293,1421,3.5
293,1044,3.1875
293,202,3.782051282051282
293,1132,2.5714285714285716
293,1017,3.263157894736842
293,646,3.870967741935484
293,455,3.242424242424242
293,583,2.9375
293,649,3.3947368421052633
293,491,3.730769230769231
293,223,4.153153153153153
293,732,3.6595744680851063
293,294,3.112947658402204
293,506,3.791044776119403
293,589,4.0
293,845,3.4779411764705883
293,412,2.410958904109589
293,724,3.4464285714285716
293,132,4.043010752688172
293,251,4.342105263157895
293,158,2.673469387755102
293,528,4.159574468085107
293,432,3.6546762589928057
293,303,3.6944444444444446
293,357,4.330188679245283
293,1267,3.08
293,2,3.18
293,739,3.3410852713178296
293,410,3.076923076923077
293,28,3.935185185185185
293,200,3.7470588235294118
293,206,3.3513513513513513
293,484,4.151785714285714
293,1048,3.066666666666667
293,285,4.2204724409448815
293,849,2.6842105263157894
293,404,3.72972972972973
293,161,3.5388888888888888
293,568,3.64021164021164
293,193,3.9411764705882355
293,172,4.180555555555555
293,405,3.286764705882353
293,198,3.989795918367347
293,162,3.6
293,316,4.137931034482759
293,843,2.9166666666666665
293,1119,3.625
293,655,3.8722222222222222
293,175,3.8523489932885906
293,629,3.3275862068965516
293,157,3.696078431372549
293,1286,3.5384615384615383
293,174,4.247787610619469
293,47,3.584070796460177
293,933,2.7058823529411766
293,85,2.953488372093023
293,492,3.8297872340425534
293,55,3.7398373983739837
293,497,3.8035714285714284
293,1217,3.0
293,159,3.271604938271605
293,237,3.707395498392283
293,559,3.1826086956521737
293,53,2.951923076923077
293,977,2.789473684210526
293,226,3.352
293,939,3.5918367346938775
293,1046,3.0294117647058822
293,462,3.810344827586207
293,1208,2.75
293,77,3.2459016393442623
293,479,4.222222222222222
293,480,4.302158273381295
293,186,3.86
293,164,3.563025210084034
294,742,3.677570093457944
294,340,3.5517241379310347
294,294,3.112947658402204
294,93,3.835294117647059
294,327,3.466666666666667
294,21,2.7746478873239435
294,123,3.2065217391304346
294,986,2.5789473684210527
294,281,3.111111111111111
294,286,3.661498708010336
294,105,2.5238095238095237
294,1007,4.0588235294117645
294,235,2.7873563218390807
294,931,2.0697674418604652
294,1047,2.892857142857143
294,293,3.841666666666667
294,840,2.6363636363636362
294,334,3.340909090909091
294,1,3.900804289544236
294,260,2.6021505376344085
294,678,2.8373493975903616
294,295,3.4166666666666665
294,121,3.4656716417910447
294,829,2.64
294,288,3.455764075067024
294,343,3.0485436893203883
294,455,3.242424242424242
294,1012,3.55
294,271,3.2569832402234637
294,826,2.557377049180328
295,735,3.908256880733945
295,98,4.283018867924528
295,144,3.8757062146892656
295,60,3.9615384615384617
295,190,4.175257731958763
295,118,3.2266666666666666
295,125,3.5255102040816326
295,648,3.9166666666666665
295,389,3.5238095238095237
295,1050,3.6470588235294117
295,357,4.330188679245283
295,50,4.347438752783964
295,241,3.5
295,73,3.4909090909090907
295,82,3.7156398104265405
295,89,4.173913043478261
295,204,3.8333333333333335
295,227,3.184
295,414,3.382978723404255
295,380,3.297872340425532
295,1170,3.05
295,97,3.8097560975609754
295,431,3.5041322314049586
295,736,3.9516129032258065
295,511,4.157894736842105
295,91,3.5789473684210527
295,421,3.6
295,25,3.4148471615720526
295,401,2.796875
295,228,3.8
295,235,2.7873563218390807
295,137,3.8840579710144927
295,740,3.595744680851064
295,318,4.437768240343348
295,743,1.8666666666666667
295,151,3.612403100775194
295,172,4.180555555555555
295,417,3.087719298245614
295,99,3.7372262773722627
295,161,3.5388888888888888
296,357,4.330188679245283
296,855,3.68
296,7,3.801302931596091
296,56,4.019047619047619
296,250,3.4551282051282053
296,696,3.09375
296,228,3.8
296,137,3.8840579710144927
296,269,3.9486166007905137
296,1251,4.166666666666667
296,237,3.707395498392283
296,528,4.159574468085107
296,32,3.953846153846154
296,186,3.86
296,198,3.989795918367347
296,923,4.2
296,179,3.956043956043956
296,204,3.8333333333333335
296,20,3.4
296,1009,3.4468085106382977
296,685,3.375
296,191,4.153153153153153
296,172,4.180555555555555
296,845,3.4779411764705883
296,483,4.5
296,124,4.092105263157895
296,514,3.880281690140845
296,242,4.065217391304348
296,815,3.21978021978022
296,45,4.151515151515151
297,53,2.951923076923077
297,465,3.701492537313433
297,73,3.4909090909090907
297,690,3.4227642276422765
297,95,3.8275862068965516
297,243,2.3823529411764706
297,678,2.8373493975903616
297,275,3.9904306220095696
297,57,3.8666666666666667
297,286,3.661498708010336
297,238,3.8309178743961354
297,347,3.49
297,1,3.900804289544236
297,147,3.4503311258278146
297,419,3.627586206896552
297,1007,4.0588235294117645
297,471,3.66120218579235
297,447,3.4081632653061225
297,514,3.880281690140845
297,293,3.841666666666667
297,1014,3.1333333333333333
297,156,3.865546218487395
297,258,3.7814070351758793
297,588,3.75
297,210,3.9578544061302683
297,197,4.077319587628866
297,508,3.585526315789474
297,288,3.455764075067024
297,148,3.2395833333333335
297,151,3.612403100775194
297,1073,3.7547169811320753
297,271,3.2569832402234637
297,22,4.162393162393163
297,687,2.34
297,204,3.8333333333333335
297,307,3.524137931034483
297,277,3.4814814814814814
297,748,3.0784313725490198
297,237,3.707395498392283
298,705,4.048543689320389
298,604,3.96875
298,276,3.7148936170212767
298,286,3.661498708010336
298,503,3.48
298,660,3.7777777777777777
298,864,3.1449275362318843
298,474,4.2405063291139244
298,125,3.5255102040816326
298,527,4.0064935064935066
298,842,2.9545454545454546
298,356,3.382716049382716
298,151,3.612403100775194
298,98,4.283018867924528
298,58,3.6808510638297873
298,473,3.118811881188119
298,479,4.222222222222222
298,465,3.701492537313433
298,652,3.9027777777777777
298,588,3.75
298,178,4.346938775510204
298,625,3.3
298,993,3.5925925925925926
298,820,2.717948717948718
298,526,3.8876404494382024
298,199,4.180327868852459
299,19,4.018867924528302
299,143,3.758426966292135
299,135,3.9665071770334928
299,462,3.810344827586207
299,543,3.411764705882353
299,402,3.404109589041096
299,194,4.0473684210526315
299,710,3.5714285714285716
299,915,3.9
299,742,3.677570093457944
299,32,3.953846153846154
299,169,4.462365591397849
299,474,4.2405063291139244
299,212,3.4743589743589745
299,730,3.526315789473684
299,577,2.2285714285714286
299,1020,3.962962962962963
299,191,4.153153153153153
299,98,4.283018867924528
299,173,4.15625
299,305,3.716417910447761
299,538,3.36
299,115,3.7857142857142856
299,129,3.88659793814433
299,276,3.7148936170212767
299,239,3.5294117647058822
299,1214,1.8333333333333333
299,480,4.302158273381295
299,1379,2.8
299,343,3.0485436893203883
299,238,3.8309178743961354
299,692,3.672
299,1050,3.6470588235294117
299,954,3.75
299,50,4.347438752783964
299,297,4.025
299,811,3.923076923076923
299,73,3.4909090909090907
299,503,3.48
299,294,3.112947658402204
299,607,3.9411764705882355
299,746,3.65625
299,393,3.4324324324324325
299,28,3.935185185185185
299,778,3.5223880597014925
299,1073,3.7547169811320753
299,889,3.4545454545454546
299,211,3.9289940828402368
299,111,3.506787330316742
299,785,3.206896551724138
299,235,2.7873563218390807
299,971,3.769230769230769
299,615,4.023255813953488
299,531,3.9405940594059405
299,347,3.49
299,286,3.661498708010336
300,261,2.5
300,100,4.174242424242424
300,264,2.768292682926829
300,948,2.210526315789474
301,133,3.870503597122302
301,97,3.8097560975609754
301,250,3.4551282051282053
301,300,3.6176470588235294
301,180,4.0
301,21,2.7746478873239435
301,90,3.1025641025641026
301,80,2.6538461538461537
301,54,3.253012048192771
301,636,3.283582089552239
301,281,3.111111111111111
301,610,3.6363636363636362
301,758,1.7647058823529411
301,98,4.283018867924528
301,164,3.563025210084034
301,239,3.5294117647058822
301,11,3.8743718592964824
301,51,3.3448275862068964
301,582,3.648854961832061
301,566,3.633587786259542
301,380,3.297872340425532
301,39,3.264705882352941
301,735,3.908256880733945
301,511,4.157894736842105
301,655,3.8722222222222222
301,168,4.081967213114754
301,71,3.847058823529412
301,802,2.566666666666667
301,174,4.247787610619469
301,95,3.8275862068965516
301,145,2.4074074074074074
301,420,3.739130434782609
301,132,4.043010752688172
301,410,3.076923076923077
301,443,3.801526717557252
301,1052,2.526315789473684
301,62,3.0816326530612246
301,959,3.52
301,425,3.7941176470588234
301,455,3.242424242424242
301,678,2.8373493975903616
301,249,3.303030303030303
301,12,4.408256880733945
301,483,4.5
301,161,3.5388888888888888
301,871,2.2982456140350878
301,831,2.4177215189873418
301,568,3.64021164021164
301,127,4.312693498452012
301,684,3.8
301,685,3.375
301,76,3.5365853658536586
301,426,2.782608695652174
301,269,3.9486166007905137
301,3,3.095890410958904
302,299,3.0
302,303,3.6944444444444446
302,323,2.918918918918919
302,333,3.59
302,328,3.3958333333333335
303,150,3.8125
303,387,3.314814814814815
303,194,4.0473684210526315
303,998,2.533333333333333
303,993,3.5925925925925926
303,815,3.21978021978022
303,658,3.388059701492537
303,433,3.7071428571428573
303,116,3.78
303,525,3.9508196721311477
303,762,3.391304347826087
303,260,2.6021505376344085
303,123,3.2065217391304346
303,475,3.910994764397906
303,423,3.782258064516129
303,506,3.791044776119403
303,603,4.3602484472049685
303,678,2.8373493975903616
303,323,2.918918918918919
303,68,3.3893805309734515
303,709,3.9655172413793105
303,24,3.4135338345864663
303,805,3.652173913043478
303,1217,3.0
303,1222,2.8333333333333335
303,449,3.0652173913043477
303,461,3.607142857142857
303,340,3.5517241379310347
303,137,3.8840579710144927
303,82,3.7156398104265405
303,1023,2.6153846153846154
303,237,3.707395498392283
303,198,3.989795918367347
303,396,2.744186046511628
303,568,3.64021164021164
303,541,2.880952380952381
303,141,3.491228070175439
303,7,3.801302931596091
303,679,2.9220779220779223
303,321,3.0942028985507246
303,319,3.2301587301587302
303,251,4.342105263157895
303,327,3.466666666666667
303,55,3.7398373983739837
303,215,3.674698795180723
303,491,3.730769230769231
303,1187,3.111111111111111
303,293,3.841666666666667
303,31,3.6495726495726495
303,687,2.34
303,518,3.7260273972602738
303,1182,2.3636363636363638
303,298,3.7642857142857142
303,9,3.8821138211382116
303,209,3.8343949044585988
303,596,3.326530612244898
303,551,2.388888888888889
303,161,3.5388888888888888
303,748,3.0784313725490198
303,1011,3.26027397260274
303,357,4.330188679245283
303,482,3.970873786407767
303,619,3.0980392156862746
303,204,3.8333333333333335
303,118,3.2266666666666666
303,470,3.6704545454545454
303,1044,3.1875
303,17,3.1323529411764706
303,176,3.9624413145539905
303,744,3.418918918918919
303,773,3.0
303,1411,2.6666666666666665
303,373,2.84375
303,73,3.4909090909090907
303,845,3.4779411764705883
303,425,3.7941176470588234
303,334,3.340909090909091
303,268,3.81025641025641
303,1090,2.5517241379310347
303,455,3.242424242424242
303,1239,2.3076923076923075
303,742,3.677570093457944
303,597,3.1412429378531073
303,152,3.5806451612903225
303,151,3.612403100775194
303,875,2.761904761904762
303,139,2.761904761904762
303,1048,3.066666666666667
303,939,3.5918367346938775
303,847,3.840909090909091
303,164,3.563025210084034
303,46,3.611111111111111
303,405,3.286764705882353
303,501,3.5670103092783507
303,1508,3.0
303,170,4.13
303,234,3.751152073732719
304,879,3.277227722772277
304,278,3.125
304,286,3.661498708010336
304,763,3.4488188976377954
304,300,3.6176470588235294
304,893,2.3846153846153846
305,1411,2.6666666666666665
305,1512,4.0
305,713,3.509433962264151
305,91,3.5789473684210527
305,214,3.3636363636363638
305,408,4.482352941176471
305,733,3.25
305,96,4.018099547511312
305,249,3.303030303030303
305,403,3.4394904458598727
305,845,3.4779411764705883
305,174,4.247787610619469
305,89,4.173913043478261
305,144,3.8757062146892656
305,180,4.0
305,14,4.0510948905109485
305,228,3.8
305,242,4.065217391304348
305,1,3.900804289544236
305,16,3.272727272727273
305,169,4.462365591397849
305,311,3.7333333333333334
305,76,3.5365853658536586
305,198,3.989795918367347
305,195,3.9402390438247012
305,187,4.208588957055214
305,121,3.4656716417910447
305,56,4.019047619047619
305,83,4.0647482014388485
305,550,3.25
305,215,3.674698795180723
305,469,3.7735849056603774
305,100,4.174242424242424
305,66,3.5671641791044775
305,172,4.180555555555555
305,79,4.056390977443609
305,382,3.5555555555555554
305,209,3.8343949044585988
305,186,3.86
305,12,4.408256880733945
305,88,3.6011904761904763
305,431,3.5041322314049586
305,464,3.4761904761904763
305,246,3.943396226415094
305,69,3.8832684824902723
306,744,3.418918918918919
306,321,3.0942028985507246
306,1514,2.8
306,100,4.174242424242424
306,306,4.0
306,1009,3.4468085106382977
306,286,3.661498708010336
307,210,3.9578544061302683
307,1110,2.8461538461538463
307,181,4.027093596059113
307,239,3.5294117647058822
307,450,2.411764705882353
307,265,3.840909090909091
307,204,3.8333333333333335
307,196,3.9170731707317072
307,94,3.0275229357798166
307,228,3.8
307,1028,3.0545454545454547
307,462,3.810344827586207
307,114,4.396551724137931
307,168,4.081967213114754
307,72,3.203883495145631
307,580,3.3461538461538463
307,91,3.5789473684210527
307,408,4.482352941176471
307,82,3.7156398104265405
307,527,4.0064935064935066
307,178,4.346938775510204
307,515,4.25
307,109,3.480769230769231
308,79,4.056390977443609
308,193,3.9411764705882355
308,1021,3.8333333333333335
308,99,3.7372262773722627
308,659,4.087912087912088
308,502,3.64
308,1169,4.0
308,1126,3.3684210526315788
308,213,3.9541284403669725
308,65,3.5164835164835164
308,715,3.111111111111111
308,1515,3.5261432572627136
308,435,3.9171597633136095
308,1456,3.6
308,186,3.86
308,201,3.52
308,382,3.5555555555555554
308,141,3.491228070175439
308,654,4.061946902654867
308,66,3.5671641791044775
308,1074,2.935483870967742
308,629,3.3275862068965516
308,633,4.127272727272727
308,49,3.3230769230769233
308,219,3.202247191011236
308,129,3.88659793814433
308,485,3.9183673469387754
308,479,4.222222222222222
308,61,3.8666666666666667
308,117,3.633986928104575
308,183,4.004464285714286
308,632,3.8222222222222224
308,610,3.6363636363636362
308,284,3.1824324324324325
308,420,3.739130434782609
308,811,3.923076923076923
308,822,2.5
308,461,3.607142857142857
308,124,4.092105263157895
308,507,3.8333333333333335
308,174,4.247787610619469
308,487,4.037735849056604
308,475,3.910994764397906
308,48,4.0625
308,522,3.7666666666666666
308,493,4.288888888888889
308,404,3.72972972972973
308,942,3.4054054054054053
308,843,2.9166666666666665
308,516,4.02
308,182,3.923076923076923
308,25,3.4148471615720526
308,7,3.801302931596091
308,164,3.563025210084034
308,199,4.180327868852459
308,778,3.5223880597014925
308,566,3.633587786259542
308,54,3.253012048192771
308,482,3.970873786407767
308,425,3.7941176470588234
308,430,3.9305555555555554
308,180,4.0
308,634,3.8823529411764706
308,1028,3.0545454545454547
308,589,4.0
308,72,3.203883495145631
308,448,3.449275362318841
308,1421,3.5
308,495,3.6153846153846154
308,285,4.2204724409448815
308,208,3.9554140127388533
308,618,3.6
308,239,3.5294117647058822
308,177,3.926605504587156
308,9,3.8821138211382116
308,488,4.196078431372549
308,469,3.7735849056603774
308,419,3.627586206896552
308,135,3.9665071770334928
308,473,3.118811881188119
309,300,3.6176470588235294
309,1025,2.9696969696969697
309,334,3.340909090909091
309,258,3.7814070351758793
310,740,3.595744680851064
310,294,3.112947658402204
310,1022,3.3
310,251,4.342105263157895
310,1142,4.166666666666667
311,654,4.061946902654867
311,515,4.25
311,62,3.0816326530612246
311,315,4.104477611940299
311,380,3.297872340425532
311,655,3.8722222222222222
311,576,3.0136986301369864
311,1232,2.466666666666667
311,415,3.0
311,527,4.0064935064935066
311,1042,3.227272727272727
311,479,4.222222222222222
311,94,3.0275229357798166
311,348,3.1739130434782608
311,431,3.5041322314049586
311,750,3.8333333333333335
311,553,3.2222222222222223
311,322,3.0994475138121547
311,942,3.4054054054054053
311,432,3.6546762589928057
311,944,3.0
311,639,3.814814814814815
311,230,3.460122699386503
311,228,3.8
311,965,3.736842105263158
311,215,3.674698795180723
311,58,3.6808510638297873
311,141,3.491228070175439
311,231,2.6576576576576576
311,202,3.782051282051282
311,436,3.576923076923077
311,143,3.758426966292135
311,64,4.44
311,195,3.9402390438247012
311,69,3.8832684824902723
311,747,3.513157894736842
311,967,3.3
311,185,4.101063829787234
311,496,4.087431693989071
311,720,2.9833333333333334
311,96,4.018099547511312
311,326,3.335664335664336
311,423,3.782258064516129
311,86,3.928
311,748,3.0784313725490198
311,135,3.9665071770334928
311,614,3.697674418604651
311,504,3.787878787878788
311,276,3.7148936170212767
311,505,3.8846153846153846
311,550,3.25
311,56,4.019047619047619
311,444,2.823529411764706
311,483,4.5
311,239,3.5294117647058822
311,172,4.180555555555555
311,44,3.3174603174603177
311,946,3.196078431372549
311,499,3.843137254901961
312,611,4.076923076923077
312,730,3.526315789473684
312,661,4.097222222222222
312,557,3.1333333333333333
312,175,3.8523489932885906
312,143,3.758426966292135
312,489,4.051282051282051
312,1116,3.6
312,654,4.061946902654867
312,653,3.9
312,427,4.287425149700598
312,186,3.86
312,671,3.5526315789473686
312,648,3.9166666666666665
312,4,3.5
312,124,4.092105263157895
312,69,3.8832684824902723
312,499,3.843137254901961
312,484,4.151785714285714
312,1126,3.3684210526315788
312,199,4.180327868852459
312,921,4.0
312,531,3.9405940594059405
312,493,4.288888888888889
312,177,3.926605504587156
312,197,4.077319587628866
312,657,4.235849056603773
312,134,4.269938650306749
312,514,3.880281690140845
312,205,3.9572649572649574
312,519,4.08955223880597
312,505,3.8846153846153846
312,434,3.8703703703703702
312,521,3.776595744680851
312,357,4.330188679245283
312,269,3.9486166007905137
312,482,3.970873786407767
312,206,3.3513513513513513
312,50,4.347438752783964
312,512,3.978723404255319
312,414,3.382978723404255
312,479,4.222222222222222
312,96,4.018099547511312
312,187,4.208588957055214
312,968,3.6
313,1470,2.3333333333333335
313,404,3.72972972972973
313,331,3.5698924731182795
313,503,3.48
313,768,3.0416666666666665
313,649,3.3947368421052633
313,125,3.5255102040816326
313,197,4.077319587628866
313,415,3.0
313,735,3.908256880733945
313,448,3.449275362318841
313,211,3.9289940828402368
313,161,3.5388888888888888
313,143,3.758426966292135
313,632,3.8222222222222224
313,94,3.0275229357798166
313,208,3.9554140127388533
313,501,3.5670103092783507
313,662,3.5238095238095237
313,203,3.830188679245283
313,670,3.04
313,414,3.382978723404255
313,488,4.196078431372549
313,58,3.6808510638297873
313,559,3.1826086956521737
313,770,3.36734693877551
313,582,3.648854961832061
313,318,4.437768240343348
313,23,4.13375796178344
313,96,4.018099547511312
313,417,3.087719298245614
313,232,3.2222222222222223
313,720,2.9833333333333334
313,50,4.347438752783964
313,405,3.286764705882353
313,479,4.222222222222222
313,182,3.923076923076923
313,527,4.0064935064935066
313,493,4.288888888888889
313,193,3.9411764705882355
313,133,3.870503597122302
313,79,4.056390977443609
313,740,3.595744680851064
313,1066,2.8333333333333335
313,487,4.037735849056604
313,663,3.903225806451613
313,430,3.9305555555555554
313,515,4.25
313,393,3.4324324324324325
313,234,3.751152073732719
313,633,4.127272727272727
313,121,3.4656716417910447
313,461,3.607142857142857
314,204,3.8333333333333335
314,78,2.52
314,147,3.4503311258278146
314,322,3.0994475138121547
314,155,3.0125
314,812,3.0
314,433,3.7071428571428573
314,274,3.4482758620689653
314,496,4.087431693989071
314,655,3.8722222222222222
314,22,4.162393162393163
314,743,1.8666666666666667
314,393,3.4324324324324325
314,12,4.408256880733945
314,1053,3.3333333333333335
314,90,3.1025641025641026
314,699,3.6875
314,1225,2.5454545454545454
314,53,2.951923076923077
314,125,3.5255102040816326
314,99,3.7372262773722627
314,697,3.3529411764705883
314,1016,3.4434782608695653
314,365,3.275
314,377,2.3
314,283,3.75
314,402,3.404109589041096
314,379,2.9285714285714284
314,1517,2.3333333333333335
314,8,4.011363636363637
314,150,3.8125
314,1,3.900804289544236
314,294,3.112947658402204
314,132,4.043010752688172
314,747,3.513157894736842
314,93,3.835294117647059
314,1048,3.066666666666667
314,29,2.627906976744186
314,196,3.9170731707317072
314,280,3.242424242424242
314,924,3.388059701492537
314,1150,3.0
314,1054,2.4
314,588,3.75
314,1519,2.0
314,801,2.769230769230769
314,25,3.4148471615720526
314,721,3.425531914893617
314,938,2.761904761904762
315,305,3.716417910447761
315,642,3.5416666666666665
315,186,3.86
315,1084,3.7333333333333334
315,168,4.081967213114754
315,382,3.5555555555555554
315,46,3.611111111111111
315,234,3.751152073732719
315,318,4.437768240343348
315,520,4.1020408163265305
315,1065,3.372093023255814
315,508,3.585526315789474
315,324,3.0721649484536084
315,654,4.061946902654867
315,156,3.865546218487395
315,269,3.9486166007905137
315,127,4.312693498452012
315,792,3.734375
316,22,4.162393162393163
316,98,4.283018867924528
316,173,4.15625
316,265,3.840909090909091
316,588,3.75
316,89,4.173913043478261
316,132,4.043010752688172
316,223,4.153153153153153
316,234,3.751152073732719
316,716,3.272727272727273
316,192,4.080459770114943
316,183,4.004464285714286
316,170,4.13
316,673,3.5211267605633805
316,435,3.9171597633136095
317,678,2.8373493975903616
317,683,2.4047619047619047
317,351,2.6666666666666665
317,260,2.6021505376344085
317,748,3.0784313725490198
318,501,3.5670103092783507
318,66,3.5671641791044775
318,182,3.923076923076923
318,160,3.4545454545454546
318,143,3.758426966292135
318,215,3.674698795180723
318,404,3.72972972972973
318,610,3.6363636363636362
318,419,3.627586206896552
318,100,4.174242424242424
318,524,4.0
318,134,4.269938650306749
318,503,3.48
318,301,3.2604166666666665
318,72,3.203883495145631
318,187,4.208588957055214
318,85,2.953488372093023
318,70,3.6381909547738696
318,157,3.696078431372549
318,257,3.758771929824561
318,132,4.043010752688172
318,1012,3.55
318,285,4.2204724409448815
318,58,3.6808510638297873
318,137,3.8840579710144927
318,213,3.9541284403669725
318,692,3.672
318,127,4.312693498452012
318,1032,3.1
318,381,3.5641025641025643
318,531,3.9405940594059405
318,403,3.4394904458598727
318,934,2.9
318,284,3.1824324324324325
318,508,3.585526315789474
319,346,3.622448979591837
319,358,2.607142857142857
319,301,3.2604166666666665
319,332,3.4601769911504423
319,689,3.1044776119402986
320,62,3.0816326530612246
320,732,3.6595744680851063
320,869,2.9545454545454546
320,1291,2.1666666666666665
320,1210,2.757575757575758
320,405,3.286764705882353
320,1059,2.8518518518518516
320,184,3.4545454545454546
320,410,3.076923076923077
320,156,3.865546218487395
320,291,3.392156862745098
320,278,3.125
320,159,3.271604938271605
320,92,3.617283950617284
320,51,3.3448275862068964
320,685,3.375
320,173,4.15625
320,226,3.352
320,238,3.8309178743961354
320,118,3.2266666666666666
320,572,2.730769230769231
320,625,3.3
320,769,2.5625
320,340,3.5517241379310347
320,2,3.18
320,188,3.6783216783216783
320,96,4.018099547511312
320,470,3.6704545454545454
320,800,2.789473684210526
320,82,3.7156398104265405
320,458,3.2
321,287,3.5357142857142856
321,1194,4.153846153846154
321,175,3.8523489932885906
321,736,3.9516129032258065
321,615,4.023255813953488
321,86,3.928
321,529,3.948717948717949
321,531,3.9405940594059405
321,60,3.9615384615384617
321,275,3.9904306220095696
321,127,4.312693498452012
321,180,4.0
321,496,4.087431693989071
321,607,3.9411764705882355
321,430,3.9305555555555554
321,207,3.8823529411764706
321,213,3.9541284403669725
321,7,3.801302931596091
321,143,3.758426966292135
321,132,4.043010752688172
321,193,3.9411764705882355
321,654,4.061946902654867
321,1028,3.0545454545454547
321,1126,3.3684210526315788
321,432,3.6546762589928057
322,64,4.44
322,1,3.900804289544236
322,196,3.9170731707317072
322,591,3.6
322,50,4.347438752783964
322,23,4.13375796178344
322,751,3.4630872483221475
322,272,4.261437908496732
322,603,4.3602484472049685
322,182,3.923076923076923
322,216,3.9656652360515023
323,56,4.019047619047619
323,332,3.4601769911504423
323,319,3.2301587301587302
323,1017,3.263157894736842
323,288,3.455764075067024
323,282,3.6758241758241756
323,508,3.585526315789474
323,93,3.835294117647059
323,873,2.9545454545454546
323,257,3.758771929824561
323,295,3.4166666666666665
323,215,3.674698795180723
323,150,3.8125
323,11,3.8743718592964824
323,744,3.418918918918919
323,15,3.8026315789473686
323,210,3.9578544061302683
323,98,4.283018867924528
324,322,3.0994475138121547
324,298,3.7642857142857142
324,411,2.962121212121212
324,301,3.2604166666666665
324,289,2.9651741293532337
324,275,3.9904306220095696
324,458,3.2
324,879,3.277227722772277
324,410,3.076923076923077
324,749,3.1578947368421053
324,332,3.4601769911504423
324,288,3.455764075067024
324,294,3.112947658402204
324,323,2.918918918918919
325,432,3.6546762589928057
325,430,3.9305555555555554
325,403,3.4394904458598727
325,272,4.261437908496732
325,197,4.077319587628866
325,628,3.4964028776978417
325,542,2.4473684210526314
325,16,3.272727272727273
325,482,3.970873786407767
325,495,3.6153846153846154
325,517,3.6666666666666665
325,93,3.835294117647059
325,164,3.563025210084034
325,211,3.9289940828402368
325,185,4.101063829787234
325,182,3.923076923076923
325,771,2.75
325,357,4.330188679245283
325,234,3.751152073732719
325,172,4.180555555555555
325,485,3.9183673469387754
325,191,4.153153153153153
325,175,3.8523489932885906
325,527,4.0064935064935066
325,286,3.661498708010336
325,1118,3.230769230769231
325,95,3.8275862068965516
325,474,4.2405063291139244
325,493,4.288888888888889
326,208,3.9554140127388533
326,837,4.0
326,144,3.8757062146892656
326,679,2.9220779220779223
326,86,3.928
326,969,3.838709677419355
326,1,3.900804289544236
326,38,2.941747572815534
326,648,3.9166666666666665
326,183,4.004464285714286
326,663,3.903225806451613
326,480,4.302158273381295
326,732,3.6595744680851063
326,89,4.173913043478261
326,1126,3.3684210526315788
326,665,2.775
326,507,3.8333333333333335
326,69,3.8832684824902723
326,705,4.048543689320389
326,427,4.287425149700598
326,199,4.180327868852459
326,127,4.312693498452012
326,1118,3.230769230769231
326,204,3.8333333333333335
326,176,3.9624413145539905
326,483,4.5
326,154,3.832167832167832
326,659,4.087912087912088
326,181,4.027093596059113
326,53,2.951923076923077
326,22,4.162393162393163
326,161,3.5388888888888888
326,216,3.9656652360515023
326,479,4.222222222222222
326,386,2.8028169014084505
326,448,3.449275362318841
326,219,3.202247191011236
326,510,4.041237113402062
327,298,3.7642857142857142
327,127,4.312693498452012
327,218,3.437037037037037
327,482,3.970873786407767
327,411,2.962121212121212
327,672,2.673076923076923
327,628,3.4964028776978417
327,537,3.625
327,856,3.823529411764706
327,919,3.730769230769231
327,447,3.4081632653061225
327,294,3.112947658402204
327,749,3.1578947368421053
327,381,3.5641025641025643
327,559,3.1826086956521737
327,1218,3.5238095238095237
327,285,4.2204724409448815
327,288,3.455764075067024
327,22,4.162393162393163
327,200,3.7470588235294118
327,634,3.8823529411764706
327,865,3.2222222222222223
327,56,4.019047619047619
327,663,3.903225806451613
327,588,3.75
327,81,3.5421686746987953
327,47,3.584070796460177
327,98,4.283018867924528
327,179,3.956043956043956
327,403,3.4394904458598727
327,418,3.609090909090909
327,31,3.6495726495726495
327,197,4.077319587628866
327,715,3.111111111111111
327,215,3.674698795180723
327,778,3.5223880597014925
327,318,4.437768240343348
327,506,3.791044776119403
327,14,4.0510948905109485
327,476,3.0551181102362204
327,209,3.8343949044585988
327,186,3.86
327,4,3.5
327,175,3.8523489932885906
327,50,4.347438752783964
327,300,3.6176470588235294
327,753,3.736842105263158
327,176,3.9624413145539905
327,484,4.151785714285714
327,1100,2.8
327,523,4.0
327,550,3.25
327,178,4.346938775510204
327,497,3.8035714285714284
327,1098,3.7586206896551726
327,13,3.361842105263158
327,245,3.1036269430051813
328,43,2.9411764705882355
328,317,3.89010989010989
328,357,4.330188679245283
328,46,3.611111111111111
328,180,4.0
328,559,3.1826086956521737
328,1139,2.7083333333333335
328,984,2.902439024390244
328,281,3.111111111111111
328,636,3.283582089552239
328,699,3.6875
328,1126,3.3684210526315788
328,162,3.6
328,449,3.0652173913043477
328,504,3.787878787878788
328,688,1.7027027027027026
328,216,3.9656652360515023
328,332,3.4601769911504423
328,260,2.6021505376344085
328,540,2.5
328,1401,3.25
328,186,3.86
328,531,3.9405940594059405
328,1277,3.466666666666667
328,610,3.6363636363636362
328,198,3.989795918367347
328,56,4.019047619047619
328,76,3.5365853658536586
328,809,2.823529411764706
328,228,3.8
328,742,3.677570093457944
328,939,3.5918367346938775
328,318,4.437768240343348
328,511,4.157894736842105
328,245,3.1036269430051813
328,518,3.7260273972602738
328,232,3.2222222222222223
328,188,3.6783216783216783
328,270,3.6019417475728157
328,1518,3.0
328,58,3.6808510638297873
328,10,3.9295774647887325
328,1107,3.1333333333333333
328,289,2.9651741293532337
328,356,3.382716049382716
328,405,3.286764705882353
328,100,4.174242424242424
328,326,3.335664335664336
328,482,3.970873786407767
328,520,4.1020408163265305
328,54,3.253012048192771
328,657,4.235849056603773
328,662,3.5238095238095237
328,28,3.935185185185185
328,192,4.080459770114943
328,222,3.6254180602006687
328,645,3.727272727272727
329,300,3.6176470588235294
329,313,4.269961977186312
329,282,3.6758241758241756
329,98,4.283018867924528
329,258,3.7814070351758793
329,186,3.86
329,323,2.918918918918919
329,250,3.4551282051282053
329,39,3.264705882352941
329,117,3.633986928104575
329,288,3.455764075067024
329,303,3.6944444444444446
329,855,3.68
330,293,3.841666666666667
330,1044,3.1875
330,283,3.75
330,208,3.9554140127388533
330,69,3.8832684824902723
330,403,3.4394904458598727
330,470,3.6704545454545454
330,51,3.3448275862068964
330,418,3.609090909090909
330,451,3.389261744966443
330,966,4.2
330,77,3.2459016393442623
330,252,3.032520325203252
330,161,3.5388888888888888
330,277,3.4814814814814814
330,8,4.011363636363637
330,963,4.333333333333333
330,255,3.3175675675675675
330,73,3.4909090909090907
330,473,3.118811881188119
330,213,3.9541284403669725
330,126,3.7948717948717947
330,63,2.9682539682539684
330,197,4.077319587628866
330,71,3.847058823529412
330,627,3.135593220338983
330,405,3.286764705882353
330,729,3.403225806451613
330,105,2.5238095238095237
330,479,4.222222222222222
331,58,3.6808510638297873
331,486,3.9130434782608696
331,198,3.989795918367347
331,503,3.48
331,124,4.092105263157895
331,811,3.923076923076923
331,22,4.162393162393163
331,175,3.8523489932885906
331,32,3.953846153846154
331,100,4.174242424242424
331,234,3.751152073732719
331,7,3.801302931596091
331,491,3.730769230769231
331,454,2.9166666666666665
332,77,3.2459016393442623
332,655,3.8722222222222222
332,182,3.923076923076923
332,406,2.409090909090909
332,866,3.303030303030303
332,172,4.180555555555555
332,44,3.3174603174603177
332,554,2.8369565217391304
332,22,4.162393162393163
332,204,3.8333333333333335
332,350,3.193548387096774
332,684,3.8
332,11,3.8743718592964824
332,456,2.210526315789474
332,156,3.865546218487395
332,568,3.64021164021164
332,233,3.349514563106796
332,265,3.840909090909091
332,257,3.758771929824561
332,471,3.66120218579235
332,628,3.4964028776978417
332,385,3.5773809523809526
332,409,3.1666666666666665
332,105,2.5238095238095237
332,431,3.5041322314049586
332,195,3.9402390438247012
332,64,4.44
332,879,3.277227722772277
332,237,3.707395498392283
332,679,2.9220779220779223
332,234,3.751152073732719
332,282,3.6758241758241756
332,147,3.4503311258278146
332,218,3.437037037037037
332,326,3.335664335664336
332,323,2.918918918918919
332,566,3.633587786259542
333,100,4.174242424242424
333,269,3.9486166007905137
333,174,4.247787610619469
333,520,4.1020408163265305
333,513,4.362068965517241
333,294,3.112947658402204
334,792,3.734375
334,172,4.180555555555555
334,423,3.782258064516129
334,628,3.4964028776978417
334,428,3.8476190476190477
334,222,3.6254180602006687
334,303,3.6944444444444446
334,969,3.838709677419355
334,709,3.9655172413793105
334,28,3.935185185185185
334,558,3.6964285714285716
334,1016,3.4434782608695653
334,305,3.716417910447761
334,44,3.3174603174603177
334,1108,2.0
334,272,4.261437908496732
334,160,3.4545454545454546
334,936,3.9615384615384617
334,318,4.437768240343348
334,61,3.8666666666666667
334,176,3.9624413145539905
334,237,3.707395498392283
334,20,3.4
334,218,3.437037037037037
334,655,3.8722222222222222
334,245,3.1036269430051813
334,631,3.6288659793814433
334,86,3.928
334,289,2.9651741293532337
334,537,3.625
334,608,3.925925925925926
334,203,3.830188679245283
334,515,4.25
334,405,3.286764705882353
334,1312,2.0
334,137,3.8840579710144927
334,1198,3.1666666666666665
334,69,3.8832684824902723
334,326,3.335664335664336
334,125,3.5255102040816326
334,675,3.4285714285714284
334,224,3.7222222222222223
334,132,4.043010752688172
334,527,4.0064935064935066
334,1020,3.962962962962963
334,255,3.3175675675675675
334,462,3.810344827586207
334,866,3.303030303030303
334,59,4.125
334,1226,3.392857142857143
334,408,4.482352941176471
334,425,3.7941176470588234
334,635,2.9411764705882355
334,231,2.6576576576576576
334,1207,2.0833333333333335
334,170,4.13
334,174,4.247787610619469
334,187,4.208588957055214
334,300,3.6176470588235294
334,629,3.3275862068965516
334,753,3.736842105263158
334,937,3.52
334,508,3.585526315789474
334,1202,3.8
334,488,4.196078431372549
334,213,3.9541284403669725
334,111,3.506787330316742
335,340,3.5517241379310347
335,347,3.49
335,748,3.0784313725490198
335,333,3.59
335,300,3.6176470588235294
336,276,3.7148936170212767
336,405,3.286764705882353
336,949,3.3793103448275863
336,407,2.5517241379310347
336,1218,3.5238095238095237
336,4,3.5
336,208,3.9554140127388533
336,88,3.6011904761904763
336,1047,2.892857142857143
336,294,3.112947658402204
336,1041,3.142857142857143
336,571,2.4545454545454546
336,216,3.9656652360515023
336,100,4.174242424242424
336,257,3.758771929824561
336,824,2.72972972972973
336,781,3.3333333333333335
336,762,3.391304347826087
336,871,2.2982456140350878
336,655,3.8722222222222222
336,1183,2.2941176470588234
336,210,3.9578544061302683
336,628,3.4964028776978417
336,732,3.6595744680851063
336,692,3.672
336,388,2.5
337,151,3.612403100775194
337,125,3.5255102040816326
337,227,3.184
337,371,3.04
337,50,4.347438752783964
337,449,3.0652173913043477
337,257,3.758771929824561
338,134,4.269938650306749
338,654,4.061946902654867
338,462,3.810344827586207
338,480,4.302158273381295
338,498,4.24031007751938
338,194,4.0473684210526315
338,603,4.3602484472049685
338,945,4.0
338,143,3.758426966292135
338,1,3.900804289544236
338,513,4.362068965517241
338,135,3.9665071770334928
338,483,4.5
338,170,4.13
338,301,3.2604166666666665
339,187,4.208588957055214
339,98,4.283018867924528
339,30,4.125
339,286,3.661498708010336
339,5,3.318840579710145
339,1240,3.526315789473684
339,176,3.9624413145539905
339,511,4.157894736842105
339,719,2.4782608695652173
339,523,4.0
339,449,3.0652173913043477
339,200,3.7470588235294118
339,173,4.15625
339,134,4.269938650306749
339,657,4.235849056603773
339,1030,2.375
339,1404,3.1818181818181817
339,433,3.7071428571428573
339,644,3.838709677419355
339,736,3.9516129032258065
339,12,4.408256880733945
339,22,4.162393162393163
339,198,3.989795918367347
339,209,3.8343949044585988
339,174,4.247787610619469
339,396,2.744186046511628
339,192,4.080459770114943
339,411,2.962121212121212
339,229,3.0597014925373136
339,175,3.8523489932885906
339,132,4.043010752688172
339,53,2.951923076923077
339,161,3.5388888888888888
339,257,3.758771929824561
339,642,3.5416666666666665
339,216,3.9656652360515023
339,1110,2.8461538461538463
339,50,4.347438752783964
339,650,3.4545454545454546
339,549,3.5294117647058822
339,1526,3.5261432572627136
339,431,3.5041322314049586
339,133,3.870503597122302
339,258,3.7814070351758793
339,101,3.25
339,136,4.193181818181818
339,607,3.9411764705882355
339,217,3.077777777777778
339,218,3.437037037037037
339,1135,3.0
339,167,2.981132075471698
340,405,3.286764705882353
340,180,4.0
340,428,3.8476190476190477
340,172,4.180555555555555
340,274,3.4482758620689653
340,174,4.247787610619469
340,143,3.758426966292135
340,179,3.956043956043956
340,417,3.087719298245614
341,881,2.909090909090909
341,682,3.088607594936709
341,358,2.607142857142857
341,288,3.455764075067024
341,1280,2.6153846153846154
342,249,3.303030303030303
342,476,3.0551181102362204
342,144,3.8757062146892656
342,547,3.257142857142857
342,663,3.903225806451613
342,382,3.5555555555555554
342,421,3.6
342,496,4.087431693989071
342,165,4.155555555555556
342,4,3.5
342,301,3.2604166666666665
342,298,3.7642857142857142
342,236,3.4857142857142858
342,212,3.4743589743589745
342,483,4.5
342,507,3.8333333333333335
342,535,3.159090909090909
342,763,3.4488188976377954
342,764,2.9047619047619047
342,3,3.095890410958904
342,1057,2.25
342,1011,3.26027397260274
342,1070,3.782608695652174
342,287,3.5357142857142856
342,412,2.410958904109589
342,1163,2.6875
342,727,3.375
342,581,3.2448979591836733
342,143,3.758426966292135
342,844,3.3636363636363638
342,531,3.9405940594059405
342,950,2.8636363636363638
342,93,3.835294117647059
342,584,3.5303030303030303
342,135,3.9665071770334928
342,197,4.077319587628866
342,114,4.396551724137931
342,8,4.011363636363637
342,262,3.74
342,125,3.5255102040816326
342,14,4.0510948905109485
343,144,3.8757062146892656
343,358,2.607142857142857
343,196,3.9170731707317072
343,385,3.5773809523809526
343,274,3.4482758620689653
343,528,4.159574468085107
343,217,3.077777777777778
343,531,3.9405940594059405
343,47,3.584070796460177
343,510,4.041237113402062
343,276,3.7148936170212767
343,194,4.0473684210526315
343,1047,2.892857142857143
343,410,3.076923076923077
343,559,3.1826086956521737
343,786,2.75
343,747,3.513157894736842
343,159,3.271604938271605
343,214,3.3636363636363638
343,466,3.6444444444444444
343,81,3.5421686746987953
343,231,2.6576576576576576
343,63,2.9682539682539684
343,215,3.674698795180723
343,189,4.078431372549019
343,657,4.235849056603773
343,367,3.4375
343,250,3.4551282051282053
343,654,4.061946902654867
343,238,3.8309178743961354
343,449,3.0652173913043477
343,188,3.6783216783216783
343,474,4.2405063291139244
343,684,3.8
343,375,2.0
343,1194,4.153846153846154
343,712,3.0
343,521,3.776595744680851
343,435,3.9171597633136095
343,1,3.900804289544236
343,198,3.989795918367347
343,508,3.585526315789474
343,1039,4.069444444444445
343,11,3.8743718592964824
343,478,4.116279069767442
343,55,3.7398373983739837
343,168,4.081967213114754
343,382,3.5555555555555554
344,708,3.4698795180722892
344,316,4.137931034482759
344,928,3.225
344,303,3.6944444444444446
344,1048,3.066666666666667
344,477,3.1578947368421053
344,175,3.8523489932885906
344,129,3.88659793814433
344,119,4.0
344,190,4.175257731958763
344,322,3.0994475138121547
344,926,2.697674418604651
344,628,3.4964028776978417
344,509,3.923076923076923
344,367,3.4375
344,715,3.111111111111111
344,1165,1.9230769230769231
344,1172,3.6666666666666665
344,213,3.9541284403669725
344,97,3.8097560975609754
344,559,3.1826086956521737
344,756,2.857142857142857
344,89,4.173913043478261
344,148,3.2395833333333335
344,1082,2.5
344,405,3.286764705882353
344,70,3.6381909547738696
344,297,4.025
344,71,3.847058823529412
344,208,3.9554140127388533
344,291,3.392156862745098
344,479,4.222222222222222
344,496,4.087431693989071
344,762,3.391304347826087
344,588,3.75
344,511,4.157894736842105
344,8,4.011363636363637
344,311,3.7333333333333334
345,317,3.89010989010989
345,1011,3.26027397260274
345,79,4.056390977443609
345,1017,3.263157894736842
345,744,3.418918918918919
345,288,3.455764075067024
345,26,3.457627118644068
345,285,4.2204724409448815
345,210,3.9578544061302683
345,125,3.5255102040816326
345,709,3.9655172413793105
345,226,3.352
345,566,3.633587786259542
345,333,3.59
345,471,3.66120218579235
345,28,3.935185185185185
345,393,3.4324324324324325
345,298,3.7642857142857142
345,238,3.8309178743961354
345,235,2.7873563218390807
345,202,3.782051282051282
345,550,3.25
345,412,2.410958904109589
345,181,4.027093596059113
345,71,3.847058823529412
345,696,3.09375
345,191,4.153153153153153
345,508,3.585526315789474
345,485,3.9183673469387754
345,724,3.4464285714285716
345,241,3.5
345,244,3.15
345,121,3.4656716417910447
345,132,4.043010752688172
345,86,3.928
345,81,3.5421686746987953
345,1117,2.9166666666666665
345,318,4.437768240343348
345,382,3.5555555555555554
345,151,3.612403100775194
345,278,3.125
345,88,3.6011904761904763
345,118,3.2266666666666666
345,1074,2.935483870967742
345,286,3.661498708010336
345,781,3.3333333333333335
345,274,3.4482758620689653
346,780,3.0172413793103448
346,232,3.2222222222222223
346,183,4.004464285714286
346,96,4.018099547511312
346,300,3.6176470588235294
346,245,3.1036269430051813
346,739,3.3410852713178296
346,391,2.66
346,366,3.357142857142857
346,215,3.674698795180723
346,240,2.7401574803149606
346,62,3.0816326530612246
346,571,2.4545454545454546
346,175,3.8523489932885906
346,640,3.0161290322580645
346,518,3.7260273972602738
346,395,2.6097560975609757
346,117,3.633986928104575
346,1110,2.8461538461538463
346,748,3.0784313725490198
346,147,3.4503311258278146
346,64,4.44
346,31,3.6495726495726495
346,302,4.165938864628821
346,515,4.25
346,1232,2.466666666666667
346,144,3.8757062146892656
346,392,3.6271186440677967
346,1217,3.0
346,50,4.347438752783964
346,293,3.841666666666667
346,1039,4.069444444444445
346,55,3.7398373983739837
346,288,3.455764075067024
346,7,3.801302931596091
346,561,2.9318181818181817
346,1231,2.3529411764705883
346,363,2.707317073170732
346,831,2.4177215189873418
347,416,3.404255319148936
347,117,3.633986928104575
347,1059,2.8518518518518516
347,286,3.661498708010336
347,96,4.018099547511312
347,627,3.135593220338983
347,742,3.677570093457944
347,245,3.1036269430051813
347,123,3.2065217391304346
347,69,3.8832684824902723
347,432,3.6546762589928057
347,151,3.612403100775194
347,468,3.3125
347,125,3.5255102040816326
347,284,3.1824324324324325
347,73,3.4909090909090907
347,56,4.019047619047619
347,427,4.287425149700598
347,871,2.2982456140350878
347,22,4.162393162393163
347,550,3.25
347,418,3.609090909090909
347,655,3.8722222222222222
347,597,3.1412429378531073
347,230,3.460122699386503
347,85,2.953488372093023
347,609,3.519230769230769
347,508,3.585526315789474
347,294,3.112947658402204
347,827,2.7560975609756095
347,455,3.242424242424242
347,157,3.696078431372549
347,187,4.208588957055214
347,12,4.408256880733945
347,82,3.7156398104265405
347,77,3.2459016393442623
347,50,4.347438752783964
347,693,3.6202531645569622
347,208,3.9554140127388533
347,689,3.1044776119402986
348,15,3.8026315789473686
348,294,3.112947658402204
348,975,3.2058823529411766
348,405,3.286764705882353
348,118,3.2266666666666666
348,117,3.633986928104575
348,473,3.118811881188119
348,111,3.506787330316742
348,243,2.3823529411764706
348,1,3.900804289544236
348,924,3.388059701492537
348,596,3.326530612244898
349,20,3.4
349,25,3.4148471615720526
349,105,2.5238095238095237
349,1028,3.0545454545454547
349,1128,2.5454545454545454
349,458,3.2
349,284,3.1824324324324325
349,475,3.910994764397906
349,291,3.392156862745098
350,654,4.061946902654867
350,435,3.9171597633136095
350,190,4.175257731958763
350,50,4.347438752783964
350,133,3.870503597122302
350,427,4.287425149700598
350,210,3.9578544061302683
350,1039,4.069444444444445
350,479,4.222222222222222
350,185,4.101063829787234
351,1316,2.5
351,326,3.335664335664336
351,751,3.4630872483221475
351,678,2.8373493975903616
351,258,3.7814070351758793
351,300,3.6176470588235294
351,879,3.277227722772277
351,359,3.769230769230769
351,990,2.962962962962963
352,172,4.180555555555555
352,17,3.1323529411764706
352,173,4.15625
352,92,3.617283950617284
352,181,4.027093596059113
352,82,3.7156398104265405
352,194,4.0473684210526315
352,7,3.801302931596091
352,653,3.9
353,358,2.607142857142857
353,750,3.8333333333333335
353,346,3.622448979591837
353,316,4.137931034482759
353,328,3.3958333333333335
354,306,4.0
354,70,3.6381909547738696
354,297,4.025
354,429,4.012987012987013
354,714,3.1
354,735,3.908256880733945
354,181,4.027093596059113
354,508,3.585526315789474
354,174,4.247787610619469
354,463,3.819672131147541
354,863,4.285714285714286
354,93,3.835294117647059
354,143,3.758426966292135
354,692,3.672
354,58,3.6808510638297873
354,275,3.9904306220095696
354,606,4.017241379310345
354,208,3.9554140127388533
354,855,3.68
354,529,3.948717948717949
354,527,4.0064935064935066
354,258,3.7814070351758793
354,1017,3.263157894736842
354,699,3.6875
354,958,3.8
354,83,4.0647482014388485
354,1466,3.3333333333333335
354,14,4.0510948905109485
354,196,3.9170731707317072
354,531,3.9405940594059405
354,100,4.174242424242424
354,242,4.065217391304348
354,286,3.661498708010336
354,152,3.5806451612903225
354,953,3.4444444444444446
354,896,3.7948717948717947
354,241,3.5
354,287,3.5357142857142856
354,133,3.870503597122302
354,81,3.5421686746987953
354,792,3.734375
354,664,3.4358974358974357
354,382,3.5555555555555554
354,155,3.0125
354,189,4.078431372549019
354,169,4.462365591397849
354,956,3.5405405405405403
355,264,2.768292682926829
355,358,2.607142857142857
355,336,2.5
355,1392,1.6666666666666667
355,319,3.2301587301587302
355,286,3.661498708010336
356,322,3.0994475138121547
356,328,3.3958333333333335
356,937,3.52
356,300,3.6176470588235294
356,310,3.559322033898305
357,334,3.340909090909091
357,819,2.65625
357,283,3.75
357,258,3.7814070351758793
357,687,2.34
357,280,3.242424242424242
357,456,2.210526315789474
357,713,3.509433962264151
357,287,3.5357142857142856
357,151,3.612403100775194
357,304,3.53781512605042
357,476,3.0551181102362204
357,508,3.585526315789474
357,1028,3.0545454545454547
357,274,3.4482758620689653
357,405,3.286764705882353
358,179,3.956043956043956
358,1149,3.8947368421052633
358,208,3.9554140127388533
358,918,3.3333333333333335
358,469,3.7735849056603774
358,357,4.330188679245283
358,639,3.814814814814815
358,132,4.043010752688172
358,1006,2.8823529411764706
359,298,3.7642857142857142
359,50,4.347438752783964
359,270,3.6019417475728157
359,831,2.4177215189873418
359,7,3.801302931596091
359,268,3.81025641025641
360,50,4.347438752783964
360,187,4.208588957055214
360,936,3.9615384615384617
360,258,3.7814070351758793
360,237,3.707395498392283
360,483,4.5
360,174,4.247787610619469
360,207,3.8823529411764706
360,303,3.6944444444444446
360,96,4.018099547511312
360,127,4.312693498452012
360,144,3.8757062146892656
360,1197,3.65625
360,64,4.44
360,13,3.361842105263158
360,165,4.155555555555556
360,269,3.9486166007905137
360,405,3.286764705882353
360,588,3.75
360,663,3.903225806451613
360,172,4.180555555555555
361,165,4.155555555555556
361,197,4.077319587628866
361,504,3.787878787878788
361,50,4.347438752783964
361,150,3.8125
361,654,4.061946902654867
361,60,3.9615384615384617
361,286,3.661498708010336
361,319,3.2301587301587302
361,207,3.8823529411764706
361,527,4.0064935064935066
361,684,3.8
361,657,4.235849056603773
361,56,4.019047619047619
361,739,3.3410852713178296
361,707,3.814814814814815
361,276,3.7148936170212767
361,53,2.951923076923077
361,603,4.3602484472049685
361,813,3.9574468085106385
361,176,3.9624413145539905
361,202,3.782051282051282
361,269,3.9486166007905137
361,111,3.506787330316742
361,1119,3.625
362,328,3.3958333333333335
362,689,3.1044776119402986
362,336,2.5
362,1025,2.9696969696969697
362,302,4.165938864628821
363,288,3.455764075067024
363,469,3.7735849056603774
363,809,2.823529411764706
363,120,2.3333333333333335
363,531,3.9405940594059405
363,222,3.6254180602006687
363,228,3.8
363,443,3.801526717557252
363,29,2.627906976744186
363,2,3.18
363,80,2.6538461538461537
363,569,2.7017543859649122
363,1074,2.935483870967742
363,1013,2.257142857142857
363,151,3.612403100775194
363,351,2.6666666666666665
363,575,2.611111111111111
363,752,3.25
363,350,3.193548387096774
363,640,3.0161290322580645
363,747,3.513157894736842
363,384,2.8727272727272726
363,537,3.625
363,71,3.847058823529412
363,429,4.012987012987013
363,707,3.814814814814815
363,93,3.835294117647059
363,549,3.5294117647058822
363,7,3.801302931596091
363,1,3.900804289544236
363,568,3.64021164021164
363,65,3.5164835164835164
363,95,3.8275862068965516
363,603,4.3602484472049685
363,631,3.6288659793814433
363,169,4.462365591397849
363,185,4.101063829787234
363,223,4.153153153153153
363,56,4.019047619047619
363,591,3.6
363,173,4.15625
363,506,3.791044776119403
363,284,3.1824324324324325
363,566,3.633587786259542
363,761,3.1666666666666665
363,393,3.4324324324324325
363,895,3.0853658536585367
363,152,3.5806451612903225
363,180,4.0
363,588,3.75
363,449,3.0652173913043477
363,455,3.242424242424242
363,1101,3.711864406779661
363,1009,3.4468085106382977
363,346,3.622448979591837
363,32,3.953846153846154
363,625,3.3
363,270,3.6019417475728157
363,751,3.4630872483221475
363,216,3.9656652360515023
363,186,3.86
363,159,3.271604938271605
363,423,3.782258064516129
364,948,2.210526315789474
364,269,3.9486166007905137
364,288,3.455764075067024
364,988,2.3333333333333335
365,352,2.15
365,948,2.210526315789474
365,268,3.81025641025641
365,894,2.0
365,137,3.8840579710144927
365,473,3.118811881188119
365,287,3.5357142857142856
365,289,2.9651741293532337
365,316,4.137931034482759
365,340,3.5517241379310347
365,7,3.801302931596091
365,272,4.261437908496732
366,637,2.9393939393939394
366,234,3.751152073732719
366,17,3.1323529411764706
366,185,4.101063829787234
366,447,3.4081632653061225
366,854,3.090909090909091
366,860,2.7
367,1012,3.55
367,184,3.4545454545454546
367,800,2.789473684210526
367,17,3.1323529411764706
367,672,2.673076923076923
367,218,3.437037037037037
367,567,2.8076923076923075
367,5,3.318840579710145
367,564,1.9565217391304348
367,288,3.455764075067024
367,452,2.5652173913043477
367,441,2.55
368,183,4.004464285714286
368,561,2.9318181818181817
368,379,2.9285714285714284
368,573,2.8260869565217392
368,56,4.019047619047619
368,292,3.6179775280898876
368,201,3.52
368,145,2.4074074074074074
368,217,3.077777777777778
369,948,2.210526315789474
369,172,4.180555555555555
369,316,4.137931034482759
369,751,3.4630872483221475
369,243,2.3823529411764706
370,174,4.247787610619469
370,650,3.4545454545454546
370,176,3.9624413145539905
370,525,3.9508196721311477
370,136,4.193181818181818
370,435,3.9171597633136095
370,199,4.180327868852459
370,210,3.9578544061302683
370,257,3.758771929824561
370,661,4.097222222222222
370,238,3.8309178743961354
370,100,4.174242424242424
370,603,4.3602484472049685
370,265,3.840909090909091
370,523,4.0
371,79,4.056390977443609
371,64,4.44
371,31,3.6495726495726495
371,177,3.926605504587156
371,98,4.283018867924528
371,42,3.7796610169491527
371,179,3.956043956043956
371,449,3.0652173913043477
371,50,4.347438752783964
371,234,3.751152073732719
371,393,3.4324324324324325
372,872,3.310344827586207
372,561,2.9318181818181817
372,326,3.335664335664336
372,452,2.5652173913043477
372,332,3.4601769911504423
372,322,3.0994475138121547
372,129,3.88659793814433
372,273,3.596774193548387
372,649,3.3947368421052633
372,218,3.437037037037037
372,325,2.4081632653061225
372,674,2.810810810810811
372,234,3.751152073732719
372,5,3.318840579710145
373,168,4.081967213114754
373,707,3.814814814814815
373,181,4.027093596059113
373,79,4.056390977443609
373,709,3.9655172413793105
373,161,3.5388888888888888
373,71,3.847058823529412
373,102,2.9782608695652173
373,173,4.15625
373,423,3.782258064516129
373,197,4.077319587628866
373,196,3.9170731707317072
373,166,4.153846153846154
373,229,3.0597014925373136
373,265,3.840909090909091
373,390,3.1666666666666665
373,385,3.5773809523809526
373,241,3.5
373,528,4.159574468085107
373,393,3.4324324324324325
373,215,3.674698795180723
373,367,3.4375
373,2,3.18
373,699,3.6875
373,494,3.975
373,125,3.5255102040816326
373,286,3.661498708010336
373,189,4.078431372549019
373,100,4.174242424242424
373,155,3.0125
373,82,3.7156398104265405
373,70,3.6381909547738696
373,778,3.5223880597014925
373,705,4.048543689320389
373,180,4.0
373,746,3.65625
373,603,4.3602484472049685
373,172,4.180555555555555
373,732,3.6595744680851063
373,727,3.375
373,828,2.888888888888889
373,97,3.8097560975609754
373,660,3.7777777777777777
373,941,3.0697674418604652
373,230,3.460122699386503
373,378,3.658536585365854
373,366,3.357142857142857
374,120,2.3333333333333335
374,226,3.352
374,164,3.563025210084034
374,69,3.8832684824902723
374,665,2.775
374,56,4.019047619047619
374,228,3.8
374,239,3.5294117647058822
374,925,3.25
374,137,3.8840579710144927
374,1001,2.3076923076923075
374,122,2.3493975903614457
374,292,3.6179775280898876
374,230,3.460122699386503
374,173,4.15625
374,151,3.612403100775194
374,558,3.6964285714285716
374,218,3.437037037037037
374,66,3.5671641791044775
374,758,1.7647058823529411
374,176,3.9624413145539905
374,1217,3.0
374,977,2.789473684210526
374,82,3.7156398104265405
374,186,3.86
374,521,3.776595744680851
374,265,3.840909090909091
374,2,3.18
374,1,3.900804289544236
374,274,3.4482758620689653
374,1206,2.5384615384615383
374,741,3.5217391304347827
374,280,3.242424242424242
374,1013,2.257142857142857
374,273,3.596774193548387
374,1014,3.1333333333333333
374,443,3.801526717557252
374,1059,2.8518518518518516
374,743,1.8666666666666667
374,468,3.3125
374,818,2.6818181818181817
374,356,3.382716049382716
374,54,3.253012048192771
374,117,3.633986928104575
374,17,3.1323529411764706
374,29,2.627906976744186
374,1011,3.26027397260274
374,642,3.5416666666666665
374,756,2.857142857142857
374,952,3.2285714285714286
374,825,3.1194029850746268
374,1218,3.5238095238095237
374,824,2.72972972972973
374,1248,3.0
374,96,4.018099547511312
375,288,3.455764075067024
375,443,3.801526717557252
375,302,4.165938864628821
375,603,4.3602484472049685
375,234,3.751152073732719
375,300,3.6176470588235294
376,154,3.832167832167832
376,289,2.9651741293532337
376,705,4.048543689320389
376,427,4.287425149700598
376,269,3.9486166007905137
376,357,4.330188679245283
377,168,4.081967213114754
377,173,4.15625
377,288,3.455764075067024
377,895,3.0853658536585367
377,154,3.832167832167832
377,268,3.81025641025641
377,272,4.261437908496732
378,69,3.8832684824902723
378,780,3.0172413793103448
378,1035,3.19672131147541
378,282,3.6758241758241756
378,875,2.761904761904762
378,977,2.789473684210526
378,411,2.962121212121212
378,301,3.2604166666666665
378,703,3.6666666666666665
378,125,3.5255102040816326
378,566,3.633587786259542
378,254,2.488372093023256
378,48,4.0625
378,56,4.019047619047619
378,735,3.908256880733945
378,207,3.8823529411764706
378,1220,3.4166666666666665
378,588,3.75
378,381,3.5641025641025643
378,796,3.1153846153846154
378,729,3.403225806451613
378,734,2.6
378,204,3.8333333333333335
378,742,3.677570093457944
378,542,2.4473684210526314
378,280,3.242424242424242
378,404,3.72972972972973
378,396,2.744186046511628
378,213,3.9541284403669725
378,393,3.4324324324324325
378,1091,2.8
378,78,2.52
378,313,4.269961977186312
378,686,3.789473684210526
378,606,4.017241379310345
378,528,4.159574468085107
378,724,3.4464285714285716
378,195,3.9402390438247012
378,28,3.935185185185185
378,1107,3.1333333333333333
378,191,4.153153153153153
378,4,3.5
378,728,2.973684210526316
378,148,3.2395833333333335
378,803,2.75
378,49,3.3230769230769233
378,739,3.3410852713178296
378,450,2.411764705882353
378,91,3.5789473684210527
378,38,2.941747572815534
378,300,3.6176470588235294
378,956,3.5405405405405403
378,1,3.900804289544236
378,21,2.7746478873239435
378,234,3.751152073732719
378,68,3.3893805309734515
378,202,3.782051282051282
378,727,3.375
378,385,3.5773809523809526
378,1181,2.5
378,31,3.6495726495726495
378,231,2.6576576576576576
378,194,4.0473684210526315
378,623,2.903225806451613
378,596,3.326530612244898
378,275,3.9904306220095696
378,176,3.9624413145539905
378,172,4.180555555555555
378,58,3.6808510638297873
378,9,3.8821138211382116
378,317,3.89010989010989
378,98,4.283018867924528
378,866,3.303030303030303
378,470,3.6704545454545454
378,479,4.222222222222222
379,414,3.382978723404255
379,177,3.926605504587156
379,186,3.86
379,173,4.15625
379,205,3.9572649572649574
379,131,3.717948717948718
379,204,3.8333333333333335
379,270,3.6019417475728157
379,402,3.404109589041096
379,158,2.673469387755102
379,285,4.2204724409448815
379,1075,3.25
379,227,3.184
379,94,3.0275229357798166
379,164,3.563025210084034
379,178,4.346938775510204
379,83,4.0647482014388485
379,200,3.7470588235294118
379,1,3.900804289544236
379,451,3.389261744966443
379,746,3.65625
379,161,3.5388888888888888
379,181,4.027093596059113
379,97,3.8097560975609754
379,211,3.9289940828402368
379,239,3.5294117647058822
379,176,3.9624413145539905
379,428,3.8476190476190477
379,1022,3.3
379,310,3.559322033898305
379,286,3.661498708010336
379,710,3.5714285714285716
379,199,4.180327868852459
379,522,3.7666666666666666
379,93,3.835294117647059
379,157,3.696078431372549
379,54,3.253012048192771
379,686,3.789473684210526
379,504,3.787878787878788
379,621,3.0
380,699,3.6875
380,708,3.4698795180722892
380,183,4.004464285714286
380,474,4.2405063291139244
380,258,3.7814070351758793
380,59,4.125
380,382,3.5555555555555554
380,631,3.6288659793814433
380,498,4.24031007751938
380,154,3.832167832167832
380,652,3.9027777777777777
380,770,3.36734693877551
380,313,4.269961977186312
380,100,4.174242424242424
380,1101,3.711864406779661
380,315,4.104477611940299
380,61,3.8666666666666667
380,179,3.956043956043956
380,118,3.2266666666666666
380,217,3.077777777777778
380,518,3.7260273972602738
380,132,4.043010752688172
380,845,3.4779411764705883
380,186,3.86
380,174,4.247787610619469
380,449,3.0652173913043477
380,554,2.8369565217391304
380,300,3.6176470588235294
380,306,4.0
380,630,3.380952380952381
380,81,3.5421686746987953
380,286,3.661498708010336
380,654,4.061946902654867
381,95,3.8275862068965516
381,487,4.037735849056604
381,673,3.5211267605633805
381,214,3.3636363636363638
381,307,3.524137931034483
381,634,3.8823529411764706
381,479,4.222222222222222
381,1098,3.7586206896551726
381,121,3.4656716417910447
381,79,4.056390977443609
381,432,3.6546762589928057
381,934,2.9
381,485,3.9183673469387754
381,344,3.5869565217391304
381,512,3.978723404255319
381,15,3.8026315789473686
381,566,3.633587786259542
381,276,3.7148936170212767
381,931,2.0697674418604652
381,216,3.9656652360515023
381,217,3.077777777777778
381,1117,2.9166666666666665
381,83,4.0647482014388485
381,191,4.153153153153153
381,124,4.092105263157895
381,724,3.4464285714285716
382,474,4.2405063291139244
382,475,3.910994764397906
382,171,3.8703703703703702
382,546,3.0634146341463415
382,14,4.0510948905109485
382,508,3.585526315789474
382,134,4.269938650306749
382,100,4.174242424242424
382,639,3.814814814814815
382,481,3.92
382,168,4.081967213114754
383,641,4.214285714285714
383,435,3.9171597633136095
383,505,3.8846153846153846
383,483,4.5
383,272,4.261437908496732
383,137,3.8840579710144927
383,1005,3.9375
383,223,4.153153153153153
383,496,4.087431693989071
383,193,3.9411764705882355
383,213,3.9541284403669725
383,58,3.6808510638297873
383,203,3.830188679245283
383,86,3.928
383,319,3.2301587301587302
384,333,3.59
384,751,3.4630872483221475
384,316,4.137931034482759
384,258,3.7814070351758793
384,347,3.49
385,235,2.7873563218390807
385,1367,3.5
385,727,3.375
385,959,3.52
385,451,3.389261744966443
385,1070,3.782608695652174
385,855,3.68
385,135,3.9665071770334928
385,473,3.118811881188119
385,1022,3.3
385,200,3.7470588235294118
385,100,4.174242424242424
385,430,3.9305555555555554
385,455,3.242424242424242
385,209,3.8343949044585988
385,1131,4.1
385,204,3.8333333333333335
385,210,3.9578544061302683
385,250,3.4551282051282053
385,290,3.1875
385,197,4.077319587628866
385,216,3.9656652360515023
385,427,4.287425149700598
385,447,3.4081632653061225
385,428,3.8476190476190477
385,732,3.6595744680851063
385,479,4.222222222222222
385,1103,3.9285714285714284
385,521,3.776595744680851
385,512,3.978723404255319
385,508,3.585526315789474
385,1154,3.25
385,262,3.74
385,173,4.15625
385,1097,3.3125
385,151,3.612403100775194
385,483,4.5
385,657,4.235849056603773
385,1007,4.0588235294117645
385,520,4.1020408163265305
385,59,4.125
385,384,2.8727272727272726
385,429,4.012987012987013
385,12,4.408256880733945
385,659,4.087912087912088
385,461,3.607142857142857
385,1008,3.3225806451612905
385,629,3.3275862068965516
385,47,3.584070796460177
385,79,4.056390977443609
385,199,4.180327868852459
385,1506,3.5
385,129,3.88659793814433
385,253,3.473684210526316
385,656,3.945945945945946
385,433,3.7071428571428573
385,1066,2.8333333333333335
386,24,3.4135338345864663
386,117,3.633986928104575
386,323,2.918918918918919
386,127,4.312693498452012
386,121,3.4656716417910447
387,551,2.388888888888889
387,168,4.081967213114754
387,769,2.5625
387,403,3.4394904458598727
387,380,3.297872340425532
387,582,3.648854961832061
387,742,3.677570093457944
387,129,3.88659793814433
387,179,3.956043956043956
387,531,3.9405940594059405
387,333,3.59
387,68,3.3893805309734515
387,547,3.257142857142857
387,243,2.3823529411764706
387,201,3.52
387,258,3.7814070351758793
387,436,3.576923076923077
387,193,3.9411764705882355
387,567,2.8076923076923075
387,1110,2.8461538461538463
387,1537,4.0
387,530,4.064516129032258
387,1199,2.588235294117647
387,318,4.437768240343348
387,692,3.672
387,581,3.2448979591836733
387,684,3.8
387,1,3.900804289544236
387,847,3.840909090909091
387,1007,4.0588235294117645
387,13,3.361842105263158
387,82,3.7156398104265405
387,559,3.1826086956521737
387,294,3.112947658402204
387,919,3.730769230769231
387,217,3.077777777777778
387,844,3.3636363636363638
387,418,3.609090909090909
387,943,3.411764705882353
387,230,3.460122699386503
387,2,3.18
387,845,3.4779411764705883
387,650,3.4545454545454546
387,583,2.9375
387,461,3.607142857142857
387,239,3.5294117647058822
387,135,3.9665071770334928
387,169,4.462365591397849
387,381,3.5641025641025643
387,399,3.3043478260869565
387,674,2.810810810810811
387,183,4.004464285714286
387,187,4.208588957055214
387,219,3.202247191011236
387,47,3.584070796460177
387,204,3.8333333333333335
387,475,3.910994764397906
387,95,3.8275862068965516
387,678,2.8373493975903616
387,156,3.865546218487395
387,321,3.0942028985507246
388,298,3.7642857142857142
388,147,3.4503311258278146
388,288,3.455764075067024
388,628,3.4964028776978417
388,333,3.59
388,258,3.7814070351758793
388,266,2.4814814814814814
388,816,2.235294117647059
388,219,3.202247191011236
388,310,3.559322033898305
388,680,2.1923076923076925
389,208,3.9554140127388533
389,479,4.222222222222222
389,67,3.0588235294117645
389,64,4.44
389,1074,2.935483870967742
389,763,3.4488188976377954
389,1114,3.0
389,407,2.5517241379310347
389,492,3.8297872340425534
389,629,3.3275862068965516
389,1168,3.2222222222222223
389,520,4.1020408163265305
389,946,3.196078431372549
389,1007,4.0588235294117645
389,167,2.981132075471698
389,420,3.739130434782609
389,926,2.697674418604651
389,1052,2.526315789473684
389,732,3.6595744680851063
389,152,3.5806451612903225
389,186,3.86
389,285,4.2204724409448815
389,347,3.49
389,615,4.023255813953488
389,275,3.9904306220095696
389,475,3.910994764397906
389,478,4.116279069767442
389,785,3.206896551724138
389,715,3.111111111111111
389,1286,3.5384615384615383
389,50,4.347438752783964
389,603,4.3602484472049685
389,484,4.151785714285714
389,485,3.9183673469387754
389,521,3.776595744680851
389,477,3.1578947368421053
389,71,3.847058823529412
389,489,4.051282051282051
389,395,2.6097560975609757
389,1050,3.6470588235294117
389,194,4.0473684210526315
389,488,4.196078431372549
389,664,3.4358974358974357
389,630,3.380952380952381
389,234,3.751152073732719
389,191,4.153153153153153
389,604,3.96875
389,1204,3.4285714285714284
389,481,3.92
389,756,2.857142857142857
389,196,3.9170731707317072
389,824,2.72972972972973
389,526,3.8876404494382024
389,568,3.64021164021164
389,503,3.48
390,289,2.9651741293532337
390,1,3.900804289544236
390,258,3.7814070351758793
390,331,3.5698924731182795
390,845,3.4779411764705883
390,300,3.6176470588235294
390,304,3.53781512605042
391,31,3.6495726495726495
391,56,4.019047619047619
391,197,4.077319587628866
391,71,3.847058823529412
391,12,4.408256880733945
391,69,3.8832684824902723
391,604,3.96875
391,483,4.5
391,544,3.16
391,61,3.8666666666666667
391,460,3.0
391,100,4.174242424242424
391,652,3.9027777777777777
391,222,3.6254180602006687
391,60,3.9615384615384617
391,205,3.9572649572649574
391,282,3.6758241758241756
391,300,3.6176470588235294
391,186,3.86
391,530,4.064516129032258
391,188,3.6783216783216783
391,328,3.3958333333333335
391,291,3.392156862745098
391,435,3.9171597633136095
391,180,4.0
392,325,2.4081632653061225
392,347,3.49
392,298,3.7642857142857142
392,495,3.6153846153846154
392,209,3.8343949044585988
392,191,4.153153153153153
392,310,3.559322033898305
392,344,3.5869565217391304
392,319,3.2301587301587302
392,129,3.88659793814433
392,482,3.970873786407767
392,510,4.041237113402062
392,1007,4.0588235294117645
392,271,3.2569832402234637
392,302,4.165938864628821
392,488,4.196078431372549
392,321,3.0942028985507246
392,632,3.8222222222222224
392,248,3.611940298507463
392,492,3.8297872340425534
392,847,3.840909090909091
392,165,4.155555555555556
392,615,4.023255813953488
393,1074,2.935483870967742
393,172,4.180555555555555
393,1441,2.25
393,483,4.5
393,879,3.277227722772277
393,33,3.45679012345679
393,625,3.3
393,77,3.2459016393442623
393,1197,3.65625
393,321,3.0942028985507246
393,501,3.5670103092783507
393,148,3.2395833333333335
393,485,3.9183673469387754
393,627,3.135593220338983
393,202,3.782051282051282
393,1063,3.7058823529411766
393,41,3.2
393,245,3.1036269430051813
393,739,3.3410852713178296
393,110,2.625
393,66,3.5671641791044775
393,70,3.6381909547738696
393,575,2.611111111111111
393,1219,2.8666666666666667
393,774,2.814814814814815
393,394,3.1818181818181817
393,1244,2.8666666666666667
393,779,2.4166666666666665
393,233,3.349514563106796
393,787,3.0
393,323,2.918918918918919
393,930,2.6
393,540,2.5
393,696,3.09375
393,281,3.111111111111111
393,1000,3.0
393,999,2.75
393,396,2.744186046511628
393,456,2.210526315789474
393,825,3.1194029850746268
393,248,3.611940298507463
393,756,2.857142857142857
393,420,3.739130434782609
393,275,3.9904306220095696
393,363,2.707317073170732
393,819,2.65625
393,1032,3.1
393,771,2.75
393,364,2.6206896551724137
393,1179,2.0
393,692,3.672
393,685,3.375
393,412,2.410958904109589
393,191,4.153153153153153
393,1185,2.4285714285714284
393,27,3.0869565217391304
393,419,3.627586206896552
393,123,3.2065217391304346
393,781,3.3333333333333335
393,283,3.75
393,189,4.078431372549019
393,477,3.1578947368421053
393,613,3.9545454545454546
393,294,3.112947658402204
393,206,3.3513513513513513
393,367,3.4375
393,783,2.925925925925926
393,270,3.6019417475728157
393,54,3.253012048192771
393,265,3.840909090909091
393,313,4.269961977186312
393,404,3.72972972972973
393,257,3.758771929824561
393,355,3.0
393,90,3.1025641025641026
393,789,3.6216216216216215
393,1028,3.0545454545454547
393,67,3.0588235294117645
393,362,2.8181818181818183
393,761,3.1666666666666665
393,588,3.75
393,273,3.596774193548387
393,949,3.3793103448275863
393,833,3.2432432432432434
393,620,3.1714285714285713
393,929,2.735294117647059
393,42,3.7796610169491527
393,135,3.9665071770334928
393,378,3.658536585365854
393,541,2.880952380952381
394,403,3.4394904458598727
394,121,3.4656716417910447
394,144,3.8757062146892656
394,22,4.162393162393163
394,222,3.6254180602006687
394,250,3.4551282051282053
394,419,3.627586206896552
394,101,3.25
394,123,3.2065217391304346
394,679,2.9220779220779223
394,294,3.112947658402204
394,204,3.8333333333333335
394,183,4.004464285714286
394,233,3.349514563106796
394,979,3.1923076923076925
394,739,3.3410852713178296
394,29,2.627906976744186
394,50,4.347438752783964
394,455,3.242424242424242
394,7,3.801302931596091
394,91,3.5789473684210527
394,433,3.7071428571428573
394,550,3.25
394,208,3.9554140127388533
394,128,3.6041666666666665
394,229,3.0597014925373136
394,383,2.08
394,405,3.286764705882353
394,763,3.4488188976377954
394,1079,2.303030303030303
395,273,3.596774193548387
395,342,2.880952380952381
395,21,2.7746478873239435
395,632,3.8222222222222224
395,118,3.2266666666666666
395,866,3.303030303030303
395,458,3.2
395,257,3.758771929824561
395,892,2.7333333333333334
395,89,4.173913043478261
395,151,3.612403100775194
395,423,3.782258064516129
396,405,3.286764705882353
396,333,3.59
396,291,3.392156862745098
396,471,3.66120218579235
396,25,3.4148471615720526
396,117,3.633986928104575
396,1025,2.9696969696969697
396,288,3.455764075067024
396,121,3.4656716417910447
396,151,3.612403100775194
396,930,2.6
397,479,4.222222222222222
397,1001,2.3076923076923075
397,1018,3.1923076923076925
397,195,3.9402390438247012
397,50,4.347438752783964
397,855,3.68
397,210,3.9578544061302683
397,657,4.235849056603773
397,261,2.5
397,7,3.801302931596091
397,693,3.6202531645569622
397,14,4.0510948905109485
397,23,4.13375796178344
397,174,4.247787610619469
397,435,3.9171597633136095
397,8,4.011363636363637
397,340,3.5517241379310347
397,273,3.596774193548387
397,177,3.926605504587156
397,156,3.865546218487395
397,346,3.622448979591837
398,65,3.5164835164835164
398,423,3.782258064516129
398,208,3.9554140127388533
398,427,4.287425149700598
398,648,3.9166666666666665
398,588,3.75
398,172,4.180555555555555
398,403,3.4394904458598727
398,993,3.5925925925925926
398,495,3.6153846153846154
398,432,3.6546762589928057
398,491,3.730769230769231
398,735,3.908256880733945
398,659,4.087912087912088
398,234,3.751152073732719
398,135,3.9665071770334928
398,607,3.9411764705882355
398,1041,3.142857142857143
398,95,3.8275862068965516
398,1450,3.0
398,521,3.776595744680851
398,283,3.75
398,494,3.975
398,25,3.4148471615720526
398,655,3.8722222222222222
398,633,4.127272727272727
398,737,3.0
398,705,4.048543689320389
398,194,4.0473684210526315
398,501,3.5670103092783507
398,181,4.027093596059113
398,144,3.8757062146892656
398,481,3.92
398,56,4.019047619047619
398,72,3.203883495145631
399,501,3.5670103092783507
399,238,3.8309178743961354
399,265,3.840909090909091
399,132,4.043010752688172
399,817,3.0
399,1179,2.0
399,404,3.72972972972973
399,231,2.6576576576576576
399,820,2.717948717948718
399,291,3.392156862745098
399,444,2.823529411764706
399,5,3.318840579710145
399,526,3.8876404494382024
399,545,2.0
399,455,3.242424242424242
399,187,4.208588957055214
399,769,2.5625
399,55,3.7398373983739837
399,1220,3.4166666666666665
399,26,3.457627118644068
399,760,2.710526315789474
399,977,2.789473684210526
399,28,3.935185185185185
399,508,3.585526315789474
399,471,3.66120218579235
399,147,3.4503311258278146
399,232,3.2222222222222223
399,763,3.4488188976377954
399,210,3.9578544061302683
399,546,3.0634146341463415
399,582,3.648854961832061
399,176,3.9624413145539905
399,332,3.4601769911504423
399,959,3.52
399,155,3.0125
399,93,3.835294117647059
399,1459,3.6
399,747,3.513157894736842
399,423,3.782258064516129
399,710,3.5714285714285716
399,151,3.612403100775194
399,47,3.584070796460177
399,386,2.8028169014084505
399,722,2.9148936170212765
399,1244,2.8666666666666667
399,123,3.2065217391304346
399,164,3.563025210084034
399,99,3.7372262773722627
399,426,2.782608695652174
399,1541,4.0
399,96,4.018099547511312
399,720,2.9833333333333334
399,229,3.0597014925373136
399,383,2.08
399,395,2.6097560975609757
399,774,2.814814814814815
399,144,3.8757062146892656
399,79,4.056390977443609
399,195,3.9402390438247012
399,389,3.5238095238095237
399,380,3.297872340425532
399,684,3.8
399,986,2.5789473684210527
399,809,2.823529411764706
400,895,3.0853658536585367
400,748,3.0784313725490198
400,328,3.3958333333333335
400,749,3.1578947368421053
400,690,3.4227642276422765
401,157,3.696078431372549
401,385,3.5773809523809526
401,71,3.847058823529412
401,485,3.9183673469387754
401,243,2.3823529411764706
401,194,4.0473684210526315
401,275,3.9904306220095696
401,762,3.391304347826087
401,428,3.8476190476190477
401,321,3.0942028985507246
401,162,3.6
401,610,3.6363636363636362
401,191,4.153153153153153
401,478,4.116279069767442
401,133,3.870503597122302
401,272,4.261437908496732
401,181,4.027093596059113
401,751,3.4630872483221475
401,508,3.585526315789474
401,143,3.758426966292135
401,535,3.159090909090909
401,634,3.8823529411764706
401,70,3.6381909547738696
401,1289,2.4
401,312,3.28125
401,604,3.96875
401,196,3.9170731707317072
401,144,3.8757062146892656
401,199,4.180327868852459
401,490,3.9761904761904763
401,357,4.330188679245283
402,515,4.25
402,182,3.923076923076923
402,42,3.7796610169491527
402,455,3.242424242424242
402,476,3.0551181102362204
402,258,3.7814070351758793
402,1060,2.9393939393939394
402,237,3.707395498392283
402,257,3.758771929824561
402,864,3.1449275362318843
402,15,3.8026315789473686
402,408,4.482352941176471
402,1101,3.711864406779661
402,126,3.7948717948717947
403,50,4.347438752783964
403,864,3.1449275362318843
403,235,2.7873563218390807
403,1,3.900804289544236
403,866,3.303030303030303
403,288,3.455764075067024
403,1047,2.892857142857143
403,477,3.1578947368421053
403,370,2.9411764705882355
403,405,3.286764705882353
404,690,3.4227642276422765
404,301,3.2604166666666665
404,348,3.1739130434782608
404,739,3.3410852713178296
404,327,3.466666666666667
404,243,2.3823529411764706
404,687,2.34
404,683,2.4047619047619047
404,328,3.3958333333333335
405,504,3.787878787878788
405,996,2.909090909090909
405,719,2.4782608695652173
405,592,3.5
405,78,2.52
405,1569,3.5261432572627136
405,694,4.142857142857143
405,1409,3.4
405,638,3.810810810810811
405,1065,3.372093023255814
405,1100,2.8
405,516,4.02
405,509,3.923076923076923
405,1030,2.375
405,580,3.3461538461538463
405,1582,3.5261432572627136
405,853,3.909090909090909
405,421,3.6
405,1581,3.5261432572627136
405,32,3.953846153846154
405,232,3.2222222222222223
405,584,3.5303030303030303
405,659,4.087912087912088
405,432,3.6546762589928057
405,1550,3.0
405,959,3.52
405,90,3.1025641025641026
405,365,3.275
405,1091,2.8
405,1565,3.5261432572627136
405,1043,3.2857142857142856
405,566,3.633587786259542
405,30,4.125
405,1583,3.5261432572627136
405,462,3.810344827586207
405,703,3.6666666666666665
405,92,3.617283950617284
405,501,3.5670103092783507
405,1317,2.3333333333333335
405,437,1.0
405,735,3.908256880733945
405,603,4.3602484472049685
405,1261,4.0
405,67,3.0588235294117645
405,1247,2.25
405,217,3.077777777777778
405,85,2.953488372093023
405,1177,2.0
405,367,3.4375
405,1566,3.5261432572627136
405,708,3.4698795180722892
405,514,3.880281690140845
405,650,3.4545454545454546
405,45,4.151515151515151
405,523,4.0
405,426,2.782608695652174
405,550,3.25
405,374,2.0
405,1539,2.0
405,513,4.362068965517241
405,433,3.7071428571428573
405,1567,3.5261432572627136
405,69,3.8832684824902723
405,1479,3.0
405,1175,4.0
405,76,3.5365853658536586
405,141,3.491228070175439
405,549,3.5294117647058822
405,436,3.576923076923077
405,732,3.6595744680851063
405,626,4.0
405,1575,3.5261432572627136
405,643,3.5
405,1111,3.8333333333333335
405,1219,2.8666666666666667
405,398,2.1666666666666665
405,71,3.847058823529412
405,786,2.75
405,1217,3.0
405,233,3.349514563106796
405,1076,2.111111111111111
405,1184,2.4285714285714284
405,700,2.769230769230769
405,1207,2.0833333333333335
405,1334,1.0
405,461,3.607142857142857
405,576,3.0136986301369864
405,722,2.9148936170212765
405,88,3.6011904761904763
405,1180,2.8333333333333335
405,86,3.928
405,669,1.8
405,42,3.7796610169491527
405,176,3.9624413145539905
405,723,3.2142857142857144
405,1005,3.9375
405,444,2.823529411764706
405,565,2.7
405,183,4.004464285714286
405,1206,2.5384615384615383
405,729,3.403225806451613
405,860,2.7
405,439,1.0
405,1006,2.8823529411764706
405,969,3.838709677419355
405,994,2.5
405,470,3.6704545454545454
405,946,3.196078431372549
405,1556,3.0
405,1275,3.0
405,1058,3.5
405,657,4.235849056603773
405,1346,3.3333333333333335
405,1421,3.5
405,1148,3.625
405,58,3.6808510638297873
405,80,2.6538461538461537
405,435,3.9171597633136095
405,785,3.206896551724138
405,773,3.0
405,1147,3.764705882352941
405,515,4.25
405,445,3.5294117647058822
405,196,3.9170731707317072
405,623,2.903225806451613
405,798,1.8333333333333333
405,1062,4.0
405,211,3.9289940828402368
405,377,2.3
405,858,1.0
405,1400,3.2857142857142856
405,747,3.513157894736842
405,64,4.44
405,1564,3.5261432572627136
405,198,3.989795918367347
405,877,2.6944444444444446
405,308,3.0476190476190474
405,571,2.4545454545454546
405,393,3.4324324324324325
405,1574,3.5261432572627136
405,670,3.04
405,530,4.064516129032258
405,1471,2.5
405,55,3.7398373983739837
405,83,4.0647482014388485
405,175,3.8523489932885906
405,1194,4.153846153846154
405,1306,5.0
406,1170,3.05
406,148,3.2395833333333335
406,85,2.953488372093023
406,945,4.0
406,591,3.6
406,575,2.611111111111111
406,713,3.509433962264151
406,543,3.411764705882353
406,504,3.787878787878788
406,181,4.027093596059113
406,506,3.791044776119403
406,662,3.5238095238095237
406,240,2.7401574803149606
406,23,4.13375796178344
406,645,3.727272727272727
406,478,4.116279069767442
406,199,4.180327868852459
406,208,3.9554140127388533
406,601,4.166666666666667
406,602,3.7906976744186047
406,561,2.9318181818181817
406,121,3.4656716417910447
406,479,4.222222222222222
406,404,3.72972972972973
406,195,3.9402390438247012
406,26,3.457627118644068
406,284,3.1824324324324325
406,217,3.077777777777778
406,212,3.4743589743589745
406,127,4.312693498452012
406,769,2.5625
406,701,3.75
406,654,4.061946902654867
406,515,4.25
406,134,4.269938650306749
406,428,3.8476190476190477
406,528,4.159574468085107
406,671,3.5526315789473686
406,1,3.900804289544236
406,207,3.8823529411764706
406,702,3.0
406,180,4.0
406,447,3.4081632653061225
406,831,2.4177215189873418
406,519,4.08955223880597
406,727,3.375
406,393,3.4324324324324325
406,806,3.5277777777777777
406,480,4.302158273381295
406,693,3.6202531645569622
406,640,3.0161290322580645
406,469,3.7735849056603774
406,1079,2.303030303030303
406,190,4.175257731958763
406,453,1.7692307692307692
406,462,3.810344827586207
406,4,3.5
406,72,3.203883495145631
406,182,3.923076923076923
406,219,3.202247191011236
406,172,4.180555555555555
406,281,3.111111111111111
406,513,4.362068965517241
406,204,3.8333333333333335
406,194,4.0473684210526315
406,746,3.65625
406,507,3.8333333333333335
406,1010,3.2777777777777777
406,215,3.674698795180723
407,443,3.801526717557252
407,152,3.5806451612903225
407,313,4.269961977186312
407,265,3.840909090909091
407,315,4.104477611940299
407,491,3.730769230769231
407,455,3.242424242424242
407,1118,3.230769230769231
407,388,2.5
407,635,2.9411764705882355
407,656,3.945945945945946
407,1263,3.0
407,257,3.758771929824561
407,191,4.153153153153153
407,176,3.9624413145539905
407,157,3.696078431372549
407,168,4.081967213114754
407,508,3.585526315789474
407,218,3.437037037037037
407,493,4.288888888888889
407,69,3.8832684824902723
407,244,3.15
407,117,3.633986928104575
407,70,3.6381909547738696
407,385,3.5773809523809526
407,94,3.0275229357798166
407,1160,3.7142857142857144
407,189,4.078431372549019
407,479,4.222222222222222
407,203,3.830188679245283
407,603,4.3602484472049685
407,67,3.0588235294117645
407,56,4.019047619047619
407,163,3.5211267605633805
407,188,3.6783216783216783
407,660,3.7777777777777777
407,175,3.8523489932885906
407,345,3.4313725490196076
407,153,3.77720207253886
407,45,4.151515151515151
407,194,4.0473684210526315
407,238,3.8309178743961354
407,214,3.3636363636363638
407,239,3.5294117647058822
407,161,3.5388888888888888
407,756,2.857142857142857
408,258,3.7814070351758793
408,300,3.6176470588235294
408,319,3.2301587301587302
408,294,3.112947658402204
408,286,3.661498708010336
408,324,3.0721649484536084
409,1537,4.0
409,855,3.68
409,211,3.9289940828402368
409,1328,3.25
409,480,4.302158273381295
409,203,3.830188679245283
409,286,3.661498708010336
409,303,3.6944444444444446
409,30,4.125
409,615,4.023255813953488
409,14,4.0510948905109485
409,99,3.7372262773722627
409,28,3.935185185185185
409,58,3.6808510638297873
409,705,4.048543689320389
409,180,4.0
409,97,3.8097560975609754
409,714,3.1
409,518,3.7260273972602738
409,877,2.6944444444444446
409,206,3.3513513513513513
409,505,3.8846153846153846
409,153,3.77720207253886
409,876,2.8157894736842106
409,264,2.768292682926829
409,289,2.9651741293532337
409,165,4.155555555555556
409,202,3.782051282051282
409,357,4.330188679245283
409,511,4.157894736842105
409,22,4.162393162393163
409,79,4.056390977443609
409,87,3.847457627118644
409,6,3.473684210526316
409,98,4.283018867924528
409,210,3.9578544061302683
409,475,3.910994764397906
409,603,4.3602484472049685
409,322,3.0994475138121547
409,1295,2.8
409,327,3.466666666666667
410,289,2.9651741293532337
410,286,3.661498708010336
410,272,4.261437908496732
410,300,3.6176470588235294
410,323,2.918918918918919
410,311,3.7333333333333334
411,210,3.9578544061302683
411,38,2.941747572815534
411,1475,2.5
411,202,3.782051282051282
411,238,3.8309178743961354
411,186,3.86
411,276,3.7148936170212767
411,603,4.3602484472049685
411,568,3.64021164021164
411,709,3.9655172413793105
411,194,4.0473684210526315
411,4,3.5
412,154,3.832167832167832
412,173,4.15625
412,169,4.462365591397849
412,480,4.302158273381295
412,318,4.437768240343348
412,208,3.9554140127388533
412,408,4.482352941176471
412,969,3.838709677419355
412,508,3.585526315789474
412,288,3.455764075067024
412,206,3.3513513513513513
413,258,3.7814070351758793
413,283,3.75
413,327,3.466666666666667
413,15,3.8026315789473686
413,284,3.1824324324324325
413,301,3.2604166666666665
413,289,2.9651741293532337
413,257,3.758771929824561
413,306,4.0
413,9,3.8821138211382116
414,324,3.0721649484536084
414,264,2.768292682926829
414,302,4.165938864628821
414,258,3.7814070351758793
414,11,3.8743718592964824
415,136,4.193181818181818
415,204,3.8333333333333335
415,243,2.3823529411764706
415,479,4.222222222222222
415,180,4.0
416,302,4.165938864628821
416,215,3.674698795180723
416,734,2.6
416,187,4.208588957055214
416,443,3.801526717557252
416,470,3.6704545454545454
416,395,2.6097560975609757
416,44,3.3174603174603177
416,496,4.087431693989071
416,898,3.28
416,509,3.923076923076923
416,304,3.53781512605042
416,1516,3.5
416,330,3.242424242424242
416,1092,2.3333333333333335
416,191,4.153153153153153
416,13,3.361842105263158
416,794,3.6666666666666665
416,929,2.735294117647059
416,345,3.4313725490196076
416,1264,3.1666666666666665
416,28,3.935185185185185
416,790,2.9272727272727272
416,1119,3.625
416,210,3.9578544061302683
416,241,3.5
416,1188,2.657142857142857
416,1098,3.7586206896551726
416,301,3.2604166666666665
416,405,3.286764705882353
416,71,3.847058823529412
416,133,3.870503597122302
416,347,3.49
416,930,2.6
416,427,4.287425149700598
416,93,3.835294117647059
416,238,3.8309178743961354
416,980,3.1052631578947367
416,403,3.4394904458598727
416,807,2.2
416,1495,3.6666666666666665
416,746,3.65625
416,473,3.118811881188119
416,707,3.814814814814815
416,88,3.6011904761904763
416,624,3.1176470588235294
416,468,3.3125
416,103,1.9090909090909092
416,564,1.9565217391304348
416,319,3.2301587301587302
416,416,3.404255319148936
416,934,2.9
416,937,3.52
416,17,3.1323529411764706
416,81,3.5421686746987953
416,79,4.056390977443609
416,713,3.509433962264151
416,273,3.596774193548387
416,323,2.918918918918919
416,781,3.3333333333333335
416,36,2.1666666666666665
416,83,4.0647482014388485
416,402,3.404109589041096
416,531,3.9405940594059405
416,821,3.142857142857143
416,542,2.4473684210526314
416,179,3.956043956043956
416,1020,3.962962962962963
416,415,3.0
416,123,3.2065217391304346
416,1336,1.75
416,276,3.7148936170212767
416,684,3.8
416,763,3.4488188976377954
416,117,3.633986928104575
416,500,3.8
416,1441,2.25
416,96,4.018099547511312
416,1407,2.2857142857142856
416,1168,3.2222222222222223
416,1048,3.066666666666667
416,1262,4.333333333333333
416,875,2.761904761904762
416,266,2.4814814814814814
416,211,3.9289940828402368
416,433,3.7071428571428573
416,1226,3.392857142857143
416,311,3.7333333333333334
416,310,3.559322033898305
416,845,3.4779411764705883
416,4,3.5
416,696,3.09375
416,38,2.941747572815534
416,404,3.72972972972973
416,1469,3.4444444444444446
416,77,3.2459016393442623
416,132,4.043010752688172
416,312,3.28125
416,738,2.7857142857142856
417,1,3.900804289544236
417,450,2.411764705882353
417,452,2.5652173913043477
417,365,3.275
417,63,2.9682539682539684
417,176,3.9624413145539905
417,1086,3.25
417,668,1.75
417,5,3.318840579710145
417,474,4.2405063291139244
417,200,3.7470588235294118
417,1157,2.9523809523809526
417,449,3.0652173913043477
417,248,3.611940298507463
417,665,2.775
417,559,3.1826086956521737
417,169,4.462365591397849
417,402,3.404109589041096
417,109,3.480769230769231
417,800,2.789473684210526
417,78,2.52
417,323,2.918918918918919
417,55,3.7398373983739837
417,404,3.72972972972973
417,50,4.347438752783964
417,196,3.9170731707317072
417,58,3.6808510638297873
417,1210,2.757575757575758
417,89,4.173913043478261
417,484,4.151785714285714
417,545,2.0
417,1139,2.7083333333333335
417,576,3.0136986301369864
417,183,4.004464285714286
417,161,3.5388888888888888
417,827,2.7560975609756095
417,815,3.21978021978022
417,473,3.118811881188119
417,3,3.095890410958904
417,574,2.090909090909091
417,168,4.081967213114754
417,562,3.289473684210526
417,728,2.973684210526316
417,1539,2.0
417,767,2.625
417,1018,3.1923076923076925
417,765,2.888888888888889
417,727,3.375
417,7,3.801302931596091
417,441,2.55
417,1023,2.6153846153846154
417,32,3.953846153846154
417,625,3.3
417,62,3.0816326530612246
417,230,3.460122699386503
417,895,3.0853658536585367
417,552,2.8055555555555554
417,579,2.6
417,24,3.4135338345864663
417,1039,4.069444444444445
417,17,3.1323529411764706
417,172,4.180555555555555
417,286,3.661498708010336
417,413,2.6
417,388,2.5
417,796,3.1153846153846154
417,56,4.019047619047619
417,39,3.264705882352941
417,582,3.648854961832061
417,258,3.7814070351758793
417,685,3.375
417,219,3.202247191011236
417,1228,2.4634146341463414
418,302,4.165938864628821
418,258,3.7814070351758793
418,346,3.622448979591837
418,269,3.9486166007905137
419,212,3.4743589743589745
419,494,3.975
419,100,4.174242424242424
419,197,4.077319587628866
419,300,3.6176470588235294
419,1,3.900804289544236
419,405,3.286764705882353
420,286,3.661498708010336
420,86,3.928
420,513,4.362068965517241
420,285,4.2204724409448815
420,173,4.15625
420,179,3.956043956043956
420,19,4.018867924528302
420,331,3.5698924731182795
421,96,4.018099547511312
421,12,4.408256880733945
421,498,4.24031007751938
421,915,3.9
421,914,2.4285714285714284
421,89,4.173913043478261
421,448,3.449275362318841
421,333,3.59
421,218,3.437037037037037
421,56,4.019047619047619
421,238,3.8309178743961354
421,183,4.004464285714286
421,124,4.092105263157895
422,773,3.0
422,293,3.841666666666667
422,1017,3.263157894736842
422,665,2.775
422,271,3.2569832402234637
422,275,3.9904306220095696
422,307,3.524137931034483
422,441,2.55
422,288,3.455764075067024
422,137,3.8840579710144927
422,50,4.347438752783964
422,299,3.0
422,219,3.202247191011236
422,1187,3.111111111111111
422,260,2.6021505376344085
422,370,2.9411764705882355
422,151,3.612403100775194
422,295,3.4166666666666665
422,854,3.090909090909091
422,458,3.2
423,258,3.7814070351758793
423,678,2.8373493975903616
423,272,4.261437908496732
423,690,3.4227642276422765
423,127,4.312693498452012
423,1238,2.75
423,329,3.3157894736842106
423,300,3.6176470588235294
423,744,3.418918918918919
423,323,2.918918918918919
423,508,3.585526315789474
423,322,3.0994475138121547
423,302,4.165938864628821
424,261,2.5
424,100,4.174242424242424
424,689,3.1044776119402986
424,294,3.112947658402204
424,538,3.36
424,323,2.918918918918919
424,427,4.287425149700598
424,1084,3.7333333333333334
424,127,4.312693498452012
425,670,3.04
425,1434,2.25
425,675,3.4285714285714284
425,912,3.4
425,325,2.4081632653061225
425,398,2.1666666666666665
425,96,4.018099547511312
425,273,3.596774193548387
425,204,3.8333333333333335
425,448,3.449275362318841
425,180,4.0
425,5,3.318840579710145
425,265,3.840909090909091
425,22,4.162393162393163
425,877,2.6944444444444446
425,831,2.4177215189873418
425,234,3.751152073732719
425,340,3.5517241379310347
425,347,3.49
425,257,3.758771929824561
425,70,3.6381909547738696
425,62,3.0816326530612246
425,289,2.9651741293532337
425,252,3.032520325203252
425,1595,3.5261432572627136
425,636,3.283582089552239
425,298,3.7642857142857142
425,385,3.5773809523809526
425,895,3.0853658536585367
425,324,3.0721649484536084
425,168,4.081967213114754
425,562,3.289473684210526
425,24,3.4135338345864663
425,1314,2.3333333333333335
425,124,4.092105263157895
425,12,4.408256880733945
425,686,3.789473684210526
425,117,3.633986928104575
425,313,4.269961977186312
425,258,3.7814070351758793
425,127,4.312693498452012
426,488,4.196078431372549
426,603,4.3602484472049685
426,505,3.8846153846153846
426,185,4.101063829787234
426,641,4.214285714285714
426,648,3.9166666666666665
426,134,4.269938650306749
426,661,4.097222222222222
426,483,4.5
426,496,4.087431693989071
426,1116,3.6
426,510,4.041237113402062
426,50,4.347438752783964
426,616,3.381818181818182
426,182,3.923076923076923
426,617,3.8
426,432,3.6546762589928057
426,404,3.72972972972973
426,135,3.9665071770334928
426,205,3.9572649572649574
426,168,4.081967213114754
427,680,2.1923076923076925
427,938,2.761904761904762
427,302,4.165938864628821
427,688,1.7027027027027026
427,286,3.661498708010336
427,331,3.5698924731182795
427,874,3.129032258064516
428,343,3.0485436893203883
428,352,2.15
428,310,3.559322033898305
428,288,3.455764075067024
428,305,3.716417910447761
428,877,2.6944444444444446
428,1280,2.6153846153846154
428,340,3.5517241379310347
428,332,3.4601769911504423
428,338,2.5072463768115942
428,302,4.165938864628821
429,1418,4.0
429,697,3.3529411764705883
429,172,4.180555555555555
429,663,3.903225806451613
429,95,3.8275862068965516
429,427,4.287425149700598
429,466,3.6444444444444444
429,761,3.1666666666666665
429,2,3.18
429,625,3.3
429,132,4.043010752688172
429,768,3.0416666666666665
429,628,3.4964028776978417
429,472,2.9844961240310077
429,185,4.101063829787234
429,137,3.8840579710144927
429,1301,3.3333333333333335
429,163,3.5211267605633805
429,473,3.118811881188119
429,100,4.174242424242424
429,1033,2.6
429,159,3.271604938271605
429,540,2.5
429,742,3.677570093457944
429,203,3.830188679245283
429,475,3.910994764397906
429,28,3.935185185185185
429,468,3.3125
429,53,2.951923076923077
429,587,3.5555555555555554
429,1101,3.711864406779661
429,796,3.1153846153846154
429,392,3.6271186440677967
429,232,3.2222222222222223
429,549,3.5294117647058822
429,756,2.857142857142857
429,441,2.55
429,24,3.4135338345864663
429,238,3.8309178743961354
429,237,3.707395498392283
429,999,2.75
429,233,3.349514563106796
429,1228,2.4634146341463414
429,1110,2.8461538461538463
429,928,3.225
429,1133,3.090909090909091
429,199,4.180327868852459
429,90,3.1025641025641026
429,81,3.5421686746987953
429,173,4.15625
429,412,2.410958904109589
429,732,3.6595744680851063
429,411,2.962121212121212
429,230,3.460122699386503
429,843,2.9166666666666665
429,265,3.840909090909091
429,234,3.751152073732719
429,611,4.076923076923077
429,204,3.8333333333333335
429,1079,2.303030303030303
429,216,3.9656652360515023
429,197,4.077319587628866
429,686,3.789473684210526
429,520,4.1020408163265305
429,8,4.011363636363637
429,48,4.0625
429,480,4.302158273381295
429,462,3.810344827586207
429,596,3.326530612244898
429,209,3.8343949044585988
429,93,3.835294117647059
429,527,4.0064935064935066
429,127,4.312693498452012
429,15,3.8026315789473686
429,1018,3.1923076923076925
429,747,3.513157894736842
429,226,3.352
429,570,3.0697674418604652
429,1020,3.962962962962963
429,69,3.8832684824902723
429,167,2.981132075471698
429,569,2.7017543859649122
429,25,3.4148471615720526
430,1347,2.0
430,98,4.283018867924528
430,674,2.810810810810811
430,121,3.4656716417910447
430,528,4.159574468085107
430,148,3.2395833333333335
430,436,3.576923076923077
430,165,4.155555555555556
430,297,4.025
430,168,4.081967213114754
430,152,3.5806451612903225
430,288,3.455764075067024
430,234,3.751152073732719
431,245,3.1036269430051813
431,332,3.4601769911504423
431,754,3.3541666666666665
431,269,3.9486166007905137
431,327,3.466666666666667
432,288,3.455764075067024
432,93,3.835294117647059
432,294,3.112947658402204
432,411,2.962121212121212
432,246,3.943396226415094
432,15,3.8026315789473686
432,845,3.4779411764705883
432,248,3.611940298507463
432,121,3.4656716417910447
432,111,3.506787330316742
432,100,4.174242424242424
432,1016,3.4434782608695653
432,322,3.0994475138121547
433,474,4.2405063291139244
433,95,3.8275862068965516
433,174,4.247787610619469
433,12,4.408256880733945
433,919,3.730769230769231
433,340,3.5517241379310347
433,322,3.0994475138121547
433,333,3.59
433,268,3.81025641025641
434,1152,3.2916666666666665
434,369,2.477272727272727
434,424,1.3333333333333333
434,274,3.4482758620689653
434,283,3.75
434,121,3.4656716417910447
434,7,3.801302931596091
434,220,3.240740740740741
434,288,3.455764075067024
435,123,3.2065217391304346
435,751,3.4630872483221475
435,674,2.810810810810811
435,568,3.64021164021164
435,895,3.0853658536585367
435,709,3.9655172413793105
435,9,3.8821138211382116
435,1228,2.4634146341463414
435,15,3.8026315789473686
435,227,3.184
435,435,3.9171597633136095
435,152,3.5806451612903225
435,307,3.524137931034483
435,406,2.409090909090909
435,1225,2.5454545454545454
435,313,4.269961977186312
435,82,3.7156398104265405
435,572,2.730769230769231
435,953,3.4444444444444446
435,625,3.3
435,215,3.674698795180723
435,436,3.576923076923077
435,23,4.13375796178344
435,399,3.3043478260869565
435,318,4.437768240343348
435,79,4.056390977443609
435,254,2.488372093023256
435,200,3.7470588235294118
435,451,3.389261744966443
435,31,3.6495726495726495
435,25,3.4148471615720526
435,1291,2.1666666666666665
435,91,3.5789473684210527
435,479,4.222222222222222
435,573,2.8260869565217392
435,183,4.004464285714286
435,697,3.3529411764705883
435,294,3.112947658402204
435,588,3.75
435,196,3.9170731707317072
435,824,2.72972972972973
435,862,1.9166666666666667
435,732,3.6595744680851063
435,696,3.09375
435,566,3.633587786259542
435,434,3.8703703703703702
435,444,2.823529411764706
435,571,2.4545454545454546
435,240,2.7401574803149606
435,85,2.953488372093023
435,597,3.1412429378531073
435,327,3.466666666666667
435,235,2.7873563218390807
435,86,3.928
435,226,3.352
435,139,2.761904761904762
435,684,3.8
435,1133,3.090909090909091
435,584,3.5303030303030303
435,172,4.180555555555555
435,1103,3.9285714285714284
435,797,3.1666666666666665
435,455,3.242424242424242
435,562,3.289473684210526
435,199,4.180327868852459
435,188,3.6783216783216783
435,128,3.6041666666666665
435,21,2.7746478873239435
435,76,3.5365853658536586
435,366,3.357142857142857
435,246,3.943396226415094
435,729,3.403225806451613
435,792,3.734375
435,826,2.557377049180328
435,628,3.4964028776978417
435,184,3.4545454545454546
436,821,3.142857142857143
436,411,2.962121212121212
436,287,3.5357142857142856
436,400,2.6153846153846154
436,95,3.8275862068965516
436,655,3.8722222222222222
436,1058,3.5
436,215,3.674698795180723
436,218,3.437037037037037
436,1468,3.0
436,92,3.617283950617284
436,325,2.4081632653061225
436,658,3.388059701492537
436,217,3.077777777777778
436,427,4.287425149700598
436,503,3.48
436,204,3.8333333333333335
436,174,4.247787610619469
436,65,3.5164835164835164
436,845,3.4779411764705883
436,660,3.7777777777777777
436,327,3.466666666666667
436,504,3.787878787878788
436,278,3.125
436,715,3.111111111111111
436,340,3.5517241379310347
436,1248,3.0
436,592,3.5
436,157,3.696078431372549
437,47,3.584070796460177
437,276,3.7148936170212767
437,237,3.707395498392283
437,283,3.75
437,180,4.0
437,1121,3.764705882352941
437,514,3.880281690140845
437,652,3.9027777777777777
437,186,3.86
437,98,4.283018867924528
437,144,3.8757062146892656
437,131,3.717948717948718
437,476,3.0551181102362204
437,139,2.761904761904762
437,30,4.125
437,642,3.5416666666666665
437,496,4.087431693989071
437,961,3.586206896551724
437,737,3.0
437,660,3.7777777777777777
437,842,2.9545454545454546
437,843,2.9166666666666665
437,244,3.15
437,721,3.425531914893617
437,90,3.1025641025641026
437,65,3.5164835164835164
437,176,3.9624413145539905
437,1007,4.0588235294117645
437,1090,2.5517241379310347
437,451,3.389261744966443
437,746,3.65625
437,812,3.0
437,475,3.910994764397906
437,1206,2.5384615384615383
437,174,4.247787610619469
437,697,3.3529411764705883
437,499,3.843137254901961
437,91,3.5789473684210527
437,13,3.361842105263158
437,14,4.0510948905109485
437,121,3.4656716417910447
437,1134,3.34375
437,716,3.272727272727273
437,654,4.061946902654867
437,381,3.5641025641025643
437,1262,4.333333333333333
437,946,3.196078431372549
437,200,3.7470588235294118
437,100,4.174242424242424
437,484,4.151785714285714
437,161,3.5388888888888888
437,275,3.9904306220095696
437,432,3.6546762589928057
438,269,3.9486166007905137
438,21,2.7746478873239435
438,1028,3.0545454545454547
438,121,3.4656716417910447
438,284,3.1824324324324325
438,181,4.027093596059113
438,300,3.6176470588235294
439,257,3.758771929824561
439,288,3.455764075067024
439,285,4.2204724409448815
439,242,4.065217391304348
439,405,3.286764705882353
439,246,3.943396226415094
439,591,3.6
440,1038,2.5454545454545454
440,324,3.0721649484536084
440,1073,3.7547169811320753
440,283,3.75
440,751,3.4630872483221475
440,300,3.6176470588235294
440,690,3.4227642276422765
440,272,4.261437908496732
440,57,3.8666666666666667
440,921,4.0
440,171,3.8703703703703702
441,259,2.6929133858267718
441,288,3.455764075067024
441,9,3.8821138211382116
441,100,4.174242424242424
442,508,3.585526315789474
442,1067,3.4324324324324325
442,231,2.6576576576576576
442,161,3.5388888888888888
442,174,4.247787610619469
442,79,4.056390977443609
442,240,2.7401574803149606
442,22,4.162393162393163
442,53,2.951923076923077
442,129,3.88659793814433
442,780,3.0172413793103448
442,218,3.437037037037037
442,1170,3.05
442,31,3.6495726495726495
442,636,3.283582089552239
442,39,3.264705882352941
442,1098,3.7586206896551726
442,33,3.45679012345679
442,746,3.65625
442,226,3.352
442,210,3.9578544061302683
442,26,3.457627118644068
442,14,4.0510948905109485
442,738,2.7857142857142856
442,313,4.269961977186312
442,294,3.112947658402204
442,436,3.576923076923077
442,482,3.970873786407767
442,62,3.0816326530612246
443,358,2.607142857142857
443,12,4.408256880733945
443,260,2.6021505376344085
443,258,3.7814070351758793
443,323,2.918918918918919
444,748,3.0784313725490198
444,328,3.3958333333333335
444,307,3.524137931034483
444,269,3.9486166007905137
444,906,3.210526315789474
445,480,4.302158273381295
445,144,3.8757062146892656
445,204,3.8333333333333335
445,595,3.1176470588235294
445,845,3.4779411764705883
445,1143,4.083333333333333
445,752,3.25
445,1012,3.55
445,1528,2.5
445,1591,3.0
445,346,3.622448979591837
445,1010,3.2777777777777777
445,479,4.222222222222222
445,209,3.8343949044585988
445,508,3.585526315789474
445,603,4.3602484472049685
445,881,2.909090909090909
445,64,4.44
445,1,3.900804289544236
445,300,3.6176470588235294
445,742,3.677570093457944
445,410,3.076923076923077
445,979,3.1923076923076925
445,1187,3.111111111111111
445,1252,3.1666666666666665
445,313,4.269961977186312
445,245,3.1036269430051813
446,883,3.2857142857142856
446,888,3.6363636363636362
446,302,4.165938864628821
446,270,3.6019417475728157
446,879,3.277227722772277
446,754,3.3541666666666665
446,338,2.5072463768115942
446,887,3.56
447,206,3.3513513513513513
447,70,3.6381909547738696
447,13,3.361842105263158
447,642,3.5416666666666665
447,157,3.696078431372549
447,298,3.7642857142857142
447,218,3.437037037037037
447,85,2.953488372093023
447,1326,3.25
447,474,4.2405063291139244
447,201,3.52
447,278,3.125
447,100,4.174242424242424
447,151,3.612403100775194
447,176,3.9624413145539905
447,981,1.6
447,411,2.962121212121212
447,286,3.661498708010336
447,678,2.8373493975903616
447,1009,3.4468085106382977
447,1028,3.0545454545454547
447,55,3.7398373983739837
447,274,3.4482758620689653
447,716,3.272727272727273
447,952,3.2285714285714286
447,1,3.900804289544236
447,24,3.4135338345864663
447,204,3.8333333333333335
448,884,3.1666666666666665
448,268,3.81025641025641
448,288,3.455764075067024
448,360,2.6666666666666665
448,1602,3.0
448,338,2.5072463768115942
448,305,3.716417910447761
448,286,3.661498708010336
449,515,4.25
449,310,3.559322033898305
449,1142,4.166666666666667
449,381,3.5641025641025643
449,593,3.0
449,753,3.736842105263158
449,1011,3.26027397260274
449,1194,4.153846153846154
449,544,3.16
449,59,4.125
449,137,3.8840579710144927
449,120,2.3333333333333335
449,60,3.9615384615384617
449,1367,3.5
449,1005,3.9375
450,254,2.488372093023256
450,88,3.6011904761904763
450,73,3.4909090909090907
450,225,2.9431818181818183
450,15,3.8026315789473686
450,203,3.830188679245283
450,731,3.15625
450,238,3.8309178743961354
450,807,2.2
450,313,4.269961977186312
450,1401,3.25
450,434,3.8703703703703702
450,69,3.8832684824902723
450,416,3.404255319148936
450,229,3.0597014925373136
450,500,3.8
450,182,3.923076923076923
450,622,3.3125
450,61,3.8666666666666667
450,629,3.3275862068965516
450,477,3.1578947368421053
450,167,2.981132075471698
450,10,3.9295774647887325
450,98,4.283018867924528
450,601,4.166666666666667
450,97,3.8097560975609754
450,506,3.791044776119403
450,1490,3.0
450,660,3.7777777777777777
450,902,3.7222222222222223
450,274,3.4482758620689653
450,51,3.3448275862068964
450,663,3.903225806451613
450,294,3.112947658402204
450,1053,3.3333333333333335
450,736,3.9516129032258065
450,588,3.75
450,396,2.744186046511628
450,252,3.032520325203252
450,70,3.6381909547738696
450,842,2.9545454545454546
450,1163,2.6875
450,823,2.8472222222222223
450,234,3.751152073732719
450,790,2.9272727272727272
450,192,4.080459770114943
450,762,3.391304347826087
450,742,3.677570093457944
450,783,2.925925925925926
450,455,3.242424242424242
450,401,2.796875
450,260,2.6021505376344085
450,774,2.814814814814815
450,210,3.9578544061302683
450,602,3.7906976744186047
450,310,3.559322033898305
450,226,3.352
450,180,4.0
450,685,3.375
450,144,3.8757062146892656
450,496,4.087431693989071
450,474,4.2405063291139244
450,28,3.935185185185185
450,589,4.0
450,702,3.0
450,1603,3.5261432572627136
450,1286,3.5384615384615383
450,1441,2.25
450,153,3.77720207253886
450,1421,3.5
450,197,4.077319587628866
450,561,2.9318181818181817
450,63,2.9682539682539684
450,315,4.104477611940299
450,403,3.4394904458598727
450,367,3.4375
450,1172,3.6666666666666665
450,498,4.24031007751938
450,559,3.1826086956521737
450,95,3.8275862068965516
450,1222,2.8333333333333335
450,1282,3.142857142857143
450,728,2.973684210526316
450,13,3.361842105263158
450,469,3.7735849056603774
450,956,3.5405405405405403
450,80,2.6538461538461537
450,193,3.9411764705882355
450,265,3.840909090909091
450,134,4.269938650306749
450,162,3.6
450,163,3.5211267605633805
450,126,3.7948717948717947
450,423,3.782258064516129
450,215,3.674698795180723
450,1061,3.0
450,482,3.970873786407767
450,178,4.346938775510204
450,648,3.9166666666666665
450,281,3.111111111111111
450,630,3.380952380952381
450,1126,3.3684210526315788
450,582,3.648854961832061
450,627,3.135593220338983
450,493,4.288888888888889
450,190,4.175257731958763
450,1435,2.25
450,264,2.768292682926829
451,319,3.2301587301587302
451,266,2.4814814814814814
451,1393,2.142857142857143
451,331,3.5698924731182795
451,326,3.335664335664336
451,328,3.3958333333333335
451,886,3.024390243902439
451,260,2.6021505376344085
451,330,3.242424242424242
451,874,3.129032258064516
451,337,3.0
451,321,3.0942028985507246
451,880,3.2941176470588234
451,301,3.2604166666666665
451,876,2.8157894736842106
451,304,3.53781512605042
451,683,2.4047619047619047
451,872,3.310344827586207
451,269,3.9486166007905137
451,264,2.768292682926829
452,455,3.242424242424242
452,427,4.287425149700598
452,603,4.3602484472049685
452,50,4.347438752783964
452,502,3.64
452,162,3.6
452,99,3.7372262773722627
452,275,3.9904306220095696
452,121,3.4656716417910447
452,496,4.087431693989071
452,825,3.1194029850746268
452,290,3.1875
452,185,4.101063829787234
452,79,4.056390977443609
452,1534,2.4
452,1204,3.4285714285714284
452,515,4.25
452,485,3.9183673469387754
452,924,3.388059701492537
452,1057,2.25
452,213,3.9541284403669725
452,506,3.791044776119403
452,792,3.734375
452,588,3.75
452,780,3.0172413793103448
452,64,4.44
452,509,3.923076923076923
452,482,3.970873786407767
452,202,3.782051282051282
452,384,2.8727272727272726
452,495,3.6153846153846154
452,61,3.8666666666666667
452,23,4.13375796178344
452,458,3.2
452,491,3.730769230769231
452,530,4.064516129032258
452,615,4.023255813953488
452,318,4.437768240343348
452,461,3.607142857142857
452,513,4.362068965517241
452,736,3.9516129032258065
452,494,3.975
453,9,3.8821138211382116
453,1145,2.857142857142857
453,210,3.9578544061302683
453,3,3.095890410958904
453,98,4.283018867924528
453,456,2.210526315789474
453,168,4.081967213114754
453,367,3.4375
453,369,2.477272727272727
453,651,4.074324324324325
453,227,3.184
453,693,3.6202531645569622
453,258,3.7814070351758793
453,55,3.7398373983739837
453,1032,3.1
453,578,3.116883116883117
453,215,3.674698795180723
453,781,3.3333333333333335
453,24,3.4135338345864663
453,188,3.6783216783216783
453,797,3.1666666666666665
453,975,3.2058823529411766
453,120,2.3333333333333335
453,273,3.596774193548387
453,202,3.782051282051282
453,143,3.758426966292135
453,385,3.5773809523809526
453,268,3.81025641025641
453,384,2.8727272727272726
453,412,2.410958904109589
453,393,3.4324324324324325
453,214,3.3636363636363638
454,76,3.5365853658536586
454,285,4.2204724409448815
454,606,4.017241379310345
454,323,2.918918918918919
454,58,3.6808510638297873
454,530,4.064516129032258
454,12,4.408256880733945
454,487,4.037735849056604
454,837,4.0
454,496,4.087431693989071
454,649,3.3947368421052633
454,659,4.087912087912088
454,270,3.6019417475728157
454,99,3.7372262773722627
454,87,3.847457627118644
454,875,2.761904761904762
454,124,4.092105263157895
454,272,4.261437908496732
454,260,2.6021505376344085
454,392,3.6271186440677967
454,1203,3.8666666666666667
454,144,3.8757062146892656
454,678,2.8373493975903616
454,419,3.627586206896552
454,56,4.019047619047619
454,661,4.097222222222222
454,493,4.288888888888889
454,602,3.7906976744186047
454,631,3.6288659793814433
454,836,3.8333333333333335
454,611,4.076923076923077
454,238,3.8309178743961354
454,71,3.847058823529412
454,492,3.8297872340425534
454,277,3.4814814814814814
454,526,3.8876404494382024
454,632,3.8222222222222224
454,136,4.193181818181818
454,193,3.9411764705882355
454,605,3.4545454545454546
454,511,4.157894736842105
454,82,3.7156398104265405
454,66,3.5671641791044775
454,479,4.222222222222222
454,385,3.5773809523809526
454,64,4.44
454,164,3.563025210084034
454,748,3.0784313725490198
455,148,3.2395833333333335
455,135,3.9665071770334928
455,727,3.375
455,196,3.9170731707317072
455,95,3.8275862068965516
455,747,3.513157894736842
455,546,3.0634146341463415
455,100,4.174242424242424
455,172,4.180555555555555
455,127,4.312693498452012
455,22,4.162393162393163
455,277,3.4814814814814814
455,28,3.935185185185185
455,582,3.648854961832061
455,1197,3.65625
455,620,3.1714285714285713
455,289,2.9651741293532337
455,504,3.787878787878788
455,291,3.392156862745098
455,1136,3.4347826086956523
455,1028,3.0545454545454547
455,334,3.340909090909091
455,239,3.5294117647058822
455,475,3.910994764397906
455,15,3.8026315789473686
455,11,3.8743718592964824
455,117,3.633986928104575
455,173,4.15625
455,24,3.4135338345864663
455,435,3.9171597633136095
455,237,3.707395498392283
455,241,3.5
455,144,3.8757062146892656
455,694,4.142857142857143
455,298,3.7642857142857142
455,69,3.8832684824902723
455,125,3.5255102040816326
455,385,3.5773809523809526
456,1059,2.8518518518518516
456,959,3.52
456,234,3.751152073732719
456,71,3.847058823529412
456,56,4.019047619047619
456,763,3.4488188976377954
456,427,4.287425149700598
456,210,3.9578544061302683
456,175,3.8523489932885906
456,238,3.8309178743961354
456,1129,3.5454545454545454
456,662,3.5238095238095237
456,53,2.951923076923077
456,218,3.437037037037037
456,747,3.513157894736842
456,94,3.0275229357798166
456,608,3.925925925925926
456,544,3.16
456,743,1.8666666666666667
456,559,3.1826086956521737
456,1478,2.533333333333333
456,204,3.8333333333333335
456,484,4.151785714285714
456,952,3.2285714285714286
456,506,3.791044776119403
456,963,4.333333333333333
456,483,4.5
456,1421,3.5
456,1604,3.5261432572627136
456,59,4.125
456,603,4.3602484472049685
456,125,3.5255102040816326
456,474,4.2405063291139244
456,180,4.0
456,289,2.9651741293532337
456,202,3.782051282051282
456,479,4.222222222222222
456,1168,3.2222222222222223
456,98,4.283018867924528
456,111,3.506787330316742
456,452,2.5652173913043477
456,582,3.648854961832061
456,737,3.0
456,1220,3.4166666666666665
457,12,4.408256880733945
457,65,3.5164835164835164
457,143,3.758426966292135
457,722,2.9148936170212765
457,20,3.4
457,732,3.6595744680851063
457,931,2.0697674418604652
457,841,2.710526315789474
457,194,4.0473684210526315
457,628,3.4964028776978417
457,195,3.9402390438247012
457,1028,3.0545454545454547
457,775,2.85
457,182,3.923076923076923
457,223,4.153153153153153
457,7,3.801302931596091
457,226,3.352
457,956,3.5405405405405403
457,133,3.870503597122302
457,792,3.734375
457,451,3.389261744966443
457,568,3.64021164021164
457,284,3.1824324324324325
457,276,3.7148936170212767
457,980,3.1052631578947367
457,371,3.04
457,755,3.2987012987012987
457,57,3.8666666666666667
457,56,4.019047619047619
457,239,3.5294117647058822
457,528,4.159574468085107
457,70,3.6381909547738696
457,44,3.3174603174603177
457,58,3.6808510638297873
457,720,2.9833333333333334
457,176,3.9624413145539905
457,673,3.5211267605633805
457,50,4.347438752783964
457,196,3.9170731707317072
457,692,3.672
457,229,3.0597014925373136
457,215,3.674698795180723
457,529,3.948717948717949
457,368,1.8636363636363635
457,436,3.576923076923077
457,156,3.865546218487395
457,208,3.9554140127388533
457,747,3.513157894736842
457,378,3.658536585365854
457,275,3.9904306220095696
457,559,3.1826086956521737
457,756,2.857142857142857
457,157,3.696078431372549
457,248,3.611940298507463
457,148,3.2395833333333335
457,88,3.6011904761904763
458,483,4.5
458,517,3.6666666666666665
458,475,3.910994764397906
458,52,3.7901234567901234
458,654,4.061946902654867
458,704,3.15
458,1101,3.711864406779661
458,648,3.9166666666666665
458,304,3.53781512605042
458,530,4.064516129032258
458,591,3.6
458,144,3.8757062146892656
458,100,4.174242424242424
458,13,3.361842105263158
458,469,3.7735849056603774
458,925,3.25
458,116,3.78
458,387,3.314814814814815
458,435,3.9171597633136095
458,14,4.0510948905109485
458,178,4.346938775510204
458,287,3.5357142857142856
458,346,3.622448979591837
458,86,3.928
458,1,3.900804289544236
458,181,4.027093596059113
458,282,3.6758241758241756
458,1067,3.4324324324324325
458,234,3.751152073732719
458,58,3.6808510638297873
458,238,3.8309178743961354
458,1048,3.066666666666667
458,521,3.776595744680851
458,514,3.880281690140845
458,792,3.734375
458,632,3.8222222222222224
458,427,4.287425149700598
459,174,4.247787610619469
459,596,3.326530612244898
459,307,3.524137931034483
459,286,3.661498708010336
459,271,3.2569832402234637
459,19,4.018867924528302
459,546,3.0634146341463415
459,15,3.8026315789473686
459,300,3.6176470588235294
459,194,4.0473684210526315
459,473,3.118811881188119
459,328,3.3958333333333335
459,523,4.0
459,333,3.59
459,7,3.801302931596091
459,222,3.6254180602006687
459,230,3.460122699386503
459,117,3.633986928104575
459,685,3.375
459,748,3.0784313725490198
459,245,3.1036269430051813
459,127,4.312693498452012
459,471,3.66120218579235
459,8,4.011363636363637
460,321,3.0942028985507246
460,306,4.0
460,312,3.28125
460,224,3.7222222222222223
460,1115,3.48
460,149,2.8947368421052633
460,1,3.900804289544236
460,7,3.801302931596091
460,289,2.9651741293532337
460,283,3.75
460,129,3.88659793814433
460,258,3.7814070351758793
460,151,3.612403100775194
460,1251,4.166666666666667
461,305,3.716417910447761
461,321,3.0942028985507246
461,242,4.065217391304348
461,259,2.6929133858267718
461,682,3.088607594936709
462,100,4.174242424242424
462,358,2.607142857142857
462,289,2.9651741293532337
462,655,3.8722222222222222
462,288,3.455764075067024
462,11,3.8743718592964824
462,292,3.6179775280898876
463,10,3.9295774647887325
463,257,3.758771929824561
463,1284,2.8095238095238093
463,813,3.9574468085106385
463,50,4.347438752783964
463,544,3.16
463,508,3.585526315789474
463,249,3.303030303030303
463,764,2.9047619047619047
463,866,3.303030303030303
463,235,2.7873563218390807
463,124,4.092105263157895
463,1033,2.6
463,16,3.272727272727273
463,246,3.943396226415094
463,301,3.2604166666666665
463,244,3.15
463,3,3.095890410958904
463,741,3.5217391304347827
463,150,3.8125
463,302,4.165938864628821
463,129,3.88659793814433
463,221,3.71875
463,112,2.6470588235294117
463,270,3.6019417475728157
463,242,4.065217391304348
463,475,3.910994764397906
464,259,2.6929133858267718
464,307,3.524137931034483
464,709,3.9655172413793105
464,294,3.112947658402204
464,255,3.3175675675675675
464,295,3.4166666666666665
464,879,3.277227722772277
464,270,3.6019417475728157
464,301,3.2604166666666665
464,332,3.4601769911504423
464,288,3.455764075067024
465,179,3.956043956043956
465,423,3.782258064516129
465,174,4.247787610619469
465,281,3.111111111111111
465,258,3.7814070351758793
465,143,3.758426966292135
465,1,3.900804289544236
465,175,3.8523489932885906
465,135,3.9665071770334928
465,1078,2.8333333333333335
465,100,4.174242424242424
465,283,3.75
465,181,4.027093596059113
465,408,4.482352941176471
465,32,3.953846153846154
465,191,4.153153153153153
466,908,2.533333333333333
466,79,4.056390977443609
466,56,4.019047619047619
466,95,3.8275862068965516
466,344,3.5869565217391304
466,2,3.18
466,324,3.0721649484536084
466,195,3.9402390438247012
466,22,4.162393162393163
466,518,3.7260273972602738
466,682,3.088607594936709
466,405,3.286764705882353
466,350,3.193548387096774
466,55,3.7398373983739837
466,273,3.596774193548387
466,7,3.801302931596091
466,346,3.622448979591837
466,300,3.6176470588235294
466,326,3.335664335664336
466,24,3.4135338345864663
466,403,3.4394904458598727
467,10,3.9295774647887325
467,117,3.633986928104575
467,257,3.758771929824561
467,288,3.455764075067024
467,1016,3.4434782608695653
467,246,3.943396226415094
467,258,3.7814070351758793
467,240,2.7401574803149606
467,1011,3.26027397260274
468,42,3.7796610169491527
468,44,3.3174603174603177
468,127,4.312693498452012
468,95,3.8275862068965516
468,507,3.8333333333333335
468,1051,3.1666666666666665
468,226,3.352
468,826,2.557377049180328
468,642,3.5416666666666665
468,173,4.15625
468,97,3.8097560975609754
468,150,3.8125
468,926,2.697674418604651
468,1016,3.4434782608695653
468,411,2.962121212121212
468,118,3.2266666666666666
468,69,3.8832684824902723
468,218,3.437037037037037
468,126,3.7948717948717947
468,1012,3.55
468,132,4.043010752688172
468,462,3.810344827586207
468,285,4.2204724409448815
468,209,3.8343949044585988
468,181,4.027093596059113
468,12,4.408256880733945
468,71,3.847058823529412
468,182,3.923076923076923
468,275,3.9904306220095696
469,511,4.157894736842105
469,168,4.081967213114754
469,10,3.9295774647887325
469,152,3.5806451612903225
469,1558,3.3333333333333335
469,153,3.77720207253886
469,605,3.4545454545454546
469,654,4.061946902654867
469,610,3.6363636363636362
470,124,4.092105263157895
470,546,3.0634146341463415
470,544,3.16
470,319,3.2301587301587302
470,235,2.7873563218390807
470,295,3.4166666666666665
470,19,4.018867924528302
470,181,4.027093596059113
470,268,3.81025641025641
470,277,3.4814814814814814
470,221,3.71875
470,150,3.8125
471,627,3.135593220338983
471,151,3.612403100775194
471,420,3.739130434782609
471,418,3.609090909090909
471,82,3.7156398104265405
471,1219,2.8666666666666667
471,932,2.966666666666667
472,581,3.2448979591836733
472,218,3.437037037037037
472,28,3.935185185185185
472,94,3.0275229357798166
472,1034,2.5
472,78,2.52
472,739,3.3410852713178296
472,404,3.72972972972973
472,63,2.9682539682539684
472,660,3.7777777777777777
472,38,2.941747572815534
472,51,3.3448275862068964
472,122,2.3493975903614457
472,866,3.303030303030303
472,890,1.8857142857142857
472,1,3.900804289544236
472,3,3.095890410958904
472,49,3.3230769230769233
472,161,3.5388888888888888
472,288,3.455764075067024
472,747,3.513157894736842
472,1029,1.7
472,748,3.0784313725490198
472,232,3.2222222222222223
472,22,4.162393162393163
472,951,2.857142857142857
472,27,3.0869565217391304
472,231,2.6576576576576576
472,362,2.8181818181818183
472,946,3.196078431372549
472,229,3.0597014925373136
472,496,4.087431693989071
472,743,1.8666666666666667
472,423,3.782258064516129
472,373,2.84375
472,393,3.4324324324324325
472,760,2.710526315789474
472,88,3.6011904761904763
472,403,3.4394904458598727
472,1095,2.4583333333333335
472,202,3.782051282051282
472,174,4.247787610619469
472,1239,2.3076923076923075
472,50,4.347438752783964
472,255,3.3175675675675675
472,825,3.1194029850746268
472,475,3.910994764397906
472,323,2.918918918918919
472,689,3.1044776119402986
472,916,3.076923076923077
472,780,3.0172413793103448
472,834,2.1578947368421053
472,210,3.9578544061302683
473,10,3.9295774647887325
473,327,3.466666666666667
473,20,3.4
473,150,3.8125
473,124,4.092105263157895
473,276,3.7148936170212767
473,285,4.2204724409448815
474,257,3.758771929824561
474,11,3.8743718592964824
474,97,3.8097560975609754
474,609,3.519230769230769
474,71,3.847058823529412
474,88,3.6011904761904763
474,197,4.077319587628866
474,480,4.302158273381295
474,209,3.8343949044585988
474,708,3.4698795180722892
474,435,3.9171597633136095
474,55,3.7398373983739837
474,648,3.9166666666666665
474,491,3.730769230769231
474,499,3.843137254901961
474,553,3.2222222222222223
474,181,4.027093596059113
474,318,4.437768240343348
474,582,3.648854961832061
474,468,3.3125
474,69,3.8832684824902723
474,605,3.4545454545454546
474,186,3.86
474,848,3.1666666666666665
474,630,3.380952380952381
474,505,3.8846153846153846
474,748,3.0784313725490198
474,143,3.758426966292135
474,684,3.8
474,134,4.269938650306749
474,614,3.697674418604651
474,131,3.717948717948718
474,490,3.9761904761904763
474,607,3.9411764705882355
474,650,3.4545454545454546
474,498,4.24031007751938
474,660,3.7777777777777777
474,346,3.622448979591837
474,1200,3.0
474,192,4.080459770114943
474,89,4.173913043478261
474,463,3.819672131147541
474,707,3.814814814814815
474,293,3.841666666666667
474,316,4.137931034482759
474,488,4.196078431372549
474,1518,3.0
474,323,2.918918918918919
474,168,4.081967213114754
474,23,4.13375796178344
474,735,3.908256880733945
474,651,4.074324324324325
474,72,3.203883495145631
474,234,3.751152073732719
474,943,3.411764705882353
474,198,3.989795918367347
474,28,3.935185185185185
474,99,3.7372262773722627
474,405,3.286764705882353
474,26,3.457627118644068
474,414,3.382978723404255
474,183,4.004464285714286
474,484,4.151785714285714
474,47,3.584070796460177
474,515,4.25
474,789,3.6216216216216215
475,50,4.347438752783964
475,327,3.466666666666667
475,259,2.6929133858267718
475,258,3.7814070351758793
476,186,3.86
476,175,3.8523489932885906
476,4,3.5
476,56,4.019047619047619
476,67,3.0588235294117645
476,328,3.3958333333333335
476,940,2.2962962962962963
476,890,1.8857142857142857
476,781,3.3333333333333335
476,210,3.9578544061302683
476,585,2.625
476,319,3.2301587301587302
476,944,3.0
476,1271,2.6
476,715,3.111111111111111
476,765,2.888888888888889
476,88,3.6011904761904763
477,25,3.4148471615720526
477,794,3.6666666666666665
477,815,3.21978021978022
477,111,3.506787330316742
477,739,3.3410852713178296
477,546,3.0634146341463415
477,88,3.6011904761904763
478,93,3.835294117647059
478,369,2.477272727272727
478,403,3.4394904458598727
478,1101,3.711864406779661
478,196,3.9170731707317072
478,604,3.96875
478,276,3.7148936170212767
478,1041,3.142857142857143
478,1221,3.59375
478,79,4.056390977443609
478,41,3.2
478,144,3.8757062146892656
478,28,3.935185185185185
478,300,3.6176470588235294
478,762,3.391304347826087
478,350,3.193548387096774
478,451,3.389261744966443
478,71,3.847058823529412
478,23,4.13375796178344
478,255,3.3175675675675675
478,218,3.437037037037037
478,237,3.707395498392283
478,15,3.8026315789473686
479,252,3.032520325203252
479,566,3.633587786259542
479,183,4.004464285714286
479,357,4.330188679245283
479,727,3.375
479,100,4.174242424242424
479,324,3.0721649484536084
479,1016,3.4434782608695653
479,213,3.9541284403669725
479,602,3.7906976744186047
479,228,3.8
479,96,4.018099547511312
479,182,3.923076923076923
479,752,3.25
479,151,3.612403100775194
479,135,3.9665071770334928
479,629,3.3275862068965516
479,255,3.3175675675675675
479,201,3.52
479,335,2.7222222222222223
479,325,2.4081632653061225
479,455,3.242424242424242
479,489,4.051282051282051
479,471,3.66120218579235
479,200,3.7470588235294118
479,282,3.6758241758241756
479,180,4.0
479,496,4.087431693989071
479,210,3.9578544061302683
479,264,2.768292682926829
479,463,3.819672131147541
479,144,3.8757062146892656
479,511,4.157894736842105
479,216,3.9656652360515023
479,202,3.782051282051282
479,235,2.7873563218390807
479,692,3.672
479,480,4.302158273381295
479,640,3.0161290322580645
479,422,2.8260869565217392
479,748,3.0784313725490198
480,863,4.285714285714286
480,1388,3.25
480,175,3.8523489932885906
480,183,4.004464285714286
480,1007,4.0588235294117645
480,127,4.312693498452012
480,462,3.810344827586207
480,319,3.2301587301587302
480,152,3.5806451612903225
480,1121,3.764705882352941
480,483,4.5
480,174,4.247787610619469
481,663,3.903225806451613
481,202,3.782051282051282
481,659,4.087912087912088
481,191,4.153153153153153
481,322,3.0994475138121547
481,211,3.9289940828402368
481,505,3.8846153846153846
481,1039,4.069444444444445
481,88,3.6011904761904763
481,427,4.287425149700598
481,367,3.4375
481,153,3.77720207253886
482,748,3.0784313725490198
482,988,2.3333333333333335
482,881,2.909090909090909
482,257,3.758771929824561
482,249,3.303030303030303
482,50,4.347438752783964
483,538,3.36
483,510,4.041237113402062
483,249,3.303030303030303
483,450,2.411764705882353
483,257,3.758771929824561
483,313,4.269961977186312
483,1,3.900804289544236
483,199,4.180327868852459
483,612,4.0
483,181,4.027093596059113
483,275,3.9904306220095696
483,462,3.810344827586207
484,742,3.677570093457944
484,313,4.269961977186312
484,28,3.935185185185185
484,195,3.9402390438247012
484,9,3.8821138211382116
484,562,3.289473684210526
484,173,4.15625
484,423,3.782258064516129
484,229,3.0597014925373136
484,117,3.633986928104575
484,315,4.104477611940299
484,468,3.3125
484,732,3.6595744680851063
484,181,4.027093596059113
484,463,3.819672131147541
484,228,3.8
484,472,2.9844961240310077
484,227,3.184
484,88,3.6011904761904763
484,578,3.116883116883117
484,96,4.018099547511312
484,399,3.3043478260869565
484,216,3.9656652360515023
484,1,3.900804289544236
484,79,4.056390977443609
484,38,2.941747572815534
484,50,4.347438752783964
484,183,4.004464285714286
485,289,2.9651741293532337
485,307,3.524137931034483
485,303,3.6944444444444446
485,269,3.9486166007905137
485,345,3.4313725490196076
485,319,3.2301587301587302
486,1369,2.6666666666666665
486,1598,1.75
486,108,3.036363636363636
486,1379,2.8
486,7,3.801302931596091
486,718,3.642857142857143
486,307,3.524137931034483
486,1610,1.0
486,696,3.09375
486,294,3.112947658402204
486,1302,4.0
486,111,3.506787330316742
486,262,3.74
486,879,3.277227722772277
486,1086,3.25
486,298,3.7642857142857142
486,270,3.6019417475728157
486,324,3.0721649484536084
486,3,3.095890410958904
486,845,3.4779411764705883
486,109,3.480769230769231
486,1137,3.782608695652174
486,15,3.8026315789473686
486,273,3.596774193548387
486,685,3.375
486,336,2.5
486,476,3.0551181102362204
486,458,3.2
486,678,2.8373493975903616
486,301,3.2604166666666665
486,332,3.4601769911504423
486,151,3.612403100775194
486,100,4.174242424242424
486,127,4.312693498452012
486,886,3.024390243902439
486,1514,2.8
486,766,2.8
486,220,3.240740740740741
487,802,2.566666666666667
487,431,3.5041322314049586
487,68,3.3893805309734515
487,160,3.4545454545454546
487,402,3.404109589041096
487,1220,3.4166666666666665
487,405,3.286764705882353
487,399,3.3043478260869565
487,301,3.2604166666666665
487,28,3.935185185185185
487,739,3.3410852713178296
487,215,3.674698795180723
487,628,3.4964028776978417
487,367,3.4375
487,218,3.437037037037037
487,470,3.6704545454545454
487,125,3.5255102040816326
487,833,3.2432432432432434
487,932,2.966666666666667
487,239,3.5294117647058822
487,546,3.0634146341463415
487,85,2.953488372093023
487,206,3.3513513513513513
487,1019,3.923076923076923
487,1425,2.5714285714285716
487,62,3.0816326530612246
487,550,3.25
487,270,3.6019417475728157
487,474,4.2405063291139244
487,689,3.1044776119402986
487,710,3.5714285714285716
487,578,3.116883116883117
487,349,2.8
487,280,3.242424242424242
487,1074,2.935483870967742
487,176,3.9624413145539905
487,727,3.375
487,230,3.460122699386503
487,921,4.0
487,501,3.5670103092783507
487,803,2.75
487,274,3.4482758620689653
487,692,3.672
487,471,3.66120218579235
487,462,3.810344827586207
487,340,3.5517241379310347
487,789,3.6216216216216215
488,243,2.3823529411764706
488,153,3.77720207253886
488,328,3.3958333333333335
488,197,4.077319587628866
488,511,4.157894736842105
488,304,3.53781512605042
488,751,3.4630872483221475
488,1025,2.9696969696969697
488,193,3.9411764705882355
488,873,2.9545454545454546
488,97,3.8097560975609754
488,724,3.4464285714285716
488,31,3.6495726495726495
488,655,3.8722222222222222
488,405,3.286764705882353
488,521,3.776595744680851
488,98,4.283018867924528
488,111,3.506787330316742
488,527,4.0064935064935066
488,185,4.101063829787234
488,485,3.9183673469387754
488,492,3.8297872340425534
488,746,3.65625
488,83,4.0647482014388485
488,483,4.5
488,205,3.9572649572649574
488,132,4.043010752688172
488,288,3.455764075067024
488,164,3.563025210084034
488,478,4.116279069767442
488,526,3.8876404494382024
489,331,3.5698924731182795
489,883,3.2857142857142856
489,680,2.1923076923076925
489,1238,2.75
489,308,3.0476190476190474
489,876,2.8157894736842106
489,313,4.269961977186312
489,333,3.59
489,310,3.559322033898305
489,325,2.4081632653061225
489,873,2.9545454545454546
489,294,3.112947658402204
489,890,1.8857142857142857
489,752,3.25
489,259,2.6929133858267718
489,897,1.0
489,874,3.129032258064516
489,538,3.36
489,271,3.2569832402234637
489,321,3.0942028985507246
489,340,3.5517241379310347
489,895,3.0853658536585367
490,100,4.174242424242424
490,333,3.59
490,24,3.4135338345864663
490,410,3.076923076923077
490,1383,2.2
490,257,3.758771929824561
490,993,3.5925925925925926
490,1386,2.0
490,1128,2.5454545454545454
490,109,3.480769230769231
490,952,3.2285714285714286
490,50,4.347438752783964
491,258,3.7814070351758793
491,284,3.1824324324324325
491,285,4.2204724409448815
491,14,4.0510948905109485
491,513,4.362068965517241
491,127,4.312693498452012
491,116,3.78
492,56,4.019047619047619
492,527,4.0064935064935066
492,523,4.0
492,492,3.8297872340425534
492,699,3.6875
492,318,4.437768240343348
492,83,4.0647482014388485
492,654,4.061946902654867
492,482,3.970873786407767
492,185,4.101063829787234
492,531,3.9405940594059405
493,182,3.923076923076923
493,652,3.9027777777777777
493,60,3.9615384615384617
493,262,3.74
493,528,4.159574468085107
493,56,4.019047619047619
493,423,3.782258064516129
493,546,3.0634146341463415
493,527,4.0064935064935066
493,323,2.918918918918919
493,121,3.4656716417910447
493,188,3.6783216783216783
493,338,2.5072463768115942
493,327,3.466666666666667
493,154,3.832167832167832
493,684,3.8
493,25,3.4148471615720526
493,288,3.455764075067024
493,69,3.8832684824902723
493,12,4.408256880733945
493,50,4.347438752783964
493,274,3.4482758620689653
493,48,4.0625
493,222,3.6254180602006687
493,150,3.8125
493,172,4.180555555555555
493,806,3.5277777777777777
494,707,3.814814814814815
494,1197,3.65625
494,238,3.8309178743961354
494,237,3.707395498392283
494,289,2.9651741293532337
494,514,3.880281690140845
494,181,4.027093596059113
494,199,4.180327868852459
494,100,4.174242424242424
494,9,3.8821138211382116
495,1207,2.0833333333333335
495,196,3.9170731707317072
495,416,3.404255319148936
495,96,4.018099547511312
495,233,3.349514563106796
495,432,3.6546762589928057
495,1046,3.0294117647058822
495,441,2.55
495,521,3.776595744680851
495,228,3.8
495,80,2.6538461538461537
495,120,2.3333333333333335
495,576,3.0136986301369864
495,393,3.4324324324324325
495,1118,3.230769230769231
495,183,4.004464285714286
495,385,3.5773809523809526
495,550,3.25
495,636,3.283582089552239
495,790,2.9272727272727272
495,11,3.8743718592964824
495,222,3.6254180602006687
495,378,3.658536585365854
495,578,3.116883116883117
495,174,4.247787610619469
495,181,4.027093596059113
495,403,3.4394904458598727
495,505,3.8846153846153846
495,127,4.312693498452012
495,77,3.2459016393442623
495,568,3.64021164021164
495,235,2.7873563218390807
495,797,3.1666666666666665
495,225,2.9431818181818183
495,211,3.9289940828402368
495,155,3.0125
495,176,3.9624413145539905
495,559,3.1826086956521737
495,144,3.8757062146892656
495,969,3.838709677419355
495,660,3.7777777777777777
495,1119,3.625
495,162,3.6
496,136,4.193181818181818
496,268,3.81025641025641
496,88,3.6011904761904763
496,509,3.923076923076923
496,378,3.658536585365854
496,252,3.032520325203252
496,420,3.739130434782609
496,485,3.9183673469387754
496,96,4.018099547511312
496,356,3.382716049382716
496,217,3.077777777777778
496,158,2.673469387755102
496,155,3.0125
496,1091,2.8
496,97,3.8097560975609754
496,1473,3.3333333333333335
496,393,3.4324324324324325
496,727,3.375
496,164,3.563025210084034
496,426,2.782608695652174
496,484,4.151785714285714
496,147,3.4503311258278146
496,526,3.8876404494382024
496,495,3.6153846153846154
496,39,3.264705882352941
496,418,3.609090909090909
497,566,3.633587786259542
497,1157,2.9523809523809526
497,274,3.4482758620689653
497,1016,3.4434782608695653
497,1185,2.4285714285714284
497,720,2.9833333333333334
497,325,2.4081632653061225
497,385,3.5773809523809526
497,372,3.576923076923077
497,153,3.77720207253886
497,121,3.4656716417910447
497,83,4.0647482014388485
497,188,3.6783216783216783
497,98,4.283018867924528
497,155,3.0125
497,741,3.5217391304347827
497,31,3.6495726495726495
497,139,2.761904761904762
497,725,2.6666666666666665
497,265,3.840909090909091
497,364,2.6206896551724137
497,403,3.4394904458598727
497,944,3.0
497,1407,2.2857142857142856
497,465,3.701492537313433
497,431,3.5041322314049586
497,55,3.7398373983739837
497,182,3.923076923076923
497,217,3.077777777777778
497,783,2.925925925925926
497,358,2.607142857142857
497,181,4.027093596059113
497,1046,3.0294117647058822
497,94,3.0275229357798166
497,229,3.0597014925373136
497,72,3.203883495145631
497,202,3.782051282051282
497,1240,3.526315789473684
497,194,4.0473684210526315
497,951,2.857142857142857
497,260,2.6021505376344085
497,12,4.408256880733945
497,570,3.0697674418604652
497,164,3.563025210084034
497,77,3.2459016393442623
497,384,2.8727272727272726
497,684,3.8
497,300,3.6176470588235294
497,111,3.506787330316742
497,257,3.758771929824561
497,808,2.923076923076923
497,222,3.6254180602006687
497,161,3.5388888888888888
497,144,3.8757062146892656
497,781,3.3333333333333335
497,248,3.611940298507463
498,430,3.9305555555555554
498,288,3.455764075067024
498,109,3.480769230769231
498,164,3.563025210084034
498,919,3.730769230769231
498,190,4.175257731958763
498,151,3.612403100775194
498,150,3.8125
498,135,3.9665071770334928
498,340,3.5517241379310347
498,607,3.9411764705882355
498,175,3.8523489932885906
498,664,3.4358974358974357
498,265,3.840909090909091
498,486,3.9130434782608696
498,124,4.092105263157895
498,23,4.13375796178344
498,479,4.222222222222222
498,464,3.4761904761904763
498,1422,2.0
498,202,3.782051282051282
498,806,3.5277777777777777
498,187,4.208588957055214
498,136,4.193181818181818
498,156,3.865546218487395
498,922,3.7857142857142856
498,1142,4.166666666666667
498,182,3.923076923076923
498,171,3.8703703703703702
498,54,3.253012048192771
499,525,3.9508196721311477
499,100,4.174242424242424
499,238,3.8309178743961354
499,136,4.193181818181818
499,915,3.9
499,56,4.019047619047619
499,430,3.9305555555555554
499,425,3.7941176470588234
499,521,3.776595744680851
499,207,3.8823529411764706
499,215,3.674698795180723
499,318,4.437768240343348
499,483,4.5
499,527,4.0064935064935066
499,530,4.064516129032258
499,511,4.157894736842105
499,514,3.880281690140845
499,208,3.9554140127388533
499,143,3.758426966292135
499,117,3.633986928104575
499,176,3.9624413145539905
500,255,3.3175675675675675
500,313,4.269961977186312
500,210,3.9578544061302683
500,393,3.4324324324324325
500,28,3.935185185185185
500,472,2.9844961240310077
500,301,3.2604166666666665
500,919,3.730769230769231
500,996,2.909090909090909
500,45,4.151515151515151
500,387,3.314814814814815
500,742,3.677570093457944
500,135,3.9665071770334928
500,69,3.8832684824902723
500,729,3.403225806451613
500,514,3.880281690140845
500,62,3.0816326530612246
500,30,4.125
500,448,3.449275362318841
500,179,3.956043956043956
500,8,4.011363636363637
500,15,3.8026315789473686
500,217,3.077777777777778
500,639,3.814814814814815
500,964,3.142857142857143
500,498,4.24031007751938
500,827,2.7560975609756095
500,202,3.782051282051282
500,1009,3.4468085106382977
500,181,4.027093596059113
500,300,3.6176470588235294
500,464,3.4761904761904763
500,274,3.4482758620689653
500,60,3.9615384615384617
500,116,3.78
500,1469,3.4444444444444446
500,358,2.607142857142857
500,215,3.674698795180723
500,159,3.271604938271605
500,1324,3.0
500,1010,3.2777777777777777
500,122,2.3493975903614457
500,61,3.8666666666666667
500,39,3.264705882352941
500,402,3.404109589041096
501,7,3.801302931596091
501,405,3.286764705882353
501,1011,3.26027397260274
501,117,3.633986928104575
501,1014,3.1333333333333333
501,597,3.1412429378531073
501,591,3.6
501,369,2.477272727272727
501,678,2.8373493975903616
501,257,3.758771929824561
501,922,3.7857142857142856
501,1007,4.0588235294117645
501,840,2.6363636363636362
501,25,3.4148471615720526
501,741,3.5217391304347827
502,890,1.8857142857142857
502,258,3.7814070351758793
502,681,2.590909090909091
502,358,2.607142857142857
502,338,2.5072463768115942
502,266,2.4814814814814814
502,333,3.59
502,294,3.112947658402204
503,13,3.361842105263158
503,210,3.9578544061302683
503,313,4.269961977186312
503,443,3.801526717557252
503,173,4.15625
503,529,3.948717948717949
503,211,3.9289940828402368
503,187,4.208588957055214
503,174,4.247787610619469
503,514,3.880281690140845
503,736,3.9516129032258065
503,1475,2.5
503,83,4.0647482014388485
503,8,4.011363636363637
503,416,3.404255319148936
503,181,4.027093596059113
503,385,3.5773809523809526
503,633,4.127272727272727
503,430,3.9305555555555554
503,496,4.087431693989071
503,427,4.287425149700598
503,1009,3.4468085106382977
503,526,3.8876404494382024
503,561,2.9318181818181817
503,47,3.584070796460177
503,381,3.5641025641025643
503,183,4.004464285714286
503,132,4.043010752688172
503,489,4.051282051282051
503,223,4.153153153153153
503,744,3.418918918918919
503,509,3.923076923076923
504,58,3.6808510638297873
504,276,3.7148936170212767
504,234,3.751152073732719
504,735,3.908256880733945
504,84,2.9375
504,567,2.8076923076923075
504,400,2.6153846153846154
504,200,3.7470588235294118
504,629,3.3275862068965516
504,1136,3.4347826086956523
504,1508,3.0
504,527,4.0064935064935066
504,186,3.86
504,223,4.153153153153153
504,257,3.758771929824561
504,204,3.8333333333333335
504,526,3.8876404494382024
504,807,2.2
504,419,3.627586206896552
504,409,3.1666666666666665
504,503,3.48
504,1442,1.0
504,88,3.6011904761904763
504,401,2.796875
504,68,3.3893805309734515
504,973,3.3333333333333335
504,356,3.382716049382716
504,739,3.3410852713178296
504,298,3.7642857142857142
504,454,2.9166666666666665
504,1046,3.0294117647058822
504,181,4.027093596059113
504,620,3.1714285714285713
504,295,3.4166666666666665
504,1210,2.757575757575758
504,40,2.857142857142857
504,631,3.6288659793814433
504,403,3.4394904458598727
504,50,4.347438752783964
504,1093,3.235294117647059
504,678,2.8373493975903616
504,393,3.4324324324324325
504,575,2.611111111111111
504,183,4.004464285714286
504,75,2.3333333333333335
504,416,3.404255319148936
504,705,4.048543689320389
504,773,3.0
504,517,3.6666666666666665
504,1084,3.7333333333333334
504,452,2.5652173913043477
505,22,4.162393162393163
505,501,3.5670103092783507
505,294,3.112947658402204
505,742,3.677570093457944
505,724,3.4464285714285716
505,604,3.96875
505,121,3.4656716417910447
505,526,3.8876404494382024
505,161,3.5388888888888888
505,125,3.5255102040816326
505,127,4.312693498452012
505,423,3.782258064516129
505,79,4.056390977443609
505,705,4.048543689320389
505,210,3.9578544061302683
505,419,3.627586206896552
505,614,3.697674418604651
505,133,3.870503597122302
505,951,2.857142857142857
505,313,4.269961977186312
505,7,3.801302931596091
505,144,3.8757062146892656
505,568,3.64021164021164
506,274,3.4482758620689653
506,404,3.72972972972973
506,530,4.064516129032258
506,684,3.8
506,295,3.4166666666666665
506,42,3.7796610169491527
506,174,4.247787610619469
506,198,3.989795918367347
506,356,3.382716049382716
506,655,3.8722222222222222
506,210,3.9578544061302683
506,399,3.3043478260869565
506,770,3.36734693877551
506,455,3.242424242424242
506,67,3.0588235294117645
506,258,3.7814070351758793
506,183,4.004464285714286
506,425,3.7941176470588234
506,657,4.235849056603773
506,1089,2.0303030303030303
506,1110,2.8461538461538463
506,205,3.9572649572649574
506,951,2.857142857142857
506,53,2.951923076923077
506,520,4.1020408163265305
506,81,3.5421686746987953
506,539,2.433333333333333
506,755,3.2987012987012987
506,582,3.648854961832061
506,47,3.584070796460177
506,191,4.153153153153153
506,135,3.9665071770334928
506,92,3.617283950617284
506,182,3.923076923076923
506,216,3.9656652360515023
506,663,3.903225806451613
506,665,2.775
506,586,2.5555555555555554
506,423,3.782258064516129
506,1046,3.0294117647058822
506,465,3.701492537313433
506,226,3.352
506,461,3.607142857142857
506,211,3.9289940828402368
506,611,4.076923076923077
506,333,3.59
506,772,3.075
506,96,4.018099547511312
506,294,3.112947658402204
507,334,3.340909090909091
507,405,3.286764705882353
507,258,3.7814070351758793
507,298,3.7642857142857142
507,895,3.0853658536585367
507,269,3.9486166007905137
507,338,2.5072463768115942
507,306,4.0
507,323,2.918918918918919
507,252,3.032520325203252
507,689,3.1044776119402986
507,750,3.8333333333333335
508,132,4.043010752688172
508,183,4.004464285714286
508,436,3.576923076923077
508,163,3.5211267605633805
508,378,3.658536585365854
508,568,3.64021164021164
508,204,3.8333333333333335
508,232,3.2222222222222223
508,234,3.751152073732719
508,474,4.2405063291139244
508,655,3.8722222222222222
508,144,3.8757062146892656
508,219,3.202247191011236
508,47,3.584070796460177
508,180,4.0
508,1,3.900804289544236
508,511,4.157894736842105
508,82,3.7156398104265405
509,289,2.9651741293532337
509,301,3.2604166666666665
509,687,2.34
509,245,3.1036269430051813
509,181,4.027093596059113
509,309,2.8846153846153846
509,879,3.277227722772277
510,289,2.9651741293532337
510,325,2.4081632653061225
510,324,3.0721649484536084
510,873,2.9545454545454546
510,261,2.5
510,243,2.3823529411764706
511,343,3.0485436893203883
511,300,3.6176470588235294
511,333,3.59
511,340,3.5517241379310347
511,292,3.6179775280898876
512,265,3.840909090909091
512,318,4.437768240343348
512,527,4.0064935064935066
512,273,3.596774193548387
512,186,3.86
513,210,3.9578544061302683
513,127,4.312693498452012
513,265,3.840909090909091
513,252,3.032520325203252
513,250,3.4551282051282053
514,100,4.174242424242424
514,403,3.4394904458598727
514,177,3.926605504587156
514,283,3.75
514,200,3.7470588235294118
514,301,3.2604166666666665
514,194,4.0473684210526315
514,269,3.9486166007905137
514,186,3.86
514,792,3.734375
514,652,3.9027777777777777
514,890,1.8857142857142857
514,729,3.403225806451613
514,175,3.8523489932885906
514,58,3.6808510638297873
514,65,3.5164835164835164
514,25,3.4148471615720526
514,70,3.6381909547738696
514,302,4.165938864628821
514,423,3.782258064516129
514,1101,3.711864406779661
514,88,3.6011904761904763
514,307,3.524137931034483
514,31,3.6495726495726495
514,268,3.81025641025641
514,582,3.648854961832061
514,405,3.286764705882353
514,462,3.810344827586207
514,14,4.0510948905109485
514,313,4.269961977186312
514,22,4.162393162393163
514,259,2.6929133858267718
514,435,3.9171597633136095
514,778,3.5223880597014925
514,150,3.8125
514,747,3.513157894736842
514,587,3.5555555555555554
514,13,3.361842105263158
514,402,3.404109589041096
515,362,2.8181818181818183
515,1430,2.0
515,322,3.0994475138121547
515,323,2.918918918918919
515,307,3.524137931034483
515,302,4.165938864628821
515,900,3.911764705882353
515,292,3.6179775280898876
516,431,3.5041322314049586
516,191,4.153153153153153
516,310,3.559322033898305
516,582,3.648854961832061
516,357,4.330188679245283
517,25,3.4148471615720526
517,328,3.3958333333333335
517,755,3.2987012987012987
517,1047,2.892857142857143
517,222,3.6254180602006687
517,335,2.7222222222222223
517,748,3.0784313725490198
517,597,3.1412429378531073
518,235,2.7873563218390807
518,475,3.910994764397906
518,544,3.16
518,742,3.677570093457944
518,696,3.09375
518,547,3.257142857142857
518,619,3.0980392156862746
518,820,2.717948717948718
518,289,2.9651741293532337
518,284,3.1824324324324325
518,1028,3.0545454545454547
518,1,3.900804289544236
518,236,3.4857142857142858
518,25,3.4148471615720526
518,934,2.9
519,1612,3.3333333333333335
519,348,3.1739130434782608
519,1238,2.75
519,351,2.6666666666666665
519,887,3.56
519,751,3.4630872483221475
519,340,3.5517241379310347
519,991,2.3684210526315788
519,350,3.193548387096774
519,268,3.81025641025641
520,100,4.174242424242424
520,678,2.8373493975903616
520,898,3.28
520,1028,3.0545454545454547
520,300,3.6176470588235294
521,204,3.8333333333333335
521,324,3.0721649484536084
521,298,3.7642857142857142
521,755,3.2987012987012987
521,226,3.352
521,121,3.4656716417910447
521,151,3.612403100775194
521,625,3.3
521,427,4.287425149700598
521,271,3.2569832402234637
521,215,3.674698795180723
521,22,4.162393162393163
521,50,4.347438752783964
521,191,4.153153153153153
521,186,3.86
521,1022,3.3
521,144,3.8757062146892656
521,250,3.4551282051282053
521,265,3.840909090909091
521,1244,2.8666666666666667
521,550,3.25
521,153,3.77720207253886
521,291,3.392156862745098
521,679,2.9220779220779223
521,651,4.074324324324325
521,238,3.8309178743961354
521,216,3.9656652360515023
521,392,3.6271186440677967
521,117,3.633986928104575
521,833,3.2432432432432434
522,168,4.081967213114754
522,192,4.080459770114943
522,510,4.041237113402062
522,318,4.437768240343348
522,654,4.061946902654867
522,179,3.956043956043956
523,575,2.611111111111111
523,257,3.758771929824561
523,72,3.203883495145631
523,42,3.7796610169491527
523,66,3.5671641791044775
523,179,3.956043956043956
523,153,3.77720207253886
523,211,3.9289940828402368
523,794,3.6666666666666665
523,509,3.923076923076923
523,934,2.9
523,208,3.9554140127388533
523,408,4.482352941176471
523,384,2.8727272727272726
523,1069,2.9375
523,477,3.1578947368421053
523,154,3.832167832167832
523,949,3.3793103448275863
523,533,3.5833333333333335
523,242,4.065217391304348
524,931,2.0697674418604652
524,199,4.180327868852459
524,184,3.4545454545454546
524,192,4.080459770114943
524,485,3.9183673469387754
524,1454,3.0
524,515,4.25
524,98,4.283018867924528
524,792,3.734375
524,168,4.081967213114754
524,52,3.7901234567901234
524,558,3.6964285714285716
524,474,4.2405063291139244
524,191,4.153153153153153
524,517,3.6666666666666665
524,1046,3.0294117647058822
524,950,2.8636363636363638
524,504,3.787878787878788
524,1050,3.6470588235294117
524,661,4.097222222222222
524,573,2.8260869565217392
524,651,4.074324324324325
524,650,3.4545454545454546
524,82,3.7156398104265405
524,898,3.28
524,660,3.7777777777777777
524,403,3.4394904458598727
524,549,3.5294117647058822
524,709,3.9655172413793105
524,640,3.0161290322580645
524,81,3.5421686746987953
524,1560,2.3333333333333335
524,607,3.9411764705882355
524,570,3.0697674418604652
524,210,3.9578544061302683
524,367,3.4375
524,605,3.4545454545454546
524,495,3.6153846153846154
524,604,3.96875
524,618,3.6
524,676,3.3484848484848486
524,241,3.5
524,702,3.0
524,124,4.092105263157895
524,494,3.975
524,76,3.5365853658536586
524,508,3.585526315789474
524,649,3.3947368421052633
524,1154,3.25
524,488,4.196078431372549
524,265,3.840909090909091
524,212,3.4743589743589745
524,286,3.661498708010336
524,107,3.4571428571428573
524,393,3.4324324324324325
524,178,4.346938775510204
524,226,3.352
524,1126,3.3684210526315788
524,613,3.9545454545454546
524,433,3.7071428571428573
524,100,4.174242424242424
524,322,3.0994475138121547
525,475,3.910994764397906
525,1011,3.26027397260274
525,282,3.6758241758241756
525,14,4.0510948905109485
525,1047,2.892857142857143
525,596,3.326530612244898
525,25,3.4148471615720526
525,1012,3.55
525,1,3.900804289544236
525,928,3.225
525,713,3.509433962264151
526,285,4.2204724409448815
526,243,2.3823529411764706
526,750,3.8333333333333335
526,245,3.1036269430051813
526,250,3.4551282051282053
526,690,3.4227642276422765
526,312,3.28125
526,271,3.2569832402234637
526,508,3.585526315789474
526,121,3.4656716417910447
526,678,2.8373493975903616
526,258,3.7814070351758793
526,100,4.174242424242424
526,845,3.4779411764705883
527,153,3.77720207253886
527,176,3.9624413145539905
527,177,3.926605504587156
527,511,4.157894736842105
527,475,3.910994764397906
527,185,4.101063829787234
527,283,3.75
527,963,4.333333333333333
527,11,3.8743718592964824
527,318,4.437768240343348
527,238,3.8309178743961354
527,91,3.5789473684210527
527,116,3.78
527,69,3.8832684824902723
527,168,4.081967213114754
527,657,4.235849056603773
527,172,4.180555555555555
527,582,3.648854961832061
527,86,3.928
527,197,4.077319587628866
527,508,3.585526315789474
527,183,4.004464285714286
527,652,3.9027777777777777
527,12,4.408256880733945
527,1149,3.8947368421052633
527,588,3.75
527,517,3.6666666666666665
527,129,3.88659793814433
528,615,4.023255813953488
528,657,4.235849056603773
528,204,3.8333333333333335
528,194,4.0473684210526315
528,77,3.2459016393442623
528,748,3.0784313725490198
528,174,4.247787610619469
528,31,3.6495726495726495
528,239,3.5294117647058822
528,178,4.346938775510204
528,213,3.9541284403669725
529,991,2.3684210526315788
529,292,3.6179775280898876
529,319,3.2301587301587302
529,325,2.4081632653061225
529,1038,2.5454545454545454
529,333,3.59
529,271,3.2569832402234637
529,258,3.7814070351758793
529,682,3.088607594936709
530,174,4.247787610619469
530,181,4.027093596059113
530,191,4.153153153153153
530,275,3.9904306220095696
530,176,3.9624413145539905
530,237,3.707395498392283
530,1136,3.4347826086956523
530,98,4.283018867924528
530,487,4.037735849056604
531,990,2.962962962962963
531,327,3.466666666666667
531,890,1.8857142857142857
531,286,3.661498708010336
531,690,3.4227642276422765
531,245,3.1036269430051813
532,251,4.342105263157895
532,11,3.8743718592964824
532,97,3.8097560975609754
532,354,3.456140350877193
532,1300,2.1666666666666665
532,234,3.751152073732719
532,347,3.49
532,472,2.9844961240310077
532,750,3.8333333333333335
532,148,3.2395833333333335
532,1407,2.2857142857142856
532,151,3.612403100775194
532,588,3.75
532,95,3.8275862068965516
532,51,3.3448275862068964
532,187,4.208588957055214
532,1228,2.4634146341463414
532,267,3.5
532,679,2.9220779220779223
532,453,1.7692307692307692
532,689,3.1044776119402986
532,8,4.011363636363637
532,318,4.437768240343348
532,452,2.5652173913043477
532,1470,2.3333333333333335
532,117,3.633986928104575
532,470,3.6704545454545454
532,917,3.3333333333333335
532,242,4.065217391304348
532,829,2.64
532,195,3.9402390438247012
532,368,1.8636363636363635
532,655,3.8722222222222222
532,367,3.4375
532,721,3.425531914893617
532,477,3.1578947368421053
532,795,2.388888888888889
532,181,4.027093596059113
532,914,2.4285714285714284
532,425,3.7941176470588234
532,1046,3.0294117647058822
532,329,3.3157894736842106
532,834,2.1578947368421053
532,916,3.076923076923077
532,427,4.287425149700598
532,143,3.758426966292135
532,1312,2.0
532,549,3.5294117647058822
532,98,4.283018867924528
532,1168,3.2222222222222223
532,925,3.25
532,77,3.2459016393442623
532,240,2.7401574803149606
532,164,3.563025210084034
532,216,3.9656652360515023
533,742,3.677570093457944
533,846,3.025
533,687,2.34
533,187,4.208588957055214
533,15,3.8026315789473686
533,1086,3.25
533,1174,3.3333333333333335
533,603,4.3602484472049685
533,174,4.247787610619469
533,511,4.157894736842105
533,462,3.810344827586207
533,83,4.0647482014388485
533,371,3.04
533,109,3.480769230769231
533,692,3.672
533,402,3.404109589041096
533,240,2.7401574803149606
533,595,3.1176470588235294
533,48,4.0625
533,87,3.847457627118644
533,193,3.9411764705882355
533,190,4.175257731958763
533,47,3.584070796460177
533,43,2.9411764705882355
533,281,3.111111111111111
533,228,3.8
533,204,3.8333333333333335
533,582,3.648854961832061
533,724,3.4464285714285716
533,449,3.0652173913043477
533,72,3.203883495145631
533,169,4.462365591397849
533,345,3.4313725490196076
533,58,3.6808510638297873
533,298,3.7642857142857142
533,97,3.8097560975609754
533,1033,2.6
533,378,3.658536585365854
533,236,3.4857142857142858
533,319,3.2301587301587302
533,1041,3.142857142857143
533,22,4.162393162393163
533,931,2.0697674418604652
533,9,3.8821138211382116
533,521,3.776595744680851
533,300,3.6176470588235294
533,91,3.5789473684210527
533,676,3.3484848484848486
533,134,4.269938650306749
533,222,3.6254180602006687
533,117,3.633986928104575
533,289,2.9651741293532337
534,121,3.4656716417910447
534,240,2.7401574803149606
534,151,3.612403100775194
534,118,3.2266666666666666
534,148,3.2395833333333335
534,243,2.3823529411764706
534,455,3.242424242424242
534,331,3.5698924731182795
534,619,3.0980392156862746
534,290,3.1875
534,748,3.0784313725490198
534,742,3.677570093457944
534,456,2.210526315789474
534,24,3.4135338345864663
534,294,3.112947658402204
534,1327,2.5
535,433,3.7071428571428573
535,1045,3.1052631578947367
535,639,3.814814814814815
535,727,3.375
535,529,3.948717948717949
535,277,3.4814814814814814
535,1039,4.069444444444445
535,284,3.1824324324324325
535,205,3.9572649572649574
535,30,4.125
535,604,3.96875
535,285,4.2204724409448815
535,478,4.116279069767442
535,42,3.7796610169491527
535,338,2.5072463768115942
535,489,4.051282051282051
535,511,4.157894736842105
535,59,4.125
535,502,3.64
535,381,3.5641025641025643
535,612,4.0
535,971,3.769230769230769
535,521,3.776595744680851
535,258,3.7814070351758793
535,1149,3.8947368421052633
535,45,4.151515151515151
535,603,4.3602484472049685
535,135,3.9665071770334928
535,223,4.153153153153153
535,121,3.4656716417910447
535,195,3.9402390438247012
535,22,4.162393162393163
535,483,4.5
535,237,3.707395498392283
535,268,3.81025641025641
535,921,4.0
535,792,3.734375
535,645,3.727272727272727
535,708,3.4698795180722892
535,1170,3.05
535,638,3.810810810810811
535,632,3.8222222222222224
535,162,3.6
535,950,2.8636363636363638
536,56,4.019047619047619
536,713,3.509433962264151
536,318,4.437768240343348
536,486,3.9130434782608696
536,510,4.041237113402062
536,755,3.2987012987012987
536,209,3.8343949044585988
536,380,3.297872340425532
536,143,3.758426966292135
536,79,4.056390977443609
536,94,3.0275229357798166
536,274,3.4482758620689653
536,493,4.288888888888889
536,1039,4.069444444444445
536,1030,2.375
536,679,2.9220779220779223
536,387,3.314814814814815
536,135,3.9665071770334928
536,304,3.53781512605042
536,190,4.175257731958763
536,746,3.65625
536,489,4.051282051282051
536,229,3.0597014925373136
536,10,3.9295774647887325
536,217,3.077777777777778
536,97,3.8097560975609754
536,566,3.633587786259542
536,132,4.043010752688172
536,169,4.462365591397849
536,542,2.4473684210526314
536,402,3.404109589041096
536,230,3.460122699386503
536,416,3.404255319148936
537,639,3.814814814814815
537,15,3.8026315789473686
537,975,3.2058823529411766
537,845,3.4779411764705883
537,511,4.157894736842105
537,527,4.0064935064935066
537,713,3.509433962264151
537,14,4.0510948905109485
537,101,3.25
537,135,3.9665071770334928
537,496,4.087431693989071
537,942,3.4054054054054053
537,24,3.4135338345864663
537,346,3.622448979591837
537,486,3.9130434782608696
537,744,3.418918918918919
537,150,3.8125
537,978,2.5833333333333335
537,143,3.758426966292135
537,81,3.5421686746987953
537,239,3.5294117647058822
537,321,3.0942028985507246
537,194,4.0473684210526315
537,1475,2.5
537,124,4.092105263157895
537,958,3.8
537,141,3.491228070175439
537,19,4.018867924528302
537,285,4.2204724409448815
537,792,3.734375
537,655,3.8722222222222222
537,678,2.8373493975903616
537,151,3.612403100775194
537,1073,3.7547169811320753
537,543,3.411764705882353
537,185,4.101063829787234
537,188,3.6783216783216783
537,604,3.96875
537,1,3.900804289544236
537,921,4.0
537,789,3.6216216216216215
537,1420,1.5
537,1105,3.066666666666667
537,275,3.9904306220095696
537,461,3.607142857142857
537,56,4.019047619047619
537,259,2.6929133858267718
537,111,3.506787330316742
537,1129,3.5454545454545454
537,694,4.142857142857143
537,873,2.9545454545454546
537,60,3.9615384615384617
537,306,4.0
537,216,3.9656652360515023
537,179,3.956043956043956
537,648,3.9166666666666665
537,174,4.247787610619469
537,25,3.4148471615720526
537,284,3.1824324324324325
537,347,3.49
537,100,4.174242424242424
537,1400,3.2857142857142856
537,490,3.9761904761904763
537,371,3.04
537,568,3.64021164021164
537,206,3.3513513513513513
537,491,3.730769230769231
537,633,4.127272727272727
537,582,3.648854961832061
537,186,3.86
537,1048,3.066666666666667
537,109,3.480769230769231
537,937,3.52
537,715,3.111111111111111
537,1404,3.1818181818181817
537,147,3.4503311258278146
537,770,3.36734693877551
537,96,4.018099547511312
537,175,3.8523489932885906
537,322,3.0994475138121547
537,1139,2.7083333333333335
537,1451,4.2
537,210,3.9578544061302683
537,228,3.8
537,497,3.8035714285714284
537,317,3.89010989010989
537,170,4.13
537,276,3.7148936170212767
537,182,3.923076923076923
537,948,2.210526315789474
537,724,3.4464285714285716
537,50,4.347438752783964
537,387,3.314814814814815
537,279,3.25
537,195,3.9402390438247012
537,39,3.264705882352941
537,516,4.02
537,919,3.730769230769231
538,483,4.5
538,294,3.112947658402204
538,208,3.9554140127388533
538,568,3.64021164021164
538,174,4.247787610619469
538,88,3.6011904761904763
538,168,4.081967213114754
538,213,3.9541284403669725
538,215,3.674698795180723
538,240,2.7401574803149606
538,182,3.923076923076923
538,199,4.180327868852459
538,566,3.633587786259542
538,121,3.4656716417910447
538,735,3.908256880733945
538,238,3.8309178743961354
538,117,3.633986928104575
539,603,4.3602484472049685
539,163,3.5211267605633805
539,372,3.576923076923077
539,132,4.043010752688172
539,527,4.0064935064935066
539,319,3.2301587301587302
539,301,3.2604166666666665
539,531,3.9405940594059405
539,483,4.5
539,962,3.1578947368421053
539,127,4.312693498452012
539,956,3.5405405405405403
540,181,4.027093596059113
540,741,3.5217391304347827
540,222,3.6254180602006687
540,9,3.8821138211382116
540,125,3.5255102040816326
540,50,4.347438752783964
540,300,3.6176470588235294
540,1011,3.26027397260274
540,274,3.4482758620689653
540,1,3.900804289544236
540,333,3.59
540,405,3.286764705882353
540,281,3.111111111111111
541,418,3.609090909090909
541,204,3.8333333333333335
541,763,3.4488188976377954
541,50,4.347438752783964
541,755,3.2987012987012987
541,403,3.4394904458598727
541,993,3.5925925925925926
541,543,3.411764705882353
541,151,3.612403100775194
541,596,3.326530612244898
541,465,3.701492537313433
541,102,2.9782608695652173
541,399,3.3043478260869565
541,8,4.011363636363637
541,588,3.75
541,1047,2.892857142857143
541,584,3.5303030303030303
541,1412,1.5
541,225,2.9431818181818183
541,756,2.857142857142857
541,395,2.6097560975609757
541,239,3.5294117647058822
541,215,3.674698795180723
541,79,4.056390977443609
541,121,3.4656716417910447
541,769,2.5625
541,877,2.6944444444444446
542,97,3.8097560975609754
542,109,3.480769230769231
542,721,3.425531914893617
542,427,4.287425149700598
542,775,2.85
542,204,3.8333333333333335
542,772,3.075
542,423,3.782258064516129
542,71,3.847058823529412
542,648,3.9166666666666665
542,393,3.4324324324324325
542,410,3.076923076923077
542,192,4.080459770114943
542,50,4.347438752783964
542,655,3.8722222222222222
542,347,3.49
542,684,3.8
542,168,4.081967213114754
542,509,3.923076923076923
542,265,3.840909090909091
542,523,4.0
542,48,4.0625
542,100,4.174242424242424
542,693,3.6202531645569622
542,12,4.408256880733945
542,695,3.1
542,88,3.6011904761904763
543,737,3.0
543,550,3.25
543,586,2.5555555555555554
543,479,4.222222222222222
543,231,2.6576576576576576
543,85,2.953488372093023
543,194,4.0473684210526315
543,664,3.4358974358974357
543,89,4.173913043478261
543,174,4.247787610619469
543,8,4.011363636363637
543,202,3.782051282051282
543,656,3.945945945945946
543,102,2.9782608695652173
543,214,3.3636363636363638
543,663,3.903225806451613
543,118,3.2266666666666666
543,183,4.004464285714286
543,1174,3.3333333333333335
543,778,3.5223880597014925
543,700,2.769230769230769
543,1416,2.5
543,513,4.362068965517241
543,603,4.3602484472049685
543,944,3.0
543,234,3.751152073732719
543,391,2.66
543,651,4.074324324324325
543,169,4.462365591397849
543,265,3.840909090909091
543,239,3.5294117647058822
543,210,3.9578544061302683
543,642,3.5416666666666665
543,64,4.44
543,1262,4.333333333333333
543,704,3.15
543,216,3.9656652360515023
543,761,3.1666666666666665
543,302,4.165938864628821
543,1194,4.153846153846154
544,877,2.6944444444444446
544,259,2.6929133858267718
544,258,3.7814070351758793
544,313,4.269961977186312
544,748,3.0784313725490198
544,271,3.2569832402234637
544,325,2.4081632653061225
545,211,3.9289940828402368
545,78,2.52
545,217,3.077777777777778
545,474,4.2405063291139244
545,25,3.4148471615720526
545,175,3.8523489932885906
545,233,3.349514563106796
545,732,3.6595744680851063
545,172,4.180555555555555
545,99,3.7372262773722627
545,77,3.2459016393442623
545,423,3.782258064516129
545,254,2.488372093023256
545,450,2.411764705882353
545,729,3.403225806451613
545,167,2.981132075471698
545,222,3.6254180602006687
545,386,2.8028169014084505
545,563,2.5652173913043477
545,944,3.0
545,97,3.8097560975609754
545,568,3.64021164021164
545,379,2.9285714285714284
545,68,3.3893805309734515
545,993,3.5925925925925926
545,17,3.1323529411764706
545,472,2.9844961240310077
545,431,3.5041322314049586
545,1188,2.657142857142857
545,174,4.247787610619469
545,426,2.782608695652174
545,810,2.875
545,232,3.2222222222222223
546,286,3.661498708010336
546,288,3.455764075067024
546,567,2.8076923076923075
546,457,1.7142857142857142
546,928,3.225
546,569,2.7017543859649122
546,665,2.775
546,219,3.202247191011236
546,930,2.6
546,181,4.027093596059113
546,222,3.6254180602006687
546,53,2.951923076923077
547,294,3.112947658402204
547,312,3.28125
547,269,3.9486166007905137
547,338,2.5072463768115942
547,303,3.6944444444444446
548,298,3.7642857142857142
548,248,3.611940298507463
548,628,3.4964028776978417
548,12,4.408256880733945
548,55,3.7398373983739837
548,271,3.2569832402234637
548,1014,3.1333333333333333
548,300,3.6176470588235294
548,39,3.264705882352941
548,311,3.7333333333333334
548,50,4.347438752783964
548,164,3.563025210084034
548,307,3.524137931034483
548,978,2.5833333333333335
548,270,3.6019417475728157
548,924,3.388059701492537
548,98,4.283018867924528
548,127,4.312693498452012
548,275,3.9904306220095696
548,277,3.4814814814814814
548,323,2.918918918918919
548,272,4.261437908496732
548,286,3.661498708010336
548,281,3.111111111111111
548,659,4.087912087912088
548,222,3.6254180602006687
548,292,3.6179775280898876
548,472,2.9844961240310077
548,654,4.061946902654867
548,234,3.751152073732719
548,327,3.466666666666667
549,50,4.347438752783964
549,405,3.286764705882353
549,1,3.900804289544236
549,118,3.2266666666666666
549,24,3.4135338345864663
550,1620,3.4285714285714284
550,255,3.3175675675675675
550,249,3.303030303030303
550,1089,2.0303030303030303
550,313,4.269961977186312
550,538,3.36
550,748,3.0784313725490198
550,682,3.088607594936709
551,288,3.455764075067024
551,7,3.801302931596091
551,180,4.0
551,282,3.6758241758241756
551,991,2.3684210526315788
551,51,3.3448275862068964
551,15,3.8026315789473686
551,265,3.840909090909091
551,2,3.18
551,156,3.865546218487395
551,739,3.3410852713178296
551,164,3.563025210084034
551,157,3.696078431372549
551,90,3.1025641025641026
551,219,3.202247191011236
551,1376,2.3333333333333335
551,117,3.633986928104575
551,150,3.8125
551,1028,3.0545454545454547
551,89,4.173913043478261
551,100,4.174242424242424
551,552,2.8055555555555554
551,202,3.782051282051282
551,162,3.6
551,802,2.566666666666667
551,779,2.4166666666666665
551,912,3.4
551,12,4.408256880733945
551,380,3.297872340425532
551,332,3.4601769911504423
551,458,3.2
551,198,3.989795918367347
551,596,3.326530612244898
551,447,3.4081632653061225
551,1304,3.5261432572627136
551,686,3.789473684210526
551,70,3.6381909547738696
551,292,3.6179775280898876
551,727,3.375
551,1035,3.19672131147541
551,192,4.080459770114943
551,561,2.9318181818181817
551,578,3.116883116883117
551,710,3.5714285714285716
551,260,2.6021505376344085
551,9,3.8821138211382116
551,1518,3.0
551,49,3.3230769230769233
551,864,3.1449275362318843
551,240,2.7401574803149606
551,4,3.5
551,518,3.7260273972602738
551,410,3.076923076923077
551,226,3.352
551,651,4.074324324324325
551,399,3.3043478260869565
551,1135,3.0
551,200,3.7470588235294118
551,111,3.506787330316742
551,402,3.404109589041096
551,944,3.0
551,274,3.4482758620689653
551,54,3.253012048192771
551,128,3.6041666666666665
551,68,3.3893805309734515
551,582,3.648854961832061
551,384,2.8727272727272726
552,829,2.64
552,117,3.633986928104575
552,873,2.9545454545454546
552,7,3.801302931596091
552,405,3.286764705882353
552,126,3.7948717948717947
552,628,3.4964028776978417
552,282,3.6758241758241756
552,111,3.506787330316742
552,148,3.2395833333333335
552,815,3.21978021978022
552,977,2.789473684210526
552,252,3.032520325203252
552,181,4.027093596059113
552,14,4.0510948905109485
552,934,2.9
552,864,3.1449275362318843
553,427,4.287425149700598
553,56,4.019047619047619
553,170,4.13
553,478,4.116279069767442
553,605,3.4545454545454546
553,524,4.0
553,135,3.9665071770334928
553,646,3.870967741935484
553,525,3.9508196721311477
553,136,4.193181818181818
553,479,4.222222222222222
553,1021,3.8333333333333335
553,506,3.791044776119403
553,50,4.347438752783964
553,515,4.25
553,1126,3.3684210526315788
553,498,4.24031007751938
553,657,4.235849056603773
553,238,3.8309178743961354
553,307,3.524137931034483
554,8,4.011363636363637
554,11,3.8743718592964824
554,70,3.6381909547738696
554,864,3.1449275362318843
554,181,4.027093596059113
554,742,3.677570093457944
554,286,3.661498708010336
554,252,3.032520325203252
554,117,3.633986928104575
554,546,3.0634146341463415
554,328,3.3958333333333335
554,273,3.596774193548387
554,284,3.1824324324324325
554,275,3.9904306220095696
554,28,3.935185185185185
554,405,3.286764705882353
554,79,4.056390977443609
554,735,3.908256880733945
554,678,2.8373493975903616
554,289,2.9651741293532337
554,1046,3.0294117647058822
554,9,3.8821138211382116
554,133,3.870503597122302
555,100,4.174242424242424
555,111,3.506787330316742
555,121,3.4656716417910447
555,236,3.4857142857142858
555,269,3.9486166007905137
555,117,3.633986928104575
555,271,3.2569832402234637
555,118,3.2266666666666666
555,328,3.3958333333333335
555,489,4.051282051282051
555,318,4.437768240343348
556,133,3.870503597122302
556,286,3.661498708010336
556,324,3.0721649484536084
556,178,4.346938775510204
556,288,3.455764075067024
556,603,4.3602484472049685
556,48,4.0625
556,64,4.44
556,135,3.9665071770334928
557,294,3.112947658402204
557,254,2.488372093023256
557,343,3.0485436893203883
557,682,3.088607594936709
557,268,3.81025641025641
557,288,3.455764075067024
557,198,3.989795918367347
557,892,2.7333333333333334
557,1070,3.782608695652174
557,270,3.6019417475728157
557,150,3.8125
558,253,3.473684210526316
558,15,3.8026315789473686
558,508,3.585526315789474
558,744,3.418918918918919
559,315,4.104477611940299
559,127,4.312693498452012
559,187,4.208588957055214
559,527,4.0064935064935066
559,22,4.162393162393163
559,687,2.34
559,550,3.25
559,180,4.0
559,521,3.776595744680851
559,70,3.6381909547738696
559,197,4.077319587628866
559,188,3.6783216783216783
559,182,3.923076923076923
559,204,3.8333333333333335
559,398,2.1666666666666665
559,528,4.159574468085107
560,476,3.0551181102362204
560,183,4.004464285714286
560,134,4.269938650306749
560,508,3.585526315789474
560,197,4.077319587628866
560,246,3.943396226415094
560,606,4.017241379310345
560,975,3.2058823529411766
560,108,3.036363636363636
560,1405,2.75
560,250,3.4551282051282053
560,151,3.612403100775194
560,235,2.7873563218390807
560,489,4.051282051282051
560,318,4.437768240343348
560,132,4.043010752688172
560,864,3.1449275362318843
560,100,4.174242424242424
560,1171,3.1666666666666665
560,1160,3.7142857142857144
560,546,3.0634146341463415
561,168,4.081967213114754
561,12,4.408256880733945
561,921,4.0
561,458,3.2
561,611,4.076923076923077
561,214,3.3636363636363638
561,510,4.041237113402062
561,232,3.2222222222222223
561,10,3.9295774647887325
561,176,3.9624413145539905
561,708,3.4698795180722892
561,241,3.5
561,501,3.5670103092783507
561,179,3.956043956043956
561,484,4.151785714285714
561,512,3.978723404255319
561,568,3.64021164021164
561,890,1.8857142857142857
561,524,4.0
561,762,3.391304347826087
561,210,3.9578544061302683
561,1220,3.4166666666666665
561,514,3.880281690140845
561,971,3.769230769230769
561,505,3.8846153846153846
561,124,4.092105263157895
561,1044,3.1875
561,483,4.5
561,40,2.857142857142857
561,162,3.6
561,71,3.847058823529412
561,382,3.5555555555555554
561,451,3.389261744966443
561,539,2.433333333333333
561,52,3.7901234567901234
561,946,3.196078431372549
561,367,3.4375
561,226,3.352
561,1120,3.1666666666666665
561,31,3.6495726495726495
561,174,4.247787610619469
561,32,3.953846153846154
561,480,4.302158273381295
561,443,3.801526717557252
561,427,4.287425149700598
561,1449,4.4
561,673,3.5211267605633805
561,430,3.9305555555555554
561,65,3.5164835164835164
561,49,3.3230769230769233
561,205,3.9572649572649574
561,302,4.165938864628821
561,173,4.15625
561,180,4.0
561,956,3.5405405405405403
561,432,3.6546762589928057
561,160,3.4545454545454546
561,506,3.791044776119403
561,96,4.018099547511312
561,1009,3.4468085106382977
561,403,3.4394904458598727
561,735,3.908256880733945
561,171,3.8703703703703702
561,447,3.4081632653061225
561,202,3.782051282051282
561,507,3.8333333333333335
561,25,3.4148471615720526
561,549,3.5294117647058822
561,182,3.923076923076923
561,531,3.9405940594059405
561,9,3.8821138211382116
561,318,4.437768240343348
562,191,4.153153153153153
562,234,3.751152073732719
562,806,3.5277777777777777
562,218,3.437037037037037
562,190,4.175257731958763
562,89,4.173913043478261
562,684,3.8
562,148,3.2395833333333335
562,185,4.101063829787234
562,229,3.0597014925373136
562,231,2.6576576576576576
562,230,3.460122699386503
562,50,4.347438752783964
562,727,3.375
562,432,3.6546762589928057
563,692,3.672
563,172,4.180555555555555
563,678,2.8373493975903616
563,181,4.027093596059113
563,412,2.410958904109589
563,401,2.796875
564,597,3.1412429378531073
564,1016,3.4434782608695653
564,924,3.388059701492537
564,272,4.261437908496732
564,118,3.2266666666666666
564,750,3.8333333333333335
564,1034,2.5
565,640,3.0161290322580645
565,170,4.13
565,1396,4.0
565,30,4.125
565,970,3.142857142857143
565,639,3.814814814814815
565,86,3.928
566,772,3.075
566,163,3.5211267605633805
566,727,3.375
566,77,3.2459016393442623
566,213,3.9541284403669725
566,50,4.347438752783964
566,70,3.6381909547738696
566,388,2.5
566,651,4.074324324324325
566,1028,3.0545454545454547
566,2,3.18
566,423,3.782258064516129
566,196,3.9170731707317072
566,234,3.751152073732719
566,108,3.036363636363636
566,386,2.8028169014084505
566,231,2.6576576576576576
566,7,3.801302931596091
566,110,2.625
566,959,3.52
566,521,3.776595744680851
566,480,4.302158273381295
566,260,2.6021505376344085
566,318,4.437768240343348
566,523,4.0
566,137,3.8840579710144927
566,576,3.0136986301369864
566,265,3.840909090909091
566,215,3.674698795180723
566,161,3.5388888888888888
567,168,4.081967213114754
567,1451,4.2
567,675,3.4285714285714284
567,10,3.9295774647887325
567,1204,3.4285714285714284
567,517,3.6666666666666665
567,429,4.012987012987013
567,299,3.0
567,433,3.7071428571428573
567,496,4.087431693989071
567,527,4.0064935064935066
567,493,4.288888888888889
567,199,4.180327868852459
567,1022,3.3
567,152,3.5806451612903225
567,490,3.9761904761904763
567,612,4.0
567,494,3.975
567,611,4.076923076923077
567,679,2.9220779220779223
567,178,4.346938775510204
567,136,4.193181818181818
567,83,4.0647482014388485
567,185,4.101063829787234
567,705,4.048543689320389
567,607,3.9411764705882355
567,302,4.165938864628821
567,648,3.9166666666666665
567,132,4.043010752688172
567,646,3.870967741935484
567,177,3.926605504587156
568,185,4.101063829787234
568,488,4.196078431372549
568,530,4.064516129032258
568,611,4.076923076923077
568,603,4.3602484472049685
568,135,3.9665071770334928
568,1005,3.9375
568,1203,3.8666666666666667
568,661,4.097222222222222
568,735,3.908256880733945
568,435,3.9171597633136095
568,493,4.288888888888889
568,286,3.661498708010336
568,772,3.075
568,162,3.6
568,478,4.116279069767442
568,855,3.68
569,455,3.242424242424242
569,287,3.5357142857142856
569,3,3.095890410958904
569,508,3.585526315789474
569,257,3.758771929824561
569,1014,3.1333333333333333
569,277,3.4814814814814814
569,340,3.5517241379310347
569,25,3.4148471615720526
569,236,3.4857142857142858
569,286,3.661498708010336
569,473,3.118811881188119
569,300,3.6176470588235294
569,405,3.286764705882353
570,321,3.0942028985507246
570,301,3.2604166666666665
570,358,2.607142857142857
570,327,3.466666666666667
570,879,3.277227722772277
571,357,4.330188679245283
571,1039,4.069444444444445
571,64,4.44
571,144,3.8757062146892656
572,1171,3.1666666666666665
572,1010,3.2777777777777777
572,476,3.0551181102362204
572,121,3.4656716417910447
573,185,4.101063829787234
573,713,3.509433962264151
573,661,4.097222222222222
573,176,3.9624413145539905
573,162,3.6
573,182,3.923076923076923
573,183,4.004464285714286
573,178,4.346938775510204
573,276,3.7148936170212767
573,135,3.9665071770334928
573,205,3.9572649572649574
574,328,3.3958333333333335
574,331,3.5698924731182795
574,100,4.174242424242424
574,344,3.5869565217391304
574,327,3.466666666666667
574,347,3.49
574,258,3.7814070351758793
574,883,3.2857142857142856
574,896,3.7948717948717947
574,272,4.261437908496732
575,176,3.9624413145539905
575,427,4.287425149700598
575,531,3.9405940594059405
575,127,4.312693498452012
575,294,3.112947658402204
575,318,4.437768240343348
576,181,4.027093596059113
576,323,2.918918918918919
576,276,3.7148936170212767
576,50,4.347438752783964
576,15,3.8026315789473686
576,255,3.3175675675675675
576,825,3.1194029850746268
576,248,3.611940298507463
577,186,3.86
577,29,2.627906976744186
577,403,3.4394904458598727
577,549,3.5294117647058822
577,125,3.5255102040816326
577,183,4.004464285714286
577,294,3.112947658402204
577,215,3.674698795180723
577,1517,2.3333333333333335
577,1147,3.764705882352941
577,25,3.4148471615720526
577,49,3.3230769230769233
577,200,3.7470588235294118
577,217,3.077777777777778
577,949,3.3793103448275863
577,11,3.8743718592964824
577,151,3.612403100775194
577,95,3.8275862068965516
577,234,3.751152073732719
577,5,3.318840579710145
577,409,3.1666666666666665
577,720,2.9833333333333334
577,58,3.6808510638297873
577,196,3.9170731707317072
577,204,3.8333333333333335
577,28,3.935185185185185
577,727,3.375
577,284,3.1824324324324325
577,194,4.0473684210526315
577,939,3.5918367346938775
577,452,2.5652173913043477
577,1033,2.6
577,96,4.018099547511312
577,410,3.076923076923077
577,472,2.9844961240310077
577,132,4.043010752688172
577,436,3.576923076923077
577,399,3.3043478260869565
578,380,3.297872340425532
578,298,3.7642857142857142
578,343,3.0485436893203883
578,222,3.6254180602006687
578,1098,3.7586206896551726
579,153,3.77720207253886
579,234,3.751152073732719
579,582,3.648854961832061
579,228,3.8
579,66,3.5671641791044775
579,7,3.801302931596091
579,289,2.9651741293532337
579,168,4.081967213114754
579,258,3.7814070351758793
579,294,3.112947658402204
579,50,4.347438752783964
579,286,3.661498708010336
579,528,4.159574468085107
579,82,3.7156398104265405
579,288,3.455764075067024
580,358,2.607142857142857
580,1028,3.0545454545454547
580,829,2.64
580,455,3.242424242424242
580,3,3.095890410958904
580,123,3.2065217391304346
580,343,3.0485436893203883
580,1014,3.1333333333333333
580,151,3.612403100775194
580,687,2.34
581,1367,3.5
581,181,4.027093596059113
581,936,3.9615384615384617
581,922,3.7857142857142856
581,1375,3.5714285714285716
581,1353,2.25
582,271,3.2569832402234637
582,121,3.4656716417910447
582,411,2.962121212121212
582,932,2.966666666666667
582,240,2.7401574803149606
582,268,3.81025641025641
582,237,3.707395498392283
582,300,3.6176470588235294
582,93,3.835294117647059
582,294,3.112947658402204
582,508,3.585526315789474
582,676,3.3484848484848486
582,117,3.633986928104575
583,425,3.7941176470588234
583,55,3.7398373983739837
583,708,3.4698795180722892
583,276,3.7148936170212767
583,209,3.8343949044585988
583,12,4.408256880733945
584,227,3.184
584,230,3.460122699386503
584,50,4.347438752783964
584,165,4.155555555555556
584,229,3.0597014925373136
585,59,4.125
585,1018,3.1923076923076925
585,224,3.7222222222222223
585,707,3.814814814814815
585,1512,4.0
585,1344,2.6666666666666665
585,61,3.8666666666666667
585,713,3.509433962264151
585,1501,3.3333333333333335
585,1488,2.6666666666666665
585,638,3.810810810810811
585,855,3.68
585,863,4.285714285714286
585,652,3.9027777777777777
585,1449,4.4
585,1158,4.0
586,397,2.6
586,250,3.4551282051282053
586,790,2.9272727272727272
586,541,2.880952380952381
586,29,2.627906976744186
586,379,2.9285714285714284
586,161,3.5388888888888888
586,849,2.6842105263157894
586,393,3.4324324324324325
586,257,3.758771929824561
586,185,4.101063829787234
586,118,3.2266666666666666
586,184,3.4545454545454546
586,358,2.607142857142857
586,800,2.789473684210526
586,720,2.9833333333333334
586,1090,2.5517241379310347
586,148,3.2395833333333335
586,693,3.6202531645569622
586,53,2.951923076923077
586,978,2.5833333333333335
586,930,2.6
586,780,3.0172413793103448
586,939,3.5918367346938775
586,27,3.0869565217391304
586,288,3.455764075067024
586,665,2.775
586,237,3.707395498392283
586,1207,2.0833333333333335
586,159,3.271604938271605
586,234,3.751152073732719
586,155,3.0125
586,551,2.388888888888889
586,452,2.5652173913043477
587,268,3.81025641025641
587,300,3.6176470588235294
587,343,3.0485436893203883
587,888,3.6363636363636362
587,350,3.193548387096774
587,937,3.52
587,303,3.6944444444444446
587,312,3.28125
587,989,2.9285714285714284
587,330,3.242424242424242
587,680,2.1923076923076925
587,918,3.3333333333333335
587,678,2.8373493975903616
587,687,2.34
587,286,3.661498708010336
587,750,3.8333333333333335
587,321,3.0942028985507246
587,323,2.918918918918919
587,308,3.0476190476190474
587,689,3.1044776119402986
588,1041,3.142857142857143
588,1091,2.8
588,155,3.0125
588,186,3.86
588,684,3.8
588,873,2.9545454545454546
588,202,3.782051282051282
588,98,4.283018867924528
588,133,3.870503597122302
588,550,3.25
588,220,3.240740740740741
588,561,2.9318181818181817
588,783,2.925925925925926
588,178,4.346938775510204
588,268,3.81025641025641
588,832,2.6315789473684212
588,652,3.9027777777777777
588,395,2.6097560975609757
588,216,3.9656652360515023
588,83,4.0647482014388485
588,1240,3.526315789473684
588,71,3.847058823529412
588,288,3.455764075067024
588,63,2.9682539682539684
588,318,4.437768240343348
588,1,3.900804289544236
588,154,3.832167832167832
588,463,3.819672131147541
588,29,2.627906976744186
588,354,3.456140350877193
588,67,3.0588235294117645
588,720,2.9833333333333334
588,68,3.3893805309734515
588,1058,3.5
588,69,3.8832684824902723
588,56,4.019047619047619
588,699,3.6875
588,278,3.125
588,313,4.269961977186312
588,66,3.5671641791044775
588,810,2.875
588,173,4.15625
588,231,2.6576576576576576
588,234,3.751152073732719
588,111,3.506787330316742
589,307,3.524137931034483
589,322,3.0994475138121547
589,327,3.466666666666667
589,333,3.59
589,689,3.1044776119402986
589,688,1.7027027027027026
589,268,3.81025641025641
589,304,3.53781512605042
589,895,3.0853658536585367
590,282,3.6758241758241756
590,150,3.8125
590,285,4.2204724409448815
590,124,4.092105263157895
590,130,2.473684210526316
590,298,3.7642857142857142
590,237,3.707395498392283
590,475,3.910994764397906
590,744,3.418918918918919
590,293,3.841666666666667
591,1120,3.1666666666666665
591,211,3.9289940828402368
591,451,3.389261744966443
591,921,4.0
591,954,3.75
591,516,4.02
591,487,4.037735849056604
591,172,4.180555555555555
591,48,4.0625
591,655,3.8722222222222222
591,1028,3.0545454545454547
591,514,3.880281690140845
591,956,3.5405405405405403
591,662,3.5238095238095237
591,210,3.9578544061302683
591,393,3.4324324324324325
591,45,4.151515151515151
592,187,4.208588957055214
592,288,3.455764075067024
592,172,4.180555555555555
592,342,2.880952380952381
592,1082,2.5
592,193,3.9411764705882355
592,99,3.7372262773722627
592,249,3.303030303030303
592,591,3.6
592,287,3.5357142857142856
592,971,3.769230769230769
592,1047,2.892857142857143
592,180,4.0
592,238,3.8309178743961354
592,263,2.2941176470588234
592,24,3.4135338345864663
592,69,3.8832684824902723
592,789,3.6216216216216215
592,358,2.607142857142857
592,754,3.3541666666666665
592,347,3.49
592,174,4.247787610619469
592,886,3.024390243902439
592,1142,4.166666666666667
592,195,3.9402390438247012
592,185,4.101063829787234
592,762,3.391304347826087
592,1166,3.2
592,116,3.78
592,750,3.8333333333333335
592,952,3.2285714285714286
592,534,3.3
592,96,4.018099547511312
592,7,3.801302931596091
592,289,2.9651741293532337
592,887,3.56
592,589,4.0
592,854,3.090909090909091
592,258,3.7814070351758793
592,147,3.4503311258278146
592,853,3.909090909090909
592,1184,2.4285714285714284
592,268,3.81025641025641
592,189,4.078431372549019
592,1620,3.4285714285714284
592,484,4.151785714285714
592,652,3.9027777777777777
592,1079,2.303030303030303
592,15,3.8026315789473686
592,132,4.043010752688172
592,148,3.2395833333333335
592,1281,3.3333333333333335
592,328,3.3958333333333335
592,1023,2.6153846153846154
592,248,3.611940298507463
592,752,3.25
592,198,3.989795918367347
592,312,3.28125
592,483,4.5
592,1199,2.588235294117647
592,334,3.340909090909091
592,223,4.153153153153153
592,222,3.6254180602006687
592,325,2.4081632653061225
592,336,2.5
592,988,2.3333333333333335
592,1025,2.9696969696969697
592,303,3.6944444444444446
592,533,3.5833333333333335
592,215,3.674698795180723
592,261,2.5
592,22,4.162393162393163
593,5,3.318840579710145
593,210,3.9578544061302683
593,284,3.1824324324324325
593,591,3.6
593,1014,3.1333333333333333
593,161,3.5388888888888888
593,282,3.6758241758241756
593,144,3.8757062146892656
593,97,3.8097560975609754
593,283,3.75
593,285,4.2204724409448815
593,417,3.087719298245614
593,173,4.15625
593,50,4.347438752783964
593,83,4.0647482014388485
593,118,3.2266666666666666
593,977,2.789473684210526
593,15,3.8026315789473686
593,122,2.3493975903614457
593,181,4.027093596059113
593,597,3.1412429378531073
593,742,3.677570093457944
593,111,3.506787330316742
593,200,3.7470588235294118
593,155,3.0125
593,723,3.2142857142857144
593,661,4.097222222222222
593,158,2.673469387755102
593,655,3.8722222222222222
593,40,2.857142857142857
593,8,4.011363636363637
593,866,3.303030303030303
594,222,3.6254180602006687
594,319,3.2301587301587302
594,242,4.065217391304348
594,127,4.312693498452012
594,988,2.3333333333333335
595,291,3.392156862745098
595,1134,3.34375
595,815,3.21978021978022
595,410,3.076923076923077
595,845,3.4779411764705883
595,844,3.3636363636363638
595,986,2.5789473684210527
595,129,3.88659793814433
595,274,3.4482758620689653
595,369,2.477272727272727
595,15,3.8026315789473686
595,1094,2.6666666666666665
595,50,4.347438752783964
595,871,2.2982456140350878
595,475,3.910994764397906
595,544,3.16
595,111,3.506787330316742
595,922,3.7857142857142856
595,928,3.225
595,762,3.391304347826087
596,328,3.3958333333333335
596,258,3.7814070351758793
596,300,3.6176470588235294
596,222,3.6254180602006687
597,275,3.9904306220095696
597,242,4.065217391304348
597,286,3.661498708010336
597,250,3.4551282051282053
597,294,3.112947658402204
597,298,3.7642857142857142
597,283,3.75
597,1016,3.4434782608695653
597,235,2.7873563218390807
598,750,3.8333333333333335
598,258,3.7814070351758793
598,269,3.9486166007905137
598,300,3.6176470588235294
598,323,2.918918918918919
599,1048,3.066666666666667
599,471,3.66120218579235
599,975,3.2058823529411766
599,888,3.6363636363636362
599,988,2.3333333333333335
599,595,3.1176470588235294
599,274,3.4482758620689653
599,928,3.225
599,866,3.303030303030303
599,120,2.3333333333333335
600,269,3.9486166007905137
600,449,3.0652173913043477
600,82,3.7156398104265405
600,562,3.289473684210526
600,184,3.4545454545454546
600,373,2.84375
600,229,3.0597014925373136
600,779,2.4166666666666665
600,231,2.6576576576576576
600,1188,2.657142857142857
600,578,3.116883116883117
600,568,3.64021164021164
600,2,3.18
600,177,3.926605504587156
600,771,2.75
600,11,3.8743718592964824
600,241,3.5
600,435,3.9171597633136095
601,178,4.346938775510204
601,118,3.2266666666666666
601,365,3.275
601,740,3.595744680851064
601,157,3.696078431372549
601,699,3.6875
601,222,3.6254180602006687
601,156,3.865546218487395
601,482,3.970873786407767
601,934,2.9
601,96,4.018099547511312
601,239,3.5294117647058822
601,475,3.910994764397906
601,1084,3.7333333333333334
601,949,3.3793103448275863
601,479,4.222222222222222
601,58,3.6808510638297873
601,198,3.989795918367347
601,228,3.8
601,418,3.609090909090909
601,168,4.081967213114754
601,928,3.225
601,1540,2.888888888888889
601,210,3.9578544061302683
601,123,3.2065217391304346
601,1047,2.892857142857143
601,208,3.9554140127388533
601,416,3.404255319148936
601,324,3.0721649484536084
601,131,3.717948717948718
602,181,4.027093596059113
602,121,3.4656716417910447
602,125,3.5255102040816326
602,871,2.2982456140350878
602,117,3.633986928104575
602,748,3.0784313725490198
603,751,3.4630872483221475
603,210,3.9578544061302683
603,176,3.9624413145539905
603,222,3.6254180602006687
603,294,3.112947658402204
603,474,4.2405063291139244
603,174,4.247787610619469
603,227,3.184
603,173,4.15625
603,100,4.174242424242424
604,127,4.312693498452012
604,164,3.563025210084034
604,100,4.174242424242424
604,448,3.449275362318841
604,218,3.437037037037037
604,98,4.283018867924528
605,260,2.6021505376344085
605,126,3.7948717948717947
605,252,3.032520325203252
605,64,4.44
605,22,4.162393162393163
605,318,4.437768240343348
605,300,3.6176470588235294
605,827,2.7560975609756095
605,582,3.648854961832061
605,526,3.8876404494382024
605,531,3.9405940594059405
605,754,3.3541666666666665
605,174,4.247787610619469
605,245,3.1036269430051813
605,934,2.9
605,930,2.6
605,1,3.900804289544236
605,70,3.6381909547738696
606,97,3.8097560975609754
606,187,4.208588957055214
606,257,3.758771929824561
606,203,3.830188679245283
606,405,3.286764705882353
606,71,3.847058823529412
606,8,4.011363636363637
606,939,3.5918367346938775
606,588,3.75
606,234,3.751152073732719
606,175,3.8523489932885906
606,64,4.44
606,333,3.59
606,628,3.4964028776978417
606,546,3.0634146341463415
606,647,4.05
606,924,3.388059701492537
606,31,3.6495726495726495
606,204,3.8333333333333335
606,549,3.5294117647058822
606,183,4.004464285714286
606,265,3.840909090909091
606,38,2.941747572815534
606,83,4.0647482014388485
606,844,3.3636363636363638
606,833,3.2432432432432434
606,475,3.910994764397906
606,746,3.65625
606,28,3.935185185185185
606,81,3.5421686746987953
606,423,3.782258064516129
606,153,3.77720207253886
606,1199,2.588235294117647
606,22,4.162393162393163
606,144,3.8757062146892656
606,951,2.857142857142857
606,156,3.865546218487395
606,168,4.081967213114754
606,88,3.6011904761904763
606,284,3.1824324324324325
606,1039,4.069444444444445
606,471,3.66120218579235
606,150,3.8125
606,827,2.7560975609756095
606,273,3.596774193548387
606,50,4.347438752783964
606,15,3.8026315789473686
606,507,3.8333333333333335
607,137,3.8840579710144927
607,56,4.019047619047619
607,485,3.9183673469387754
607,887,3.56
607,855,3.68
607,494,3.975
607,107,3.4571428571428573
607,528,4.159574468085107
608,357,4.330188679245283
608,1119,3.625
608,489,4.051282051282051
608,92,3.617283950617284
608,9,3.8821138211382116
608,742,3.677570093457944
608,568,3.64021164021164
608,462,3.810344827586207
608,306,4.0
608,327,3.466666666666667
608,475,3.910994764397906
608,196,3.9170731707317072
608,168,4.081967213114754
608,28,3.935185185185185
608,848,3.1666666666666665
608,673,3.5211267605633805
608,337,3.0
608,56,4.019047619047619
608,509,3.923076923076923
608,340,3.5517241379310347
608,480,4.302158273381295
608,1172,3.6666666666666665
608,275,3.9904306220095696
608,607,3.9411764705882355
608,611,4.076923076923077
608,131,3.717948717948718
608,1115,3.48
608,506,3.791044776119403
608,163,3.5211267605633805
608,549,3.5294117647058822
608,305,3.716417910447761
608,735,3.908256880733945
608,332,3.4601769911504423
609,538,3.36
609,1,3.900804289544236
609,313,4.269961977186312
609,908,2.533333333333333
609,287,3.5357142857142856
609,878,2.5
610,313,4.269961977186312
610,162,3.6
610,11,3.8743718592964824
610,751,3.4630872483221475
610,527,4.0064935064935066
610,607,3.9411764705882355
610,66,3.5671641791044775
610,606,4.017241379310345
610,98,4.283018867924528
610,315,4.104477611940299
610,419,3.627586206896552
610,8,4.011363636363637
610,480,4.302158273381295
610,272,4.261437908496732
610,210,3.9578544061302683
611,301,3.2604166666666665
611,340,3.5517241379310347
611,302,4.165938864628821
611,882,3.2
611,344,3.5869565217391304
611,354,3.456140350877193
611,305,3.716417910447761
611,299,3.0
611,269,3.9486166007905137
612,237,3.707395498392283
612,25,3.4148471615720526
612,147,3.4503311258278146
612,259,2.6929133858267718
612,878,2.5
612,118,3.2266666666666666
613,28,3.935185185185185
613,50,4.347438752783964
613,632,3.8222222222222224
613,471,3.66120218579235
613,435,3.9171597633136095
613,176,3.9624413145539905
614,122,2.3493975903614457
614,288,3.455764075067024
614,287,3.5357142857142856
614,294,3.112947658402204
614,121,3.4656716417910447
614,472,2.9844961240310077
614,1009,3.4468085106382977
614,410,3.076923076923077
615,22,4.162393162393163
615,527,4.0064935064935066
615,988,2.3333333333333335
615,69,3.8832684824902723
615,519,4.08955223880597
615,28,3.935185185185185
615,213,3.9541284403669725
615,209,3.8343949044585988
615,208,3.9554140127388533
615,638,3.810810810810811
615,582,3.648854961832061
615,13,3.361842105263158
615,732,3.6595744680851063
615,949,3.3793103448275863
615,87,3.847457627118644
615,83,4.0647482014388485
615,127,4.312693498452012
615,640,3.0161290322580645
615,14,4.0510948905109485
615,178,4.346938775510204
615,629,3.3275862068965516
616,316,4.137931034482759
616,349,2.8
616,303,3.6944444444444446
616,873,2.9545454545454546
616,343,3.0485436893203883
616,327,3.466666666666667
616,260,2.6021505376344085
616,750,3.8333333333333335
616,347,3.49
617,184,3.4545454545454546
617,443,3.801526717557252
617,860,2.7
617,288,3.455764075067024
617,313,4.269961977186312
617,98,4.283018867924528
617,192,4.080459770114943
617,436,3.576923076923077
617,855,3.68
617,667,2.2
617,242,4.065217391304348
617,563,2.5652173913043477
617,573,2.8260869565217392
617,440,1.4
617,519,4.08955223880597
617,217,3.077777777777778
617,670,3.04
617,136,4.193181818181818
617,345,3.4313725490196076
617,631,3.6288659793814433
617,668,1.75
617,219,3.202247191011236
618,318,4.437768240343348
618,458,3.2
618,660,3.7777777777777777
618,356,3.382716049382716
618,485,3.9183673469387754
618,65,3.5164835164835164
618,9,3.8821138211382116
618,49,3.3230769230769233
618,8,4.011363636363637
618,168,4.081967213114754
618,507,3.8333333333333335
618,7,3.801302931596091
618,959,3.52
618,633,4.127272727272727
618,15,3.8026315789473686
618,597,3.1412429378531073
618,713,3.509433962264151
618,705,4.048543689320389
618,588,3.75
618,214,3.3636363636363638
618,25,3.4148471615720526
618,11,3.8743718592964824
618,192,4.080459770114943
618,52,3.7901234567901234
618,1032,3.1
618,432,3.6546762589928057
618,419,3.627586206896552
618,746,3.65625
618,275,3.9904306220095696
618,71,3.847058823529412
618,385,3.5773809523809526
618,433,3.7071428571428573
618,151,3.612403100775194
618,96,4.018099547511312
618,121,3.4656716417910447
618,1063,3.7058823529411766
618,421,3.6
618,755,3.2987012987012987
618,1221,3.59375
618,164,3.563025210084034
618,966,4.2
618,181,4.027093596059113
618,576,3.0136986301369864
618,778,3.5223880597014925
619,750,3.8333333333333335
619,195,3.9402390438247012
619,226,3.352
619,233,3.349514563106796
619,50,4.347438752783964
619,809,2.823529411764706
619,406,2.409090909090909
619,1314,2.3333333333333335
619,53,2.951923076923077
619,391,2.66
619,294,3.112947658402204
619,258,3.7814070351758793
619,405,3.286764705882353
619,183,4.004464285714286
619,849,2.6842105263157894
619,96,4.018099547511312
619,562,3.289473684210526
619,827,2.7560975609756095
620,99,3.7372262773722627
620,975,3.2058823529411766
620,138,2.4444444444444446
620,423,3.782258064516129
620,588,3.75
620,313,4.269961977186312
620,71,3.847058823529412
620,740,3.595744680851064
620,1480,2.2222222222222223
620,1219,2.8666666666666667
620,795,2.388888888888889
620,145,2.4074074074074074
620,452,2.5652173913043477
620,323,2.918918918918919
620,769,2.5625
620,1066,2.8333333333333335
620,969,3.838709677419355
620,834,2.1578947368421053
620,147,3.4503311258278146
620,379,2.9285714285714284
620,28,3.935185185185185
620,94,3.0275229357798166
621,451,3.389261744966443
621,420,3.739130434782609
621,1036,2.8636363636363638
621,423,3.782258064516129
621,88,3.6011904761904763
621,82,3.7156398104265405
621,625,3.3
621,151,3.612403100775194
621,404,3.72972972972973
621,298,3.7642857142857142
621,894,2.0
621,1,3.900804289544236
621,180,4.0
621,561,2.9318181818181817
621,53,2.951923076923077
621,25,3.4148471615720526
621,585,2.625
621,270,3.6019417475728157
621,455,3.242424242424242
621,208,3.9554140127388533
621,121,3.4656716417910447
621,804,2.7142857142857144
621,881,2.909090909090909
621,128,3.6041666666666665
621,395,2.6097560975609757
621,432,3.6546762589928057
621,383,2.08
621,96,4.018099547511312
621,109,3.480769230769231
621,393,3.4324324324324325
621,222,3.6254180602006687
621,125,3.5255102040816326
621,876,2.8157894736842106
621,542,2.4473684210526314
621,398,2.1666666666666665
622,472,2.9844961240310077
622,577,2.2285714285714286
622,795,2.388888888888889
622,1408,1.0
622,62,3.0816326530612246
622,405,3.286764705882353
622,586,2.5555555555555554
622,226,3.352
622,449,3.0652173913043477
622,79,4.056390977443609
622,161,3.5388888888888888
622,1231,2.3529411764705883
622,367,3.4375
622,4,3.5
622,98,4.283018867924528
622,496,4.087431693989071
622,1406,3.5
622,284,3.1824324324324325
622,29,2.627906976744186
622,769,2.5625
622,625,3.3
622,22,4.162393162393163
622,480,4.302158273381295
622,248,3.611940298507463
622,46,3.611111111111111
622,109,3.480769230769231
622,719,2.4782608695652173
622,28,3.935185185185185
622,240,2.7401574803149606
622,66,3.5671641791044775
622,404,3.72972972972973
622,298,3.7642857142857142
622,797,3.1666666666666665
622,679,2.9220779220779223
622,111,3.506787330316742
622,99,3.7372262773722627
622,153,3.77720207253886
622,106,2.9322033898305087
622,419,3.627586206896552
622,730,3.526315789473684
622,218,3.437037037037037
622,7,3.801302931596091
622,532,3.388888888888889
622,1074,2.935483870967742
622,1079,2.303030303030303
622,217,3.077777777777778
623,183,4.004464285714286
623,298,3.7642857142857142
623,258,3.7814070351758793
623,692,3.672
623,153,3.77720207253886
623,50,4.347438752783964
623,648,3.9166666666666665
623,211,3.9289940828402368
623,815,3.21978021978022
624,1010,3.2777777777777777
624,286,3.661498708010336
624,270,3.6019417475728157
624,269,3.9486166007905137
624,879,3.277227722772277
624,534,3.3
624,410,3.076923076923077
624,340,3.5517241379310347
624,235,2.7873563218390807
624,262,3.74
624,249,3.303030303030303
624,248,3.611940298507463
624,690,3.4227642276422765
624,246,3.943396226415094
624,845,3.4779411764705883
624,147,3.4503311258278146
624,14,4.0510948905109485
624,236,3.4857142857142858
624,312,3.28125
624,979,3.1923076923076925
624,288,3.455764075067024
624,508,3.585526315789474
624,117,3.633986928104575
624,924,3.388059701492537
624,273,3.596774193548387
624,763,3.4488188976377954
624,302,4.165938864628821
624,258,3.7814070351758793
624,455,3.242424242424242
625,433,3.7071428571428573
625,546,3.0634146341463415
625,195,3.9402390438247012
625,254,2.488372093023256
625,483,4.5
625,961,3.586206896551724
625,515,4.25
625,173,4.15625
625,408,4.482352941176471
625,678,2.8373493975903616
625,96,4.018099547511312
625,174,4.247787610619469
625,516,4.02
625,603,4.3602484472049685
625,169,4.462365591397849
625,739,3.3410852713178296
625,1020,3.962962962962963
625,91,3.5789473684210527
625,705,4.048543689320389
625,692,3.672
625,144,3.8757062146892656
625,216,3.9656652360515023
626,292,3.6179775280898876
626,294,3.112947658402204
626,272,4.261437908496732
626,324,3.0721649484536084
626,988,2.3333333333333335
626,336,2.5
626,289,2.9651741293532337
627,62,3.0816326530612246
627,237,3.707395498392283
627,729,3.403225806451613
627,177,3.926605504587156
627,685,3.375
627,523,4.0
627,233,3.349514563106796
627,802,2.566666666666667
627,849,2.6842105263157894
627,699,3.6875
627,1044,3.1875
627,77,3.2459016393442623
627,431,3.5041322314049586
627,33,3.45679012345679
627,89,4.173913043478261
627,1135,3.0
627,162,3.6
627,135,3.9665071770334928
627,276,3.7148936170212767
627,684,3.8
627,271,3.2569832402234637
627,697,3.3529411764705883
627,258,3.7814070351758793
627,434,3.8703703703703702
627,183,4.004464285714286
627,328,3.3958333333333335
627,92,3.617283950617284
627,526,3.8876404494382024
627,23,4.13375796178344
627,724,3.4464285714285716
627,435,3.9171597633136095
627,939,3.5918367346938775
627,520,4.1020408163265305
627,651,4.074324324324325
627,461,3.607142857142857
627,318,4.437768240343348
627,679,2.9220779220779223
628,332,3.4601769911504423
628,292,3.6179775280898876
628,326,3.335664335664336
628,302,4.165938864628821
628,270,3.6019417475728157
628,1025,2.9696969696969697
629,144,3.8757062146892656
629,381,3.5641025641025643
629,504,3.787878787878788
629,333,3.59
629,317,3.89010989010989
629,1038,2.5454545454545454
629,467,3.761904761904762
629,528,4.159574468085107
629,223,4.153153153153153
629,294,3.112947658402204
629,191,4.153153153153153
629,523,4.0
629,269,3.9486166007905137
629,12,4.408256880733945
629,197,4.077319587628866
629,284,3.1824324324324325
629,81,3.5421686746987953
629,193,3.9411764705882355
629,332,3.4601769911504423
629,7,3.801302931596091
629,709,3.9655172413793105
629,658,3.388059701492537
629,273,3.596774193548387
629,23,4.13375796178344
629,271,3.2569832402234637
630,465,3.701492537313433
630,1197,3.65625
630,930,2.6
630,409,3.1666666666666665
630,280,3.242424242424242
630,298,3.7642857142857142
630,12,4.408256880733945
630,9,3.8821138211382116
630,1055,3.375
630,595,3.1176470588235294
630,325,2.4081632653061225
630,272,4.261437908496732
630,191,4.153153153153153
630,64,4.44
630,717,2.859154929577465
630,71,3.847058823529412
630,742,3.677570093457944
630,546,3.0634146341463415
630,181,4.027093596059113
630,264,2.768292682926829
630,832,2.6315789473684212
630,172,4.180555555555555
631,307,3.524137931034483
631,310,3.559322033898305
631,288,3.455764075067024
631,334,3.340909090909091
632,1,3.900804289544236
632,845,3.4779411764705883
632,215,3.674698795180723
632,527,4.0064935064935066
632,566,3.633587786259542
632,228,3.8
632,22,4.162393162393163
632,877,2.6944444444444446
632,288,3.455764075067024
632,651,4.074324324324325
632,164,3.563025210084034
632,73,3.4909090909090907
632,591,3.6
632,276,3.7148936170212767
632,81,3.5421686746987953
632,55,3.7398373983739837
632,739,3.3410852713178296
632,68,3.3893805309734515
632,69,3.8832684824902723
632,100,4.174242424242424
632,176,3.9624413145539905
632,97,3.8097560975609754
632,693,3.6202531645569622
632,419,3.627586206896552
633,96,4.018099547511312
633,289,2.9651741293532337
633,526,3.8876404494382024
633,288,3.455764075067024
633,581,3.2448979591836733
633,94,3.0275229357798166
633,71,3.847058823529412
633,121,3.4656716417910447
633,110,2.625
633,82,3.7156398104265405
633,79,4.056390977443609
633,566,3.633587786259542
634,748,3.0784313725490198
634,515,4.25
634,411,2.962121212121212
634,1084,3.7333333333333334
634,275,3.9904306220095696
634,240,2.7401574803149606
634,1284,2.8095238095238093
634,118,3.2266666666666666
634,819,2.65625
634,408,4.482352941176471
634,1009,3.4468085106382977
634,281,3.111111111111111
634,293,3.841666666666667
634,273,3.596774193548387
634,458,3.2
634,9,3.8821138211382116
634,14,4.0510948905109485
634,628,3.4964028776978417
634,290,3.1875
634,106,2.9322033898305087
634,1197,3.65625
634,744,3.418918918918919
634,1008,3.3225806451612905
634,595,3.1176470588235294
634,100,4.174242424242424
634,269,3.9486166007905137
634,1049,2.5714285714285716
635,268,3.81025641025641
635,1025,2.9696969696969697
635,237,3.707395498392283
635,682,3.088607594936709
635,886,3.024390243902439
635,328,3.3958333333333335
635,688,1.7027027027027026
636,258,3.7814070351758793
636,740,3.595744680851064
636,9,3.8821138211382116
636,118,3.2266666666666666
637,121,3.4656716417910447
637,125,3.5255102040816326
637,596,3.326530612244898
637,282,3.6758241758241756
637,225,2.9431818181818183
637,117,3.633986928104575
637,127,4.312693498452012
637,151,3.612403100775194
637,124,4.092105263157895
637,471,3.66120218579235
637,931,2.0697674418604652
637,1028,3.0545454545454547
637,283,3.75
637,741,3.5217391304347827
637,338,2.5072463768115942
637,544,3.16
637,118,3.2266666666666666
637,275,3.9904306220095696
637,15,3.8026315789473686
637,591,3.6
637,147,3.4503311258278146
638,188,3.6783216783216783
638,144,3.8757062146892656
638,22,4.162393162393163
638,679,2.9220779220779223
638,211,3.9289940828402368
638,29,2.627906976744186
638,185,4.101063829787234
638,230,3.460122699386503
638,385,3.5773809523809526
638,187,4.208588957055214
638,685,3.375
638,510,4.041237113402062
638,455,3.242424242424242
638,96,4.018099547511312
639,692,3.672
639,510,4.041237113402062
639,116,3.78
639,786,2.75
639,98,4.283018867924528
639,651,4.074324324324325
639,216,3.9656652360515023
639,194,4.0473684210526315
639,512,3.978723404255319
639,724,3.4464285714285716
639,516,4.02
639,83,4.0647482014388485
639,526,3.8876404494382024
639,1163,2.6875
639,582,3.648854961832061
639,58,3.6808510638297873
639,513,4.362068965517241
639,487,4.037735849056604
639,19,4.018867924528302
639,283,3.75
639,88,3.6011904761904763
639,673,3.5211267605633805
639,662,3.5238095238095237
639,300,3.6176470588235294
639,792,3.734375
639,275,3.9904306220095696
639,471,3.66120218579235
639,740,3.595744680851064
639,59,4.125
639,958,3.8
640,92,3.617283950617284
640,214,3.3636363636363638
640,42,3.7796610169491527
640,385,3.5773809523809526
640,827,2.7560975609756095
640,1010,3.2777777777777777
640,428,3.8476190476190477
640,952,3.2285714285714286
640,169,4.462365591397849
640,70,3.6381909547738696
640,540,2.5
640,1073,3.7547169811320753
640,336,2.5
640,4,3.5
640,1228,2.4634146341463414
640,79,4.056390977443609
640,134,4.269938650306749
640,566,3.633587786259542
640,591,3.6
640,249,3.303030303030303
640,580,3.3461538461538463
640,1054,2.4
641,83,4.0647482014388485
641,192,4.080459770114943
641,427,4.287425149700598
641,50,4.347438752783964
641,124,4.092105263157895
641,89,4.173913043478261
641,198,3.989795918367347
641,336,2.5
642,541,2.880952380952381
642,365,3.275
642,65,3.5164835164835164
642,245,3.1036269430051813
642,441,2.55
642,969,3.838709677419355
642,571,2.4545454545454546
642,966,4.2
642,54,3.253012048192771
642,1011,3.26027397260274
642,63,2.9682539682539684
642,172,4.180555555555555
642,946,3.196078431372549
642,734,2.6
642,105,2.5238095238095237
642,4,3.5
642,97,3.8097560975609754
642,131,3.717948717948718
642,1058,3.5
642,110,2.625
642,931,2.0697674418604652
642,1136,3.4347826086956523
642,143,3.758426966292135
642,313,4.269961977186312
642,443,3.801526717557252
642,975,3.2058823529411766
642,815,3.21978021978022
642,575,2.611111111111111
642,210,3.9578544061302683
642,125,3.5255102040816326
642,2,3.18
642,496,4.087431693989071
642,699,3.6875
642,367,3.4375
642,1224,2.4444444444444446
642,452,2.5652173913043477
642,1032,3.1
642,568,3.64021164021164
642,1152,3.2916666666666665
642,862,1.9166666666666667
642,1033,2.6
642,746,3.65625
642,135,3.9665071770334928
642,89,4.173913043478261
642,399,3.3043478260869565
642,233,3.349514563106796
642,1473,3.3333333333333335
642,720,2.9833333333333334
642,80,2.6538461538461537
642,70,3.6381909547738696
642,400,2.6153846153846154
642,121,3.4656716417910447
642,1425,2.5714285714285716
642,216,3.9656652360515023
642,51,3.3448275862068964
642,148,3.2395833333333335
642,796,3.1153846153846154
642,1415,2.25
642,934,2.9
642,596,3.326530612244898
642,627,3.135593220338983
642,165,4.155555555555556
642,542,2.4473684210526314
642,28,3.935185185185185
643,630,3.380952380952381
643,685,3.375
643,356,3.382716049382716
643,29,2.627906976744186
643,47,3.584070796460177
643,144,3.8757062146892656
643,4,3.5
643,234,3.751152073732719
643,128,3.6041666666666665
643,674,2.810810810810811
643,77,3.2459016393442623
643,96,4.018099547511312
643,100,4.174242424242424
643,550,3.25
643,568,3.64021164021164
643,468,3.3125
643,546,3.0634146341463415
643,70,3.6381909547738696
643,185,4.101063829787234
643,508,3.585526315789474
643,114,4.396551724137931
643,603,4.3602484472049685
643,1139,2.7083333333333335
643,483,4.5
643,1221,3.59375
643,163,3.5211267605633805
643,521,3.776595744680851
643,1028,3.0545454545454547
643,262,3.74
643,24,3.4135338345864663
643,663,3.903225806451613
643,436,3.576923076923077
643,824,2.72972972972973
643,288,3.455764075067024
643,209,3.8343949044585988
643,56,4.019047619047619
643,845,3.4779411764705883
643,211,3.9289940828402368
643,194,4.0473684210526315
643,1098,3.7586206896551726
643,509,3.923076923076923
643,418,3.609090909090909
644,261,2.5
644,237,3.707395498392283
644,328,3.3958333333333335
644,1610,1.0
644,100,4.174242424242424
644,323,2.918918918918919
644,127,4.312693498452012
644,748,3.0784313725490198
644,293,3.841666666666667
645,512,3.978723404255319
645,660,3.7777777777777777
645,513,4.362068965517241
645,60,3.9615384615384617
645,173,4.15625
645,403,3.4394904458598727
645,181,4.027093596059113
645,214,3.3636363636363638
645,61,3.8666666666666667
645,69,3.8832684824902723
645,430,3.9305555555555554
645,191,4.153153153153153
645,56,4.019047619047619
645,194,4.0473684210526315
645,59,4.125
645,184,3.4545454545454546
645,50,4.347438752783964
645,653,3.9
645,96,4.018099547511312
645,209,3.8343949044585988
645,48,4.0625
645,81,3.5421686746987953
645,506,3.791044776119403
645,134,4.269938650306749
645,650,3.4545454545454546
646,352,2.15
646,286,3.661498708010336
646,892,2.7333333333333334
646,347,3.49
646,908,2.533333333333333
646,310,3.559322033898305
646,1022,3.3
646,313,4.269961977186312
647,88,3.6011904761904763
647,328,3.3958333333333335
647,29,2.627906976744186
647,604,3.96875
647,554,2.8369565217391304
647,588,3.75
647,231,2.6576576576576576
647,255,3.3175675675675675
647,237,3.707395498392283
647,177,3.926605504587156
647,742,3.677570093457944
647,496,4.087431693989071
648,49,3.3230769230769233
648,249,3.303030303030303
648,500,3.8
648,28,3.935185185185185
648,218,3.437037037037037
648,820,2.717948717948718
648,172,4.180555555555555
648,1030,2.375
648,484,4.151785714285714
648,122,2.3493975903614457
648,676,3.3484848484848486
648,633,4.127272727272727
648,167,2.981132075471698
648,230,3.460122699386503
648,931,2.0697674418604652
648,629,3.3275862068965516
648,143,3.758426966292135
648,405,3.286764705882353
648,252,3.032520325203252
648,635,2.9411764705882355
648,176,3.9624413145539905
648,14,4.0510948905109485
648,458,3.2
648,254,2.488372093023256
648,197,4.077319587628866
648,7,3.801302931596091
648,62,3.0816326530612246
648,926,2.697674418604651
648,385,3.5773809523809526
648,475,3.910994764397906
648,619,3.0980392156862746
648,231,2.6576576576576576
648,432,3.6546762589928057
648,210,3.9578544061302683
648,367,3.4375
648,105,2.5238095238095237
648,565,2.7
648,441,2.55
648,435,3.9171597633136095
648,566,3.633587786259542
648,399,3.3043478260869565
648,671,3.5526315789473686
648,181,4.027093596059113
648,443,3.801526717557252
648,586,2.5555555555555554
648,112,2.6470588235294117
648,477,3.1578947368421053
648,154,3.832167832167832
648,386,2.8028169014084505
648,83,4.0647482014388485
648,997,2.142857142857143
648,291,3.392156862745098
648,674,2.810810810810811
648,304,3.53781512605042
648,121,3.4656716417910447
648,1060,2.9393939393939394
648,1176,3.5
648,569,2.7017543859649122
648,17,3.1323529411764706
648,692,3.672
649,1244,2.8666666666666667
649,1283,2.6470588235294117
649,282,3.6758241758241756
649,323,2.918918918918919
649,121,3.4656716417910447
650,732,3.6595744680851063
650,135,3.9665071770334928
650,80,2.6538461538461537
650,527,4.0064935064935066
650,1247,2.25
650,23,4.13375796178344
650,620,3.1714285714285713
650,271,3.2569832402234637
650,179,3.956043956043956
650,153,3.77720207253886
650,257,3.758771929824561
650,235,2.7873563218390807
650,177,3.926605504587156
650,637,2.9393939393939394
650,269,3.9486166007905137
650,435,3.9171597633136095
650,1126,3.3684210526315788
650,657,4.235849056603773
650,315,4.104477611940299
650,25,3.4148471615720526
650,82,3.7156398104265405
650,417,3.087719298245614
650,2,3.18
650,211,3.9289940828402368
650,402,3.404109589041096
650,160,3.4545454545454546
650,809,2.823529411764706
650,644,3.838709677419355
650,174,4.247787610619469
650,969,3.838709677419355
650,141,3.491228070175439
650,206,3.3513513513513513
650,434,3.8703703703703702
650,223,4.153153153153153
650,210,3.9578544061302683
650,68,3.3893805309734515
650,451,3.389261744966443
650,187,4.208588957055214
650,1118,3.230769230769231
650,357,4.330188679245283
650,157,3.696078431372549
650,585,2.625
650,509,3.923076923076923
650,272,4.261437908496732
650,222,3.6254180602006687
650,355,3.0
650,71,3.847058823529412
650,715,3.111111111111111
650,528,4.159574468085107
650,444,2.823529411764706
650,679,2.9220779220779223
650,137,3.8840579710144927
650,1031,2.1666666666666665
650,188,3.6783216783216783
650,747,3.513157894736842
650,429,4.012987012987013
650,159,3.271604938271605
650,419,3.627586206896552
650,1050,3.6470588235294117
650,290,3.1875
650,218,3.437037037037037
650,597,3.1412429378531073
650,404,3.72972972972973
651,995,3.2
651,127,4.312693498452012
651,301,3.2604166666666665
651,327,3.466666666666667
651,116,3.78
652,288,3.455764075067024
652,879,3.277227722772277
652,395,2.6097560975609757
652,282,3.6758241758241756
652,125,3.5255102040816326
653,97,3.8097560975609754
653,232,3.2222222222222223
653,121,3.4656716417910447
653,520,4.1020408163265305
653,967,3.3
653,679,2.9220779220779223
653,393,3.4324324324324325
653,216,3.9656652360515023
653,300,3.6176470588235294
653,15,3.8026315789473686
653,518,3.7260273972602738
653,160,3.4545454545454546
653,94,3.0275229357798166
653,508,3.585526315789474
653,237,3.707395498392283
653,692,3.672
653,208,3.9554140127388533
653,257,3.758771929824561
653,674,2.810810810810811
653,1135,3.0
653,118,3.2266666666666666
653,233,3.349514563106796
653,152,3.5806451612903225
653,265,3.840909090909091
653,526,3.8876404494382024
653,28,3.935185185185185
653,164,3.563025210084034
653,476,3.0551181102362204
653,81,3.5421686746987953
653,194,4.0473684210526315
653,1028,3.0545454545454547
653,127,4.312693498452012
653,4,3.5
653,458,3.2
653,182,3.923076923076923
653,55,3.7398373983739837
653,719,2.4782608695652173
653,1087,1.7142857142857142
653,523,4.0
653,371,3.04
653,125,3.5255102040816326
653,597,3.1412429378531073
653,809,2.823529411764706
653,1042,3.227272727272727
653,228,3.8
653,1133,3.090909090909091
653,403,3.4394904458598727
653,563,2.5652173913043477
653,482,3.970873786407767
653,411,2.962121212121212
653,622,3.3125
653,214,3.3636363636363638
653,381,3.5641025641025643
653,63,2.9682539682539684
653,111,3.506787330316742
653,444,2.823529411764706
653,82,3.7156398104265405
654,146,2.5
654,218,3.437037037037037
654,926,2.697674418604651
654,147,3.4503311258278146
654,216,3.9656652360515023
654,689,3.1044776119402986
654,748,3.0784313725490198
654,283,3.75
654,143,3.758426966292135
654,742,3.677570093457944
654,1014,3.1333333333333333
654,121,3.4656716417910447
654,963,4.333333333333333
654,455,3.242424242424242
654,336,2.5
654,821,3.142857142857143
654,825,3.1194029850746268
654,294,3.112947658402204
654,204,3.8333333333333335
654,24,3.4135338345864663
654,71,3.847058823529412
654,169,4.462365591397849
654,172,4.180555555555555
654,332,3.4601769911504423
654,546,3.0634146341463415
654,288,3.455764075067024
654,468,3.3125
654,195,3.9402390438247012
654,70,3.6381909547738696
654,97,3.8097560975609754
655,228,3.8
655,1012,3.55
655,611,4.076923076923077
655,233,3.349514563106796
655,165,4.155555555555556
655,695,3.1
655,509,3.923076923076923
655,302,4.165938864628821
655,255,3.3175675675675675
655,1475,2.5
655,732,3.6595744680851063
655,644,3.838709677419355
655,324,3.0721649484536084
655,6,3.473684210526316
655,212,3.4743589743589745
655,1,3.900804289544236
655,645,3.727272727272727
655,950,2.8636363636363638
655,193,3.9411764705882355
655,417,3.087719298245614
655,628,3.4964028776978417
655,1197,3.65625
655,1629,5.0
655,1140,2.357142857142857
655,321,3.0942028985507246
655,1631,3.0
655,307,3.524137931034483
655,793,3.75
655,594,2.0
655,466,3.6444444444444444
655,785,3.206896551724138
655,1632,3.5261432572627136
655,149,2.8947368421052633
655,45,4.151515151515151
655,133,3.870503597122302
655,1167,3.6666666666666665
655,443,3.801526717557252
655,316,4.137931034482759
655,77,3.2459016393442623
655,806,3.5277777777777777
655,256,3.5714285714285716
655,411,2.962121212121212
655,87,3.847457627118644
655,764,2.9047619047619047
655,143,3.758426966292135
655,79,4.056390977443609
655,930,2.6
655,1256,1.5
655,283,3.75
655,1278,3.5833333333333335
655,1529,3.0
655,942,3.4054054054054053
655,210,3.9578544061302683
655,405,3.286764705882353
655,1628,4.0
655,1356,2.5
655,707,3.814814814814815
655,461,3.607142857142857
655,1252,3.1666666666666665
655,766,2.8
655,529,3.948717948717949
655,716,3.272727272727273
655,742,3.677570093457944
655,1647,3.5261432572627136
655,1375,3.5714285714285716
655,155,3.0125
655,258,3.7814070351758793
655,670,3.04
655,15,3.8026315789473686
655,385,3.5773809523809526
655,1135,3.0
655,38,2.941747572815534
655,2,3.18
655,1368,3.4
655,55,3.7398373983739837
655,319,3.2301587301587302
655,636,3.283582089552239
655,566,3.633587786259542
655,219,3.202247191011236
655,93,3.835294117647059
655,692,3.672
655,960,3.1904761904761907
655,367,3.4375
655,269,3.9486166007905137
655,1061,3.0
655,972,3.0434782608695654
655,328,3.3958333333333335
655,534,3.3
655,237,3.707395498392283
655,874,3.129032258064516
655,251,4.342105263157895
655,387,3.314814814814815
655,966,4.2
655,1099,3.3636363636363638
655,196,3.9170731707317072
655,1147,3.764705882352941
655,1532,2.0
655,517,3.6666666666666665
655,914,2.4285714285714284
655,211,3.9289940828402368
655,427,4.287425149700598
655,1118,3.230769230769231
655,97,3.8097560975609754
655,751,3.4630872483221475
655,22,4.162393162393163
655,581,3.2448979591836733
655,1266,3.0
655,58,3.6808510638297873
655,1273,3.1
655,250,3.4551282051282053
655,1063,3.7058823529411766
655,975,3.2058823529411766
655,1082,2.5
655,685,3.375
655,995,3.2
655,1600,4.5
655,372,3.576923076923077
655,1642,5.0
655,927,3.0
655,312,3.28125
655,1448,3.0
655,1014,3.1333333333333333
655,1067,3.4324324324324325
655,1009,3.4468085106382977
655,66,3.5671641791044775
655,1281,3.3333333333333335
655,124,4.092105263157895
655,953,3.4444444444444446
655,1639,4.5
655,382,3.5555555555555554
655,57,3.8666666666666667
655,863,4.285714285714286
655,1267,3.08
655,640,3.0161290322580645
655,159,3.271604938271605
655,772,3.075
655,188,3.6783216783216783
656,302,4.165938864628821
656,896,3.7948717948717947
656,269,3.9486166007905137
656,270,3.6019417475728157
656,272,4.261437908496732
657,109,3.480769230769231
657,9,3.8821138211382116
657,340,3.5517241379310347
657,151,3.612403100775194
657,300,3.6176470588235294
657,628,3.4964028776978417
658,9,3.8821138211382116
658,129,3.88659793814433
658,919,3.730769230769231
658,772,3.075
658,510,4.041237113402062
658,171,3.8703703703703702
658,50,4.347438752783964
658,844,3.3636363636363638
658,318,4.437768240343348
658,429,4.012987012987013
658,195,3.9402390438247012
658,7,3.801302931596091
658,137,3.8840579710144927
658,42,3.7796610169491527
658,408,4.482352941176471
659,70,3.6381909547738696
659,649,3.3947368421052633
659,175,3.8523489932885906
659,431,3.5041322314049586
659,210,3.9578544061302683
659,197,4.077319587628866
659,604,3.96875
659,315,4.104477611940299
659,402,3.404109589041096
659,96,4.018099547511312
659,181,4.027093596059113
659,183,4.004464285714286
659,82,3.7156398104265405
659,566,3.633587786259542
659,569,2.7017543859649122
659,942,3.4054054054054053
659,66,3.5671641791044775
659,211,3.9289940828402368
659,1021,3.8333333333333335
659,603,4.3602484472049685
659,855,3.68
659,642,3.5416666666666665
659,49,3.3230769230769233
659,7,3.801302931596091
659,469,3.7735849056603774
659,705,4.048543689320389
659,79,4.056390977443609
659,153,3.77720207253886
659,58,3.6808510638297873
659,670,3.04
659,636,3.283582089552239
659,1064,4.0
659,794,3.6666666666666665
659,419,3.627586206896552
659,675,3.4285714285714284
659,88,3.6011904761904763
659,218,3.437037037037037
659,517,3.6666666666666665
659,601,4.166666666666667
660,349,2.8
660,946,3.196078431372549
660,496,4.087431693989071
660,216,3.9656652360515023
660,800,2.789473684210526
660,742,3.677570093457944
660,640,3.0161290322580645
660,168,4.081967213114754
660,1,3.900804289544236
660,385,3.5773809523809526
660,230,3.460122699386503
660,546,3.0634146341463415
660,183,4.004464285714286
660,1178,2.5555555555555554
660,243,2.3823529411764706
660,774,2.814814814814815
660,164,3.563025210084034
660,201,3.52
660,91,3.5789473684210527
660,207,3.8823529411764706
660,215,3.674698795180723
660,139,2.761904761904762
660,316,4.137931034482759
660,313,4.269961977186312
660,559,3.1826086956521737
660,1139,2.7083333333333335
660,786,2.75
660,257,3.758771929824561
660,462,3.810344827586207
660,238,3.8309178743961354
660,161,3.5388888888888888
660,8,4.011363636363637
660,826,2.557377049180328
660,41,3.2
660,120,2.3333333333333335
660,195,3.9402390438247012
660,679,2.9220779220779223
660,1135,3.0
660,22,4.162393162393163
660,17,3.1323529411764706
660,210,3.9578544061302683
660,153,3.77720207253886
660,249,3.303030303030303
660,301,3.2604166666666665
660,281,3.111111111111111
661,274,3.4482758620689653
661,145,2.4074074074074074
661,258,3.7814070351758793
661,71,3.847058823529412
661,183,4.004464285714286
661,165,4.155555555555556
661,709,3.9655172413793105
661,304,3.53781512605042
661,294,3.112947658402204
661,173,4.15625
661,433,3.7071428571428573
661,185,4.101063829787234
661,568,3.64021164021164
661,222,3.6254180602006687
661,496,4.087431693989071
661,8,4.011363636363637
661,189,4.078431372549019
661,237,3.707395498392283
661,175,3.8523489932885906
661,31,3.6495726495726495
661,191,4.153153153153153
661,168,4.081967213114754
661,443,3.801526717557252
661,423,3.782258064516129
661,676,3.3484848484848486
662,515,4.25
662,6,3.473684210526316
662,10,3.9295774647887325
662,285,4.2204724409448815
662,1380,2.4
663,268,3.81025641025641
663,235,2.7873563218390807
663,273,3.596774193548387
663,895,3.0853658536585367
663,597,3.1412429378531073
663,300,3.6176470588235294
663,282,3.6758241758241756
663,603,4.3602484472049685
663,1009,3.4468085106382977
663,42,3.7796610169491527
663,1017,3.263157894736842
663,287,3.5357142857142856
663,1086,3.25
663,710,3.5714285714285716
663,1,3.900804289544236
663,619,3.0980392156862746
663,628,3.4964028776978417
663,928,3.225
663,9,3.8821138211382116
663,762,3.391304347826087
663,833,3.2432432432432434
663,845,3.4779411764705883
663,1324,3.0
663,56,4.019047619047619
663,259,2.6929133858267718
663,405,3.286764705882353
663,975,3.2058823529411766
663,544,3.16
663,455,3.242424242424242
663,25,3.4148471615720526
663,1059,2.8518518518518516
663,475,3.910994764397906
664,660,3.7777777777777777
664,175,3.8523489932885906
664,449,3.0652173913043477
664,636,3.283582089552239
664,514,3.880281690140845
664,481,3.92
664,611,4.076923076923077
664,159,3.271604938271605
664,64,4.44
664,100,4.174242424242424
664,764,2.9047619047619047
664,480,4.302158273381295
664,69,3.8832684824902723
664,425,3.7941176470588234
664,4,3.5
664,479,4.222222222222222
664,182,3.923076923076923
664,160,3.4545454545454546
664,31,3.6495726495726495
664,1109,3.238095238095238
664,12,4.408256880733945
664,513,4.362068965517241
664,192,4.080459770114943
664,134,4.269938650306749
664,627,3.135593220338983
664,805,3.652173913043478
664,45,4.151515151515151
664,732,3.6595744680851063
664,408,4.482352941176471
664,121,3.4656716417910447
664,56,4.019047619047619
664,174,4.247787610619469
664,151,3.612403100775194
664,83,4.0647482014388485
665,56,4.019047619047619
665,475,3.910994764397906
665,294,3.112947658402204
665,687,2.34
665,369,2.477272727272727
665,154,3.832167832167832
665,527,4.0064935064935066
665,307,3.524137931034483
665,684,3.8
665,240,2.7401574803149606
665,476,3.0551181102362204
665,866,3.303030303030303
665,7,3.801302931596091
665,660,3.7777777777777777
665,185,4.101063829787234
665,274,3.4482758620689653
665,239,3.5294117647058822
665,546,3.0634146341463415
665,191,4.153153153153153
665,210,3.9578544061302683
665,471,3.66120218579235
665,92,3.617283950617284
665,535,3.159090909090909
665,411,2.962121212121212
665,432,3.6546762589928057
665,50,4.347438752783964
665,483,4.5
665,31,3.6495726495726495
665,126,3.7948717948717947
666,179,3.956043956043956
666,924,3.388059701492537
666,108,3.036363636363636
666,1110,2.8461538461538463
666,430,3.9305555555555554
666,699,3.6875
666,478,4.116279069767442
666,12,4.408256880733945
666,129,3.88659793814433
666,318,4.437768240343348
666,245,3.1036269430051813
666,79,4.056390977443609
666,507,3.8333333333333335
666,195,3.9402390438247012
666,64,4.44
666,186,3.86
666,1045,3.1052631578947367
666,582,3.648854961832061
666,4,3.5
666,196,3.9170731707317072
666,293,3.841666666666667
666,116,3.78
666,111,3.506787330316742
666,81,3.5421686746987953
666,213,3.9541284403669725
666,210,3.9578544061302683
666,183,4.004464285714286
666,492,3.8297872340425534
666,269,3.9486166007905137
666,525,3.9508196721311477
666,506,3.791044776119403
666,474,4.2405063291139244
666,410,3.076923076923077
666,655,3.8722222222222222
666,97,3.8097560975609754
666,23,4.13375796178344
666,656,3.945945945945946
666,654,4.061946902654867
666,505,3.8846153846153846
666,381,3.5641025641025643
666,436,3.576923076923077
666,333,3.59
666,1451,4.2
666,124,4.092105263157895
666,650,3.4545454545454546
666,729,3.403225806451613
666,603,4.3602484472049685
666,591,3.6
666,642,3.5416666666666665
667,69,3.8832684824902723
667,487,4.037735849056604
667,1101,3.711864406779661
667,137,3.8840579710144927
667,272,4.261437908496732
667,168,4.081967213114754
667,210,3.9578544061302683
667,275,3.9904306220095696
667,301,3.2604166666666665
667,316,4.137931034482759
668,328,3.3958333333333335
668,596,3.326530612244898
668,347,3.49
668,50,4.347438752783964
668,358,2.607142857142857
668,13,3.361842105263158
668,97,3.8097560975609754
668,403,3.4394904458598727
668,538,3.36
668,302,4.165938864628821
669,183,4.004464285714286
669,290,3.1875
669,118,3.2266666666666666
669,347,3.49
669,172,4.180555555555555
669,192,4.080459770114943
669,313,4.269961977186312
669,483,4.5
669,511,4.157894736842105
669,603,4.3602484472049685
669,216,3.9656652360515023
669,151,3.612403100775194
669,132,4.043010752688172
669,898,3.28
669,490,3.9761904761904763
669,205,3.9572649572649574
669,654,4.061946902654867
669,168,4.081967213114754
669,357,4.330188679245283
669,647,4.05
670,144,3.8757062146892656
670,659,4.087912087912088
670,484,4.151785714285714
670,945,4.0
670,515,4.25
670,96,4.018099547511312
670,482,3.970873786407767
670,651,4.074324324324325
670,603,4.3602484472049685
670,611,4.076923076923077
671,288,3.455764075067024
671,553,3.2222222222222223
671,29,2.627906976744186
671,184,3.4545454545454546
671,298,3.7642857142857142
671,257,3.758771929824561
671,597,3.1412429378531073
671,1303,2.1333333333333333
671,559,3.1826086956521737
671,455,3.242424242424242
671,684,3.8
671,379,2.9285714285714284
671,174,4.247787610619469
671,82,3.7156398104265405
671,685,3.375
671,96,4.018099547511312
671,123,3.2065217391304346
671,226,3.352
671,1597,3.6666666666666665
671,452,2.5652173913043477
671,576,3.0136986301369864
671,550,3.25
671,546,3.0634146341463415
671,89,4.173913043478261
671,11,3.8743718592964824
672,25,3.4148471615720526
672,321,3.0942028985507246
672,931,2.0697674418604652
672,815,3.21978021978022
672,281,3.111111111111111
672,127,4.312693498452012
673,310,3.559322033898305
673,528,4.159574468085107
673,303,3.6944444444444446
673,268,3.81025641025641
673,326,3.335664335664336
673,321,3.0942028985507246
673,896,3.7948717948717947
674,252,3.032520325203252
674,597,3.1412429378531073
674,125,3.5255102040816326
674,323,2.918918918918919
674,127,4.312693498452012
674,117,3.633986928104575
674,539,2.433333333333333
674,304,3.53781512605042
674,1197,3.65625
675,272,4.261437908496732
675,86,3.928
675,650,3.4545454545454546
675,303,3.6944444444444446
675,1007,4.0588235294117645
675,1255,2.8
675,305,3.716417910447761
676,64,4.44
676,993,3.5925925925925926
676,1234,2.5
676,751,3.4630872483221475
676,948,2.210526315789474
676,222,3.6254180602006687
676,258,3.7814070351758793
676,879,3.277227722772277
676,326,3.335664335664336
676,328,3.3958333333333335
676,114,4.396551724137931
676,169,4.462365591397849
676,916,3.076923076923077
676,345,3.4313725490196076
676,352,2.15
676,682,3.088607594936709
677,678,2.8373493975903616
677,294,3.112947658402204
677,268,3.81025641025641
677,539,2.433333333333333
677,300,3.6176470588235294
677,471,3.66120218579235
677,7,3.801302931596091
677,455,3.242424242424242
677,457,1.7142857142857142
677,150,3.8125
678,222,3.6254180602006687
678,7,3.801302931596091
678,332,3.4601769911504423
678,276,3.7148936170212767
678,15,3.8026315789473686
678,277,3.4814814814814814
679,215,3.674698795180723
679,73,3.4909090909090907
679,288,3.455764075067024
679,286,3.661498708010336
679,8,4.011363636363637
679,432,3.6546762589928057
679,322,3.0994475138121547
679,121,3.4656716417910447
679,710,3.5714285714285716
679,173,4.15625
679,327,3.466666666666667
679,50,4.347438752783964
679,751,3.4630872483221475
680,143,3.758426966292135
680,98,4.283018867924528
680,150,3.8125
680,121,3.4656716417910447
680,15,3.8026315789473686
680,50,4.347438752783964
680,285,4.2204724409448815
680,815,3.21978021978022
681,259,2.6929133858267718
681,1105,3.066666666666667
681,538,3.36
681,294,3.112947658402204
681,539,2.433333333333333
682,684,3.8
682,41,3.2
682,51,3.3448275862068964
682,628,3.4964028776978417
682,582,3.648854961832061
682,774,2.814814814814815
682,248,3.611940298507463
682,1267,3.08
682,658,3.388059701492537
682,1074,2.935483870967742
682,282,3.6758241758241756
682,156,3.865546218487395
682,54,3.253012048192771
682,581,3.2448979591836733
682,62,3.0816326530612246
682,518,3.7260273972602738
682,27,3.0869565217391304
682,623,2.903225806451613
682,1093,3.235294117647059
682,75,2.3333333333333335
682,257,3.758771929824561
682,31,3.6495726495726495
682,542,2.4473684210526314
682,657,4.235849056603773
682,393,3.4324324324324325
682,268,3.81025641025641
682,737,3.0
682,276,3.7148936170212767
682,728,2.973684210526316
682,808,2.923076923076923
682,235,2.7873563218390807
682,849,2.6842105263157894
682,241,3.5
682,465,3.701492537313433
682,772,3.075
682,219,3.202247191011236
682,673,3.5211267605633805
682,66,3.5671641791044775
682,570,3.0697674418604652
682,196,3.9170731707317072
682,222,3.6254180602006687
682,29,2.627906976744186
682,1132,2.5714285714285716
682,87,3.847457627118644
682,73,3.4909090909090907
682,476,3.0551181102362204
682,89,4.173913043478261
682,122,2.3493975903614457
682,820,2.717948717948718
682,332,3.4601769911504423
682,11,3.8743718592964824
682,763,3.4488188976377954
682,1048,3.066666666666667
682,783,2.925925925925926
682,290,3.1875
682,687,2.34
682,333,3.59
682,591,3.6
682,58,3.6808510638297873
682,572,2.730769230769231
682,243,2.3823529411764706
682,1222,2.8333333333333335
682,1311,2.5384615384615383
682,167,2.981132075471698
682,56,4.019047619047619
682,553,3.2222222222222223
682,654,4.061946902654867
682,72,3.203883495145631
682,566,3.633587786259542
682,85,2.953488372093023
682,412,2.410958904109589
682,1135,3.0
682,576,3.0136986301369864
682,223,4.153153153153153
682,68,3.3893805309734515
682,385,3.5773809523809526
682,204,3.8333333333333335
682,191,4.153153153153153
682,144,3.8757062146892656
682,729,3.403225806451613
683,607,3.9411764705882355
683,272,4.261437908496732
683,301,3.2604166666666665
683,354,3.456140350877193
683,340,3.5517241379310347
683,900,3.911764705882353
683,286,3.661498708010336
683,321,3.0942028985507246
683,346,3.622448979591837
683,315,4.104477611940299
683,311,3.7333333333333334
683,268,3.81025641025641
683,325,2.4081632653061225
683,305,3.716417910447761
683,690,3.4227642276422765
684,8,4.011363636363637
684,742,3.677570093457944
684,716,3.272727272727273
684,118,3.2266666666666666
684,265,3.840909090909091
684,411,2.962121212121212
684,781,3.3333333333333335
684,395,2.6097560975609757
684,82,3.7156398104265405
684,756,2.857142857142857
684,710,3.5714285714285716
684,625,3.3
684,168,4.081967213114754
684,216,3.9656652360515023
684,210,3.9578544061302683
684,218,3.437037037037037
684,215,3.674698795180723
684,252,3.032520325203252
685,882,3.2
685,302,4.165938864628821
685,333,3.59
685,872,3.310344827586207
686,185,4.101063829787234
686,182,3.923076923076923
686,192,4.080459770114943
686,474,4.2405063291139244
686,178,4.346938775510204
686,56,4.019047619047619
686,208,3.9554140127388533
686,318,4.437768240343348
686,265,3.840909090909091
686,89,4.173913043478261
686,504,3.787878787878788
686,181,4.027093596059113
686,22,4.162393162393163
686,651,4.074324324324325
686,2,3.18
687,321,3.0942028985507246
687,319,3.2301587301587302
687,313,4.269961977186312
687,324,3.0721649484536084
687,749,3.1578947368421053
688,302,4.165938864628821
688,359,3.769230769230769
688,338,2.5072463768115942
688,879,3.277227722772277
688,307,3.524137931034483
689,260,2.6021505376344085
689,50,4.347438752783964
689,222,3.6254180602006687
689,879,3.277227722772277
689,763,3.4488188976377954
689,358,2.607142857142857
689,273,3.596774193548387
689,237,3.707395498392283
690,435,3.9171597633136095
690,120,2.3333333333333335
690,174,4.247787610619469
690,739,3.3410852713178296
690,163,3.5211267605633805
690,67,3.0588235294117645
690,90,3.1025641025641026
690,431,3.5041322314049586
690,705,4.048543689320389
690,89,4.173913043478261
690,154,3.832167832167832
690,127,4.312693498452012
690,722,2.9148936170212765
690,94,3.0275229357798166
690,210,3.9578544061302683
690,204,3.8333333333333335
690,73,3.4909090909090907
690,1041,3.142857142857143
690,197,4.077319587628866
690,237,3.707395498392283
690,451,3.389261744966443
690,649,3.3947368421052633
690,716,3.272727272727273
691,603,4.3602484472049685
691,178,4.346938775510204
691,56,4.019047619047619
691,227,3.184
691,294,3.112947658402204
691,1,3.900804289544236
691,604,3.96875
692,866,3.303030303030303
692,208,3.9554140127388533
692,762,3.391304347826087
692,1040,2.7058823529411766
692,127,4.312693498452012
692,1054,2.4
692,410,3.076923076923077
692,300,3.6176470588235294
693,1135,3.0
693,176,3.9624413145539905
693,591,3.6
693,655,3.8722222222222222
693,118,3.2266666666666666
693,654,4.061946902654867
693,1311,2.5384615384615383
693,132,4.043010752688172
693,88,3.6011904761904763
693,127,4.312693498452012
693,187,4.208588957055214
693,507,3.8333333333333335
693,483,4.5
693,185,4.101063829787234
693,131,3.717948717948718
693,546,3.0634146341463415
693,697,3.3529411764705883
693,211,3.9289940828402368
693,581,3.2448979591836733
693,230,3.460122699386503
693,729,3.403225806451613
693,528,4.159574468085107
693,130,2.473684210526316
693,192,4.080459770114943
693,99,3.7372262773722627
693,48,4.0625
693,449,3.0652173913043477
693,520,4.1020408163265305
693,197,4.077319587628866
693,135,3.9665071770334928
693,222,3.6254180602006687
694,641,4.214285714285714
694,519,4.08955223880597
694,199,4.180327868852459
694,230,3.460122699386503
694,82,3.7156398104265405
694,614,3.697674418604651
694,434,3.8703703703703702
694,419,3.627586206896552
694,530,4.064516129032258
694,499,3.843137254901961
694,657,4.235849056603773
694,97,3.8097560975609754
694,31,3.6495726495726495
694,132,4.043010752688172
694,468,3.3125
694,229,3.0597014925373136
694,226,3.352
694,185,4.101063829787234
694,356,3.382716049382716
694,435,3.9171597633136095
694,69,3.8832684824902723
694,187,4.208588957055214
694,665,2.775
694,663,3.903225806451613
694,654,4.061946902654867
694,427,4.287425149700598
694,429,4.012987012987013
694,357,4.330188679245283
694,692,3.672
694,584,3.5303030303030303
694,176,3.9624413145539905
694,603,4.3602484472049685
695,678,2.8373493975903616
695,995,3.2
695,313,4.269961977186312
695,302,4.165938864628821
695,323,2.918918918918919
695,319,3.2301587301587302
695,312,3.28125
695,887,3.56
696,1126,3.3684210526315788
696,427,4.287425149700598
696,347,3.49
696,883,3.2857142857142856
696,245,3.1036269430051813
696,9,3.8821138211382116
697,1022,3.3
697,237,3.707395498392283
697,742,3.677570093457944
697,294,3.112947658402204
697,886,3.024390243902439
697,713,3.509433962264151
697,286,3.661498708010336
697,122,2.3493975903614457
697,225,2.9431818181818183
697,975,3.2058823529411766
697,748,3.0784313725490198
697,252,3.032520325203252
697,107,3.4571428571428573
697,456,2.210526315789474
697,328,3.3958333333333335
697,273,3.596774193548387
697,295,3.4166666666666665
697,242,4.065217391304348
697,591,3.6
697,288,3.455764075067024
697,1047,2.892857142857143
698,507,3.8333333333333335
698,945,4.0
698,625,3.3
698,202,3.782051282051282
698,283,3.75
698,1149,3.8947368421052633
698,198,3.989795918367347
698,1020,3.962962962962963
698,258,3.7814070351758793
698,433,3.7071428571428573
698,28,3.935185185185185
698,153,3.77720207253886
698,257,3.758771929824561
698,486,3.9130434782608696
698,143,3.758426966292135
698,709,3.9655172413793105
698,496,4.087431693989071
698,89,4.173913043478261
698,134,4.269938650306749
698,199,4.180327868852459
698,190,4.175257731958763
698,275,3.9904306220095696
698,613,3.9545454545454546
698,230,3.460122699386503
698,168,4.081967213114754
698,497,3.8035714285714284
699,983,2.357142857142857
699,1163,2.6875
699,304,3.53781512605042
699,309,2.8846153846153846
699,1068,3.25
699,413,2.6
699,479,4.222222222222222
699,234,3.751152073732719
699,1013,2.257142857142857
699,7,3.801302931596091
699,929,2.735294117647059
699,1375,3.5714285714285716
699,405,3.286764705882353
699,749,3.1578947368421053
699,307,3.524137931034483
699,1328,3.25
699,70,3.6381909547738696
699,3,3.095890410958904
699,129,3.88659793814433
699,137,3.8840579710144927
699,870,2.75
699,930,2.6
699,95,3.8275862068965516
699,185,4.101063829787234
699,1057,2.25
699,14,4.0510948905109485
699,258,3.7814070351758793
699,1061,3.0
699,886,3.024390243902439
699,762,3.391304347826087
700,144,3.8757062146892656
700,96,4.018099547511312
700,423,3.782258064516129
700,73,3.4909090909090907
700,79,4.056390977443609
701,50,4.347438752783964
701,326,3.335664335664336
701,304,3.53781512605042
701,750,3.8333333333333335
701,124,4.092105263157895
701,289,2.9651741293532337
701,292,3.6179775280898876
702,350,3.193548387096774
702,227,3.184
702,222,3.6254180602006687
702,352,2.15
702,346,3.622448979591837
702,879,3.277227722772277
702,307,3.524137931034483
703,864,3.1449275362318843
703,748,3.0784313725490198
703,471,3.66120218579235
703,118,3.2266666666666666
703,764,2.9047619047619047
703,276,3.7148936170212767
703,25,3.4148471615720526
703,300,3.6176470588235294
703,1012,3.55
703,127,4.312693498452012
704,1299,2.8333333333333335
704,657,4.235849056603773
704,1296,3.210526315789474
704,603,4.3602484472049685
704,497,3.8035714285714284
704,134,4.269938650306749
704,22,4.162393162393163
704,679,2.9220779220779223
704,304,3.53781512605042
704,205,3.9572649572649574
704,210,3.9578544061302683
704,98,4.283018867924528
704,492,3.8297872340425534
704,432,3.6546762589928057
704,506,3.791044776119403
704,639,3.814814814814815
704,58,3.6808510638297873
704,191,4.153153153153153
705,684,3.8
705,554,2.8369565217391304
705,174,4.247787610619469
705,99,3.7372262773722627
705,89,4.173913043478261
705,96,4.018099547511312
705,720,2.9833333333333334
705,827,2.7560975609756095
705,15,3.8026315789473686
705,29,2.627906976744186
705,318,4.437768240343348
705,151,3.612403100775194
705,623,2.903225806451613
705,143,3.758426966292135
705,181,4.027093596059113
705,83,4.0647482014388485
705,229,3.0597014925373136
705,300,3.6176470588235294
705,62,3.0816326530612246
705,1035,3.19672131147541
705,298,3.7642857142857142
705,566,3.633587786259542
705,405,3.286764705882353
706,628,3.4964028776978417
706,7,3.801302931596091
706,125,3.5255102040816326
706,237,3.707395498392283
706,100,4.174242424242424
706,756,2.857142857142857
707,224,3.7222222222222223
707,216,3.9656652360515023
707,319,3.2301587301587302
707,279,3.25
707,170,4.13
707,419,3.627586206896552
707,1142,4.166666666666667
707,1018,3.1923076923076925
707,526,3.8876404494382024
707,663,3.903225806451613
707,1257,2.0
707,427,4.287425149700598
707,531,3.9405940594059405
707,221,3.71875
707,313,4.269961977186312
707,57,3.8666666666666667
707,160,3.4545454545454546
707,318,4.437768240343348
707,865,3.2222222222222223
707,694,4.142857142857143
707,162,3.6
707,420,3.739130434782609
707,638,3.810810810810811
707,705,4.048543689320389
707,172,4.180555555555555
707,1311,2.5384615384615383
707,640,3.0161290322580645
707,155,3.0125
707,345,3.4313725490196076
707,715,3.111111111111111
707,194,4.0473684210526315
707,479,4.222222222222222
707,702,3.0
707,718,3.642857142857143
707,1021,3.8333333333333335
707,903,3.066666666666667
707,124,4.092105263157895
707,527,4.0064935064935066
707,185,4.101063829787234
707,462,3.810344827586207
707,1628,4.0
707,1008,3.3225806451612905
707,1381,3.5
707,696,3.09375
707,168,4.081967213114754
707,167,2.981132075471698
707,716,3.272727272727273
707,921,4.0
708,873,2.9545454545454546
708,1023,2.6153846153846154
708,993,3.5925925925925926
708,294,3.112947658402204
708,628,3.4964028776978417
708,147,3.4503311258278146
708,15,3.8026315789473686
708,981,1.6
708,934,2.9
708,685,3.375
708,1051,3.1666666666666665
708,274,3.4482758620689653
708,1049,2.5714285714285716
708,276,3.7148936170212767
708,748,3.0784313725490198
708,284,3.1824324324324325
708,535,3.159090909090909
708,457,1.7142857142857142
708,1040,2.7058823529411766
708,690,3.4227642276422765
708,362,2.8181818181818183
709,265,3.840909090909091
709,145,2.4074074074074074
709,176,3.9624413145539905
709,849,2.6842105263157894
709,1188,2.657142857142857
709,550,3.25
709,233,3.349514563106796
709,508,3.585526315789474
709,739,3.3410852713178296
709,228,3.8
709,672,2.673076923076923
709,385,3.5773809523809526
709,578,3.116883116883117
709,727,3.375
709,250,3.4551282051282053
709,203,3.830188679245283
709,92,3.617283950617284
709,762,3.391304347826087
709,576,3.0136986301369864
709,230,3.460122699386503
709,825,3.1194029850746268
709,451,3.389261744966443
709,174,4.247787610619469
709,187,4.208588957055214
709,182,3.923076923076923
709,318,4.437768240343348
709,89,4.173913043478261
709,294,3.112947658402204
710,357,4.330188679245283
710,185,4.101063829787234
710,627,3.135593220338983
710,265,3.840909090909091
710,479,4.222222222222222
710,277,3.4814814814814814
710,299,3.0
710,318,4.437768240343348
710,116,3.78
710,182,3.923076923076923
710,874,3.129032258064516
710,192,4.080459770114943
710,418,3.609090909090909
710,333,3.59
710,64,4.44
710,501,3.5670103092783507
710,173,4.15625
710,887,3.56
711,969,3.838709677419355
711,185,4.101063829787234
711,48,4.0625
711,378,3.658536585365854
711,288,3.455764075067024
711,200,3.7470588235294118
711,272,4.261437908496732
711,248,3.611940298507463
711,186,3.86
711,49,3.3230769230769233
711,89,4.173913043478261
711,313,4.269961977186312
711,99,3.7372262773722627
711,707,3.814814814814815
711,230,3.460122699386503
711,218,3.437037037037037
711,715,3.111111111111111
711,97,3.8097560975609754
711,1074,2.935483870967742
711,699,3.6875
711,132,4.043010752688172
711,694,4.142857142857143
711,340,3.5517241379310347
711,923,4.2
711,432,3.6546762589928057
711,509,3.923076923076923
711,137,3.8840579710144927
711,116,3.78
711,204,3.8333333333333335
711,86,3.928
711,170,4.13
711,70,3.6381909547738696
711,82,3.7156398104265405
711,416,3.404255319148936
711,662,3.5238095238095237
711,741,3.5217391304347827
711,1466,3.3333333333333335
711,566,3.633587786259542
711,345,3.4313725490196076
711,114,4.396551724137931
711,723,3.2142857142857144
711,959,3.52
711,64,4.44
711,162,3.6
711,240,2.7401574803149606
712,486,3.9130434782608696
712,655,3.8722222222222222
712,378,3.658536585365854
712,40,2.857142857142857
712,746,3.65625
712,69,3.8832684824902723
712,143,3.758426966292135
712,722,2.9148936170212765
712,728,2.973684210526316
712,584,3.5303030303030303
712,842,2.9545454545454546
712,1074,2.935483870967742
712,1221,3.59375
712,568,3.64021164021164
712,724,3.4464285714285716
712,785,3.206896551724138
712,177,3.926605504587156
712,418,3.609090909090909
712,141,3.491228070175439
712,136,4.193181818181818
712,243,2.3823529411764706
712,588,3.75
712,95,3.8275862068965516
712,652,3.9027777777777777
712,49,3.3230769230769233
712,553,3.2222222222222223
712,94,3.0275229357798166
712,660,3.7777777777777777
712,1053,3.3333333333333335
712,38,2.941747572815534
712,692,3.672
712,423,3.782258064516129
712,174,4.247787610619469
713,752,3.25
713,1434,2.25
713,1431,3.0
713,342,2.880952380952381
713,539,2.433333333333333
713,270,3.6019417475728157
714,117,3.633986928104575
714,250,3.4551282051282053
714,1,3.900804289544236
714,871,2.2982456140350878
714,685,3.375
714,118,3.2266666666666666
714,1014,3.1333333333333333
714,181,4.027093596059113
714,100,4.174242424242424
715,926,2.697674418604651
715,1217,3.0
715,254,2.488372093023256
715,955,3.422222222222222
715,204,3.8333333333333335
715,111,3.506787330316742
715,228,3.8
715,176,3.9624413145539905
715,399,3.3043478260869565
715,549,3.5294117647058822
715,157,3.696078431372549
715,158,2.673469387755102
715,106,2.9322033898305087
715,101,3.25
715,250,3.4551282051282053
715,588,3.75
715,17,3.1323529411764706
715,746,3.65625
715,206,3.3513513513513513
715,182,3.923076923076923
715,288,3.455764075067024
715,735,3.908256880733945
715,743,1.8666666666666667
715,480,4.302158273381295
715,470,3.6704545454545454
715,196,3.9170731707317072
715,412,2.410958904109589
715,217,3.077777777777778
715,33,3.45679012345679
715,56,4.019047619047619
715,42,3.7796610169491527
715,231,2.6576576576576576
715,156,3.865546218487395
715,235,2.7873563218390807
716,740,3.595744680851064
716,127,4.312693498452012
716,603,4.3602484472049685
716,470,3.6704545454545454
716,428,3.8476190476190477
716,633,4.127272727272727
716,393,3.4324324324324325
716,168,4.081967213114754
716,498,4.24031007751938
716,423,3.782258064516129
716,609,3.519230769230769
716,605,3.4545454545454546
716,420,3.739130434782609
716,229,3.0597014925373136
716,673,3.5211267605633805
716,185,4.101063829787234
716,417,3.087719298245614
716,495,3.6153846153846154
716,64,4.44
716,399,3.3043478260869565
716,238,3.8309178743961354
716,199,4.180327868852459
716,294,3.112947658402204
716,173,4.15625
716,225,2.9431818181818183
716,1047,2.892857142857143
716,172,4.180555555555555
716,70,3.6381909547738696
716,357,4.330188679245283
716,190,4.175257731958763
716,211,3.9289940828402368
716,111,3.506787330316742
716,636,3.283582089552239
716,604,3.96875
716,468,3.3125
716,177,3.926605504587156
716,282,3.6758241758241756
716,489,4.051282051282051
716,481,3.92
716,615,4.023255813953488
716,180,4.0
716,630,3.380952380952381
716,202,3.782051282051282
716,48,4.0625
716,866,3.303030303030303
716,96,4.018099547511312
716,493,4.288888888888889
716,414,3.382978723404255
716,275,3.9904306220095696
716,956,3.5405405405405403
716,209,3.8343949044585988
716,483,4.5
716,178,4.346938775510204
716,72,3.203883495145631
717,280,3.242424242424242
717,282,3.6758241758241756
717,258,3.7814070351758793
717,100,4.174242424242424
717,546,3.0634146341463415
717,298,3.7642857142857142
717,246,3.943396226415094
717,130,2.473684210526316
717,476,3.0551181102362204
717,117,3.633986928104575
717,826,2.557377049180328
717,1137,3.782608695652174
717,846,3.025
717,678,2.8373493975903616
717,327,3.466666666666667
717,1282,3.142857142857143
717,125,3.5255102040816326
717,300,3.6176470588235294
717,7,3.801302931596091
718,756,2.857142857142857
718,926,2.697674418604651
718,591,3.6
718,982,2.8666666666666667
718,1047,2.892857142857143
718,717,2.859154929577465
718,405,3.286764705882353
718,255,3.3175675675675675
719,7,3.801302931596091
719,255,3.3175675675675675
719,220,3.240740740740741
719,214,3.3636363636363638
719,402,3.404109589041096
719,357,4.330188679245283
719,50,4.347438752783964
719,126,3.7948717948717947
719,582,3.648854961832061
719,282,3.6758241758241756
719,659,4.087912087912088
719,118,3.2266666666666666
719,216,3.9656652360515023
719,254,2.488372093023256
720,347,3.49
720,269,3.9486166007905137
720,872,3.310344827586207
720,302,4.165938864628821
720,902,3.7222222222222223
720,749,3.1578947368421053
721,684,3.8
721,174,4.247787610619469
721,942,3.4054054054054053
721,331,3.5698924731182795
721,15,3.8026315789473686
721,237,3.707395498392283
721,382,3.5555555555555554
721,1265,3.176470588235294
721,228,3.8
721,729,3.403225806451613
721,51,3.3448275862068964
721,327,3.466666666666667
721,64,4.44
721,294,3.112947658402204
721,216,3.9656652360515023
721,318,4.437768240343348
721,457,1.7142857142857142
721,715,3.111111111111111
721,1065,3.372093023255814
721,879,3.277227722772277
721,330,3.242424242424242
721,229,3.0597014925373136
721,69,3.8832684824902723
721,872,3.310344827586207
721,288,3.455764075067024
721,239,3.5294117647058822
721,56,4.019047619047619
721,286,3.661498708010336
721,194,4.0473684210526315
721,258,3.7814070351758793
721,1442,1.0
721,990,2.962962962962963
721,181,4.027093596059113
721,326,3.335664335664336
722,508,3.585526315789474
722,151,3.612403100775194
722,291,3.392156862745098
722,121,3.4656716417910447
722,546,3.0634146341463415
722,823,2.8472222222222223
722,13,3.361842105263158
722,307,3.524137931034483
722,118,3.2266666666666666
723,50,4.347438752783964
723,286,3.661498708010336
723,28,3.935185185185185
723,988,2.3333333333333335
723,748,3.0784313725490198
724,347,3.49
724,269,3.9486166007905137
724,750,3.8333333333333335
724,876,2.8157894736842106
724,245,3.1036269430051813
724,305,3.716417910447761
724,948,2.210526315789474
724,351,2.6666666666666665
724,879,3.277227722772277
724,331,3.5698924731182795
724,344,3.5869565217391304
724,938,2.761904761904762
724,690,3.4227642276422765
724,286,3.661498708010336
724,751,3.4630872483221475
724,300,3.6176470588235294
724,1105,3.066666666666667
725,245,3.1036269430051813
725,15,3.8026315789473686
725,321,3.0942028985507246
725,328,3.3958333333333335
725,264,2.768292682926829
726,1038,2.5454545454545454
726,355,3.0
726,1014,3.1333333333333333
726,323,2.918918918918919
726,257,3.758771929824561
727,546,3.0634146341463415
727,1016,3.4434782608695653
727,755,3.2987012987012987
727,483,4.5
727,168,4.081967213114754
727,392,3.6271186440677967
727,282,3.6758241758241756
727,181,4.027093596059113
727,552,2.8055555555555554
727,879,3.277227722772277
727,259,2.6929133858267718
727,831,2.4177215189873418
727,431,3.5041322314049586
727,982,2.8666666666666667
727,1411,2.6666666666666665
727,1042,3.227272727272727
727,208,3.9554140127388533
727,465,3.701492537313433
727,92,3.617283950617284
727,472,2.9844961240310077
727,122,2.3493975903614457
727,447,3.4081632653061225
727,765,2.888888888888889
727,1222,2.8333333333333335
727,24,3.4135338345864663
727,235,2.7873563218390807
727,117,3.633986928104575
727,227,3.184
727,173,4.15625
727,684,3.8
727,158,2.673469387755102
727,399,3.3043478260869565
727,197,4.077319587628866
727,154,3.832167832167832
727,111,3.506787330316742
727,635,2.9411764705882355
727,257,3.758771929824561
727,153,3.77720207253886
727,284,3.1824324324324325
727,1218,3.5238095238095237
727,627,3.135593220338983
727,841,2.710526315789474
727,100,4.174242424242424
727,1231,2.3529411764705883
727,294,3.112947658402204
727,1028,3.0545454545454547
727,1446,3.1538461538461537
727,42,3.7796610169491527
727,585,2.625
727,80,2.6538461538461537
727,260,2.6021505376344085
727,163,3.5211267605633805
727,470,3.6704545454545454
727,53,2.951923076923077
727,578,3.116883116883117
727,597,3.1412429378531073
727,771,2.75
727,775,2.85
727,252,3.032520325203252
727,810,2.875
727,779,2.4166666666666665
727,98,4.283018867924528
727,455,3.242424242424242
727,933,2.7058823529411766
727,566,3.633587786259542
728,282,3.6758241758241756
728,678,2.8373493975903616
728,1355,2.75
728,871,2.2982456140350878
728,286,3.661498708010336
728,319,3.2301587301587302
729,879,3.277227722772277
729,690,3.4227642276422765
729,288,3.455764075067024
729,901,1.5555555555555556
729,354,3.456140350877193
730,294,3.112947658402204
730,276,3.7148936170212767
730,742,3.677570093457944
730,121,3.4656716417910447
730,535,3.159090909090909
730,117,3.633986928104575
730,327,3.466666666666667
730,257,3.758771929824561
731,237,3.707395498392283
731,510,4.041237113402062
731,357,4.330188679245283
731,8,4.011363636363637
731,527,4.0064935064935066
731,195,3.9402390438247012
731,520,4.1020408163265305
731,204,3.8333333333333335
731,14,4.0510948905109485
731,945,4.0
731,720,2.9833333333333334
731,486,3.9130434782608696
731,1503,2.875
731,427,4.287425149700598
731,694,4.142857142857143
731,462,3.810344827586207
731,168,4.081967213114754
732,873,2.9545454545454546
732,304,3.53781512605042
732,243,2.3823529411764706
732,288,3.455764075067024
733,116,3.78
733,1132,2.5714285714285716
733,276,3.7148936170212767
733,1085,2.7777777777777777
733,1117,2.9166666666666665
733,220,3.240740740740741
733,1009,3.4468085106382977
733,10,3.9295774647887325
733,950,2.8636363636363638
733,274,3.4482758620689653
733,324,3.0721649484536084
733,458,3.2
733,127,4.312693498452012
733,149,2.8947368421052633
733,933,2.7058823529411766
733,237,3.707395498392283
733,20,3.4
733,14,4.0510948905109485
733,619,3.0980392156862746
733,151,3.612403100775194
733,544,3.16
733,281,3.111111111111111
734,191,4.153153153153153
734,274,3.4482758620689653
734,313,4.269961977186312
734,479,4.222222222222222
734,607,3.9411764705882355
734,166,4.153846153846154
734,282,3.6758241758241756
734,294,3.112947658402204
734,724,3.4464285714285716
734,821,3.142857142857143
734,172,4.180555555555555
734,283,3.75
734,419,3.627586206896552
735,289,2.9651741293532337
735,100,4.174242424242424
735,304,3.53781512605042
735,288,3.455764075067024
735,275,3.9904306220095696
735,258,3.7814070351758793
735,332,3.4601769911504423
735,283,3.75
735,676,3.3484848484848486
735,813,3.9574468085106385
735,93,3.835294117647059
736,323,2.918918918918919
736,748,3.0784313725490198
736,515,4.25
736,253,3.473684210526316
736,248,3.611940298507463
737,64,4.44
737,12,4.408256880733945
737,501,3.5670103092783507
737,474,4.2405063291139244
737,357,4.330188679245283
737,58,3.6808510638297873
737,428,3.8476190476190477
738,930,2.6
738,39,3.264705882352941
738,214,3.3636363636363638
738,916,3.076923076923077
738,193,3.9411764705882355
738,196,3.9170731707317072
738,69,3.8832684824902723
738,429,4.012987012987013
738,228,3.8
738,226,3.352
738,313,4.269961977186312
738,405,3.286764705882353
738,81,3.5421686746987953
738,234,3.751152073732719
738,175,3.8523489932885906
738,222,3.6254180602006687
738,271,3.2569832402234637
738,655,3.8722222222222222
738,117,3.633986928104575
738,109,3.480769230769231
738,100,4.174242424242424
738,298,3.7642857142857142
738,199,4.180327868852459
738,191,4.153153153153153
738,254,2.488372093023256
738,496,4.087431693989071
738,233,3.349514563106796
738,54,3.253012048192771
738,755,3.2987012987012987
738,95,3.8275862068965516
739,176,3.9624413145539905
739,96,4.018099547511312
739,751,3.4630872483221475
739,187,4.208588957055214
739,22,4.162393162393163
739,603,4.3602484472049685
739,1431,3.0
740,286,3.661498708010336
740,748,3.0784313725490198
740,288,3.455764075067024
740,326,3.335664335664336
741,1152,3.2916666666666665
741,228,3.8
741,582,3.648854961832061
741,401,2.796875
741,1029,1.7
741,79,4.056390977443609
741,121,3.4656716417910447
741,475,3.910994764397906
741,692,3.672
741,290,3.1875
741,151,3.612403100775194
741,88,3.6011904761904763
741,1090,2.5517241379310347
741,274,3.4482758620689653
741,173,4.15625
741,479,4.222222222222222
741,313,4.269961977186312
741,164,3.563025210084034
741,67,3.0588235294117645
741,1041,3.142857142857143
741,275,3.9904306220095696
742,1012,3.55
742,100,4.174242424242424
742,7,3.801302931596091
742,284,3.1824324324324325
742,508,3.585526315789474
742,250,3.4551282051282053
743,408,4.482352941176471
743,258,3.7814070351758793
743,297,4.025
743,259,2.6929133858267718
743,224,3.7222222222222223
743,301,3.2604166666666665
743,9,3.8821138211382116
744,1,3.900804289544236
744,28,3.935185185185185
744,302,4.165938864628821
744,50,4.347438752783964
744,9,3.8821138211382116
744,156,3.865546218487395
745,923,4.2
745,64,4.44
745,510,4.041237113402062
745,183,4.004464285714286
745,480,4.302158273381295
745,168,4.081967213114754
745,96,4.018099547511312
745,207,3.8823529411764706
745,1,3.900804289544236
745,302,4.165938864628821
745,492,3.8297872340425534
745,9,3.8821138211382116
746,566,3.633587786259542
746,455,3.242424242424242
746,176,3.9624413145539905
746,597,3.1412429378531073
746,62,3.0816326530612246
746,228,3.8
746,83,4.0647482014388485
746,229,3.0597014925373136
746,231,2.6576576576576576
746,523,4.0
746,578,3.116883116883117
746,720,2.9833333333333334
746,8,4.011363636363637
746,128,3.6041666666666665
747,190,4.175257731958763
747,1159,3.7
747,316,4.137931034482759
747,63,2.9682539682539684
747,1203,3.8666666666666667
747,584,3.5303030303030303
747,95,3.8275862068965516
747,475,3.910994764397906
747,82,3.7156398104265405
747,511,4.157894736842105
747,231,2.6576576576576576
747,56,4.019047619047619
747,1204,3.4285714285714284
747,279,3.25
747,1098,3.7586206896551726
747,488,4.196078431372549
747,29,2.627906976744186
747,390,3.1666666666666665
747,409,3.1666666666666665
747,154,3.832167832167832
747,313,4.269961977186312
747,989,2.9285714285714284
747,500,3.8
747,25,3.4148471615720526
747,494,3.975
747,223,4.153153153153153
747,302,4.165938864628821
747,178,4.346938775510204
747,505,3.8846153846153846
747,480,4.302158273381295
747,169,4.462365591397849
747,176,3.9624413145539905
747,479,4.222222222222222
747,485,3.9183673469387754
747,842,2.9545454545454546
747,524,4.0
747,93,3.835294117647059
747,521,3.776595744680851
747,14,4.0510948905109485
747,945,4.0
747,127,4.312693498452012
747,204,3.8333333333333335
747,695,3.1
747,887,3.56
747,865,3.2222222222222223
747,44,3.3174603174603177
747,526,3.8876404494382024
747,655,3.8722222222222222
747,835,4.083333333333333
747,153,3.77720207253886
747,199,4.180327868852459
747,588,3.75
747,663,3.903225806451613
747,172,4.180555555555555
747,650,3.4545454545454546
747,96,4.018099547511312
747,705,4.048543689320389
747,305,3.716417910447761
747,69,3.8832684824902723
748,528,4.159574468085107
748,56,4.019047619047619
748,199,4.180327868852459
748,495,3.6153846153846154
748,22,4.162393162393163
748,250,3.4551282051282053
748,517,3.6666666666666665
748,357,4.330188679245283
748,48,4.0625
748,144,3.8757062146892656
748,174,4.247787610619469
748,234,3.751152073732719
748,514,3.880281690140845
748,118,3.2266666666666666
748,237,3.707395498392283
748,133,3.870503597122302
748,132,4.043010752688172
748,187,4.208588957055214
748,326,3.335664335664336
748,498,4.24031007751938
748,655,3.8722222222222222
748,427,4.287425149700598
749,391,2.66
749,80,2.6538461538461537
749,228,3.8
749,209,3.8343949044585988
749,429,4.012987012987013
749,101,3.25
749,69,3.8832684824902723
749,405,3.286764705882353
749,480,4.302158273381295
749,659,4.087912087912088
749,549,3.5294117647058822
749,402,3.404109589041096
749,197,4.077319587628866
749,71,3.847058823529412
749,24,3.4135338345864663
749,357,4.330188679245283
749,523,4.0
749,176,3.9624413145539905
749,105,2.5238095238095237
749,837,4.0
749,678,2.8373493975903616
749,609,3.519230769230769
749,196,3.9170731707317072
749,550,3.25
749,133,3.870503597122302
749,231,2.6576576576576576
749,879,3.277227722772277
749,841,2.710526315789474
749,229,3.0597014925373136
749,175,3.8523489932885906
749,444,2.823529411764706
749,117,3.633986928104575
749,121,3.4656716417910447
749,385,3.5773809523809526
749,1041,3.142857142857143
749,603,4.3602484472049685
749,183,4.004464285714286
749,232,3.2222222222222223
749,295,3.4166666666666665
749,159,3.271604938271605
749,148,3.2395833333333335
749,187,4.208588957055214
749,56,4.019047619047619
749,185,4.101063829787234
749,802,2.566666666666667
749,434,3.8703703703703702
749,293,3.841666666666667
749,143,3.758426966292135
749,661,4.097222222222222
749,866,3.303030303030303
749,15,3.8026315789473686
749,658,3.388059701492537
749,178,4.346938775510204
749,477,3.1578947368421053
749,172,4.180555555555555
749,586,2.5555555555555554
749,96,4.018099547511312
749,62,3.0816326530612246
749,358,2.607142857142857
749,188,3.6783216783216783
749,685,3.375
750,338,2.5072463768115942
750,294,3.112947658402204
750,305,3.716417910447761
750,331,3.5698924731182795
750,879,3.277227722772277
750,749,3.1578947368421053
750,306,4.0
751,1,3.900804289544236
751,99,3.7372262773722627
751,196,3.9170731707317072
751,538,3.36
751,490,3.9761904761904763
751,735,3.908256880733945
751,734,2.6
751,302,4.165938864628821
751,756,2.857142857142857
751,433,3.7071428571428573
751,173,4.15625
751,214,3.3636363636363638
751,226,3.352
751,237,3.707395498392283
751,704,3.15
751,849,2.6842105263157894
751,238,3.8309178743961354
751,380,3.297872340425532
751,25,3.4148471615720526
751,428,3.8476190476190477
751,313,4.269961977186312
751,315,4.104477611940299
751,42,3.7796610169491527
751,568,3.64021164021164
751,89,4.173913043478261
751,100,4.174242424242424
751,742,3.677570093457944
751,98,4.283018867924528
751,558,3.6964285714285716
751,785,3.206896551724138
751,216,3.9656652360515023
751,497,3.8035714285714284
751,689,3.1044776119402986
751,736,3.9516129032258065
752,752,3.25
752,351,2.6666666666666665
752,358,2.607142857142857
752,347,3.49
752,346,3.622448979591837
752,1279,3.0
752,750,3.8333333333333335
752,902,3.7222222222222223
752,678,2.8373493975903616
752,272,4.261437908496732
752,904,3.3529411764705883
752,326,3.335664335664336
752,288,3.455764075067024
752,322,3.0994475138121547
752,539,2.433333333333333
753,462,3.810344827586207
753,89,4.173913043478261
753,300,3.6176470588235294
753,134,4.269938650306749
753,193,3.9411764705882355
753,272,4.261437908496732
753,427,4.287425149700598
753,515,4.25
753,22,4.162393162393163
753,657,4.235849056603773
753,527,4.0064935064935066
753,242,4.065217391304348
754,1016,3.4434782608695653
754,937,3.52
754,819,2.65625
754,742,3.677570093457944
754,273,3.596774193548387
754,459,3.727272727272727
754,1197,3.65625
755,690,3.4227642276422765
755,271,3.2569832402234637
755,311,3.7333333333333334
755,300,3.6176470588235294
755,288,3.455764075067024
755,937,3.52
755,289,2.9651741293532337
755,938,2.761904761904762
756,117,3.633986928104575
756,554,2.8369565217391304
756,100,4.174242424242424
756,88,3.6011904761904763
756,122,2.3493975903614457
756,1,3.900804289544236
756,226,3.352
756,1074,2.935483870967742
756,731,3.15625
756,173,4.15625
756,176,3.9624413145539905
756,1119,3.625
756,222,3.6254180602006687
756,53,2.951923076923077
756,860,2.7
756,181,4.027093596059113
756,274,3.4482758620689653
756,300,3.6176470588235294
756,99,3.7372262773722627
756,225,2.9431818181818183
756,289,2.9651741293532337
756,118,3.2266666666666666
757,227,3.184
757,260,2.6021505376344085
757,1273,3.1
757,288,3.455764075067024
757,433,3.7071428571428573
757,53,2.951923076923077
757,69,3.8832684824902723
757,1016,3.4434782608695653
757,231,2.6576576576576576
757,574,2.090909090909091
757,588,3.75
757,91,3.5789473684210527
757,679,2.9220779220779223
757,746,3.65625
757,82,3.7156398104265405
757,678,2.8373493975903616
757,252,3.032520325203252
757,11,3.8743718592964824
757,895,3.0853658536585367
757,118,3.2266666666666666
757,164,3.563025210084034
757,144,3.8757062146892656
757,358,2.607142857142857
757,117,3.633986928104575
757,125,3.5255102040816326
757,658,3.388059701492537
757,554,2.8369565217391304
757,250,3.4551282051282053
757,742,3.677570093457944
757,226,3.352
757,450,2.411764705882353
757,174,4.247787610619469
757,128,3.6041666666666665
757,732,3.6595744680851063
758,212,3.4743589743589745
758,1047,2.892857142857143
758,170,4.13
758,722,2.9148936170212765
758,716,3.272727272727273
758,127,4.312693498452012
758,100,4.174242424242424
758,419,3.627586206896552
758,300,3.6176470588235294
758,686,3.789473684210526
758,441,2.55
758,129,3.88659793814433
758,23,4.13375796178344
758,33,3.45679012345679
758,510,4.041237113402062
758,576,3.0136986301369864
758,293,3.841666666666667
758,116,3.78
758,431,3.5041322314049586
758,922,3.7857142857142856
758,208,3.9554140127388533
758,508,3.585526315789474
758,1025,2.9696969696969697
758,69,3.8832684824902723
758,895,3.0853658536585367
758,8,4.011363636363637
758,28,3.935185185185185
758,11,3.8743718592964824
758,393,3.4324324324324325
758,640,3.0161290322580645
758,890,1.8857142857142857
758,435,3.9171597633136095
758,820,2.717948717948718
758,31,3.6495726495726495
758,66,3.5671641791044775
758,131,3.717948717948718
758,14,4.0510948905109485
758,192,4.080459770114943
758,24,3.4135338345864663
758,26,3.457627118644068
758,790,2.9272727272727272
758,242,4.065217391304348
758,253,3.473684210526316
758,955,3.422222222222222
758,527,4.0064935064935066
758,173,4.15625
758,209,3.8343949044585988
758,505,3.8846153846153846
758,197,4.077319587628866
758,841,2.710526315789474
758,143,3.758426966292135
758,338,2.5072463768115942
758,240,2.7401574803149606
758,1283,2.6470588235294117
758,184,3.4545454545454546
758,652,3.9027777777777777
758,20,3.4
758,605,3.4545454545454546
758,7,3.801302931596091
758,4,3.5
758,199,4.180327868852459
758,134,4.269938650306749
758,98,4.283018867924528
758,159,3.271604938271605
758,340,3.5517241379310347
758,373,2.84375
758,12,4.408256880733945
758,29,2.627906976744186
758,172,4.180555555555555
758,203,3.830188679245283
758,64,4.44
758,211,3.9289940828402368
759,756,2.857142857142857
759,748,3.0784313725490198
759,591,3.6
759,937,3.52
759,471,3.66120218579235
759,50,4.347438752783964
759,1,3.900804289544236
760,841,2.710526315789474
760,776,3.0
760,25,3.4148471615720526
760,1135,3.0
760,71,3.847058823529412
760,723,3.2142857142857144
760,739,3.3410852713178296
760,125,3.5255102040816326
760,120,2.3333333333333335
761,477,3.1578947368421053
761,877,2.6944444444444446
761,293,3.841666666666667
761,15,3.8026315789473686
761,742,3.677570093457944
761,458,3.2
761,1,3.900804289544236
761,263,2.2941176470588234
761,258,3.7814070351758793
761,123,3.2065217391304346
761,1163,2.6875
761,214,3.3636363636363638
761,235,2.7873563218390807
761,1287,1.5
762,111,3.506787330316742
762,332,3.4601769911504423
762,875,2.761904761904762
762,515,4.25
762,302,4.165938864628821
763,153,3.77720207253886
763,174,4.247787610619469
763,462,3.810344827586207
763,162,3.6
763,283,3.75
763,85,2.953488372093023
763,1,3.900804289544236
763,1129,3.5454545454545454
763,5,3.318840579710145
763,39,3.264705882352941
763,588,3.75
763,144,3.8757062146892656
763,961,3.586206896551724
763,392,3.6271186440677967
763,100,4.174242424242424
763,1006,2.8823529411764706
763,280,3.242424242424242
763,607,3.9411764705882355
763,194,4.0473684210526315
763,213,3.9541284403669725
763,111,3.506787330316742
763,742,3.677570093457944
763,609,3.519230769230769
763,173,4.15625
763,198,3.989795918367347
763,47,3.584070796460177
764,284,3.1824324324324325
764,77,3.2459016393442623
764,732,3.6595744680851063
764,237,3.707395498392283
764,25,3.4148471615720526
764,1028,3.0545454545454547
764,717,2.859154929577465
764,747,3.513157894736842
764,276,3.7148936170212767
764,69,3.8832684824902723
764,820,2.717948717948718
764,216,3.9656652360515023
764,531,3.9405940594059405
764,696,3.09375
764,227,3.184
764,432,3.6546762589928057
764,282,3.6758241758241756
764,588,3.75
764,323,2.918918918918919
764,117,3.633986928104575
764,191,4.153153153153153
764,278,3.125
765,25,3.4148471615720526
765,42,3.7796610169491527
765,10,3.9295774647887325
765,971,3.769230769230769
765,285,4.2204724409448815
766,1126,3.3684210526315788
766,95,3.8275862068965516
766,265,3.840909090909091
766,202,3.782051282051282
766,526,3.8876404494382024
766,226,3.352
766,499,3.843137254901961
766,378,3.658536585365854
766,414,3.382978723404255
766,965,3.736842105263158
766,177,3.926605504587156
766,180,4.0
766,238,3.8309178743961354
766,679,2.9220779220779223
766,357,4.330188679245283
766,185,4.101063829787234
766,485,3.9183673469387754
766,968,3.6
766,393,3.4324324324324325
766,519,4.08955223880597
766,62,3.0816326530612246
766,72,3.203883495145631
766,183,4.004464285714286
766,134,4.269938650306749
766,50,4.347438752783964
766,482,3.970873786407767
766,659,4.087912087912088
766,520,4.1020408163265305
766,168,4.081967213114754
766,810,2.875
766,40,2.857142857142857
766,646,3.870967741935484
766,630,3.380952380952381
766,503,3.48
766,136,4.193181818181818
767,170,4.13
767,1068,3.25
767,242,4.065217391304348
767,100,4.174242424242424
767,432,3.6546762589928057
767,207,3.8823529411764706
767,187,4.208588957055214
767,505,3.8846153846153846
768,117,3.633986928104575
768,284,3.1824324324324325
768,756,2.857142857142857
768,628,3.4964028776978417
768,245,3.1036269430051813
768,815,3.21978021978022
768,313,4.269961977186312
768,620,3.1714285714285713
768,471,3.66120218579235
768,1061,3.0
768,9,3.8821138211382116
768,15,3.8026315789473686
768,405,3.286764705882353
769,1322,2.4
769,1028,3.0545454545454547
769,748,3.0784313725490198
769,118,3.2266666666666666
769,120,2.3333333333333335
769,1312,2.0
770,268,3.81025641025641
770,473,3.118811881188119
770,333,3.59
770,250,3.4551282051282053
770,257,3.758771929824561
770,596,3.326530612244898
770,742,3.677570093457944
770,123,3.2065217391304346
770,181,4.027093596059113
770,919,3.730769230769231
770,475,3.910994764397906
770,253,3.473684210526316
770,334,3.340909090909091
771,97,3.8097560975609754
771,243,2.3823529411764706
771,275,3.9904306220095696
771,596,3.326530612244898
771,588,3.75
771,496,4.087431693989071
771,1,3.900804289544236
771,542,2.4473684210526314
771,462,3.810344827586207
771,181,4.027093596059113
771,289,2.9651741293532337
771,403,3.4394904458598727
771,762,3.391304347826087
771,91,3.5789473684210527
772,259,2.6929133858267718
772,327,3.466666666666667
772,294,3.112947658402204
772,288,3.455764075067024
772,354,3.456140350877193
772,321,3.0942028985507246
772,748,3.0784313725490198
773,64,4.44
773,959,3.52
773,14,4.0510948905109485
773,408,4.482352941176471
773,675,3.4285714285714284
773,92,3.617283950617284
773,169,4.462365591397849
773,179,3.956043956043956
773,541,2.880952380952381
773,98,4.283018867924528
773,720,2.9833333333333334
773,187,4.208588957055214
773,235,2.7873563218390807
773,367,3.4375
773,286,3.661498708010336
773,216,3.9656652360515023
773,1187,3.111111111111111
773,318,4.437768240343348
773,170,4.13
773,790,2.9272727272727272
773,251,4.342105263157895
773,145,2.4074074074074074
773,433,3.7071428571428573
773,2,3.18
773,260,2.6021505376344085
773,475,3.910994764397906
773,47,3.584070796460177
773,737,3.0
773,462,3.810344827586207
773,948,2.210526315789474
773,531,3.9405940594059405
773,258,3.7814070351758793
773,29,2.627906976744186
774,97,3.8097560975609754
774,1110,2.8461538461538463
774,181,4.027093596059113
774,545,2.0
774,187,4.208588957055214
774,235,2.7873563218390807
774,294,3.112947658402204
774,448,3.449275362318841
774,849,2.6842105263157894
774,1017,3.263157894736842
774,511,4.157894736842105
774,94,3.0275229357798166
774,68,3.3893805309734515
774,840,2.6363636363636362
774,53,2.951923076923077
774,808,2.923076923076923
774,739,3.3410852713178296
774,64,4.44
774,567,2.8076923076923075
774,1028,3.0545454545454547
774,514,3.880281690140845
774,205,3.9572649572649574
774,450,2.411764705882353
774,515,4.25
774,380,3.297872340425532
774,436,3.576923076923077
774,926,2.697674418604651
774,410,3.076923076923077
774,121,3.4656716417910447
774,573,2.8260869565217392
774,510,4.041237113402062
774,449,3.0652173913043477
774,31,3.6495726495726495
774,563,2.5652173913043477
774,528,4.159574468085107
774,29,2.627906976744186
774,834,2.1578947368421053
774,96,4.018099547511312
774,214,3.3636363636363638
774,508,3.585526315789474
774,1305,2.2
774,127,4.312693498452012
774,183,4.004464285714286
774,453,1.7692307692307692
774,89,4.173913043478261
775,307,3.524137931034483
775,245,3.1036269430051813
775,264,2.768292682926829
775,258,3.7814070351758793
775,347,3.49
775,343,3.0485436893203883
776,675,3.4285714285714284
776,524,4.0
776,549,3.5294117647058822
776,182,3.923076923076923
776,282,3.6758241758241756
776,241,3.5
776,217,3.077777777777778
776,567,2.8076923076923075
776,514,3.880281690140845
776,23,4.13375796178344
776,28,3.935185185185185
776,438,1.0
776,474,4.2405063291139244
776,511,4.157894736842105
776,168,4.081967213114754
776,672,2.673076923076923
776,187,4.208588957055214
776,191,4.153153153153153
776,422,2.8260869565217392
776,431,3.5041322314049586
776,1172,3.6666666666666665
777,1,3.900804289544236
777,117,3.633986928104575
777,652,3.9027777777777777
777,521,3.776595744680851
777,245,3.1036269430051813
777,273,3.596774193548387
777,286,3.661498708010336
777,180,4.0
778,79,4.056390977443609
778,568,3.64021164021164
778,35,2.3
778,42,3.7796610169491527
778,265,3.840909090909091
778,200,3.7470588235294118
778,281,3.111111111111111
778,755,3.2987012987012987
778,367,3.4375
778,56,4.019047619047619
778,180,4.0
778,168,4.081967213114754
778,209,3.8343949044585988
779,255,3.3175675675675675
779,509,3.923076923076923
779,109,3.480769230769231
779,596,3.326530612244898
779,257,3.758771929824561
779,118,3.2266666666666666
779,300,3.6176470588235294
779,294,3.112947658402204
780,357,4.330188679245283
780,199,4.180327868852459
780,705,4.048543689320389
780,491,3.730769230769231
780,385,3.5773809523809526
780,28,3.935185185185185
780,520,4.1020408163265305
780,70,3.6381909547738696
780,286,3.661498708010336
780,515,4.25
780,133,3.870503597122302
781,288,3.455764075067024
781,268,3.81025641025641
781,322,3.0994475138121547
781,523,4.0
781,134,4.269938650306749
781,69,3.8832684824902723
781,223,4.153153153153153
781,403,3.4394904458598727
781,318,4.437768240343348
782,304,3.53781512605042
782,1254,1.7
782,1662,1.0
782,1300,2.1666666666666665
782,358,2.607142857142857
782,1390,1.0
782,1255,2.8
782,1138,3.3333333333333335
782,181,4.027093596059113
782,935,3.5
782,1088,2.1818181818181817
782,990,2.962962962962963
782,987,2.3333333333333335
782,323,2.918918918918919
782,257,3.758771929824561
782,872,3.310344827586207
782,687,2.34
782,937,3.52
782,678,2.8373493975903616
782,538,3.36
782,1143,4.083333333333333
782,260,2.6021505376344085
782,1652,2.0
782,316,4.137931034482759
782,297,4.025
782,270,3.6019417475728157
782,1388,3.25
782,1667,3.5261432572627136
782,247,2.0
782,299,3.0
782,1643,4.333333333333333
782,539,2.433333333333333
782,331,3.5698924731182795
782,682,3.088607594936709
782,355,3.0
782,879,3.277227722772277
782,293,3.841666666666667
782,361,3.142857142857143
782,908,2.533333333333333
782,248,3.611940298507463
782,877,2.6944444444444446
782,264,2.768292682926829
782,1600,4.5
782,258,3.7814070351758793
782,683,2.4047619047619047
782,1160,3.7142857142857144
782,249,3.303030303030303
783,333,3.59
783,299,3.0
783,307,3.524137931034483
783,872,3.310344827586207
783,334,3.340909090909091
783,895,3.0853658536585367
784,258,3.7814070351758793
784,328,3.3958333333333335
784,326,3.335664335664336
784,333,3.59
784,307,3.524137931034483
784,321,3.0942028985507246
784,898,3.28
784,344,3.5869565217391304
785,50,4.347438752783964
785,995,3.2
785,69,3.8832684824902723
785,195,3.9402390438247012
785,496,4.087431693989071
785,56,4.019047619047619
786,203,3.830188679245283
786,15,3.8026315789473686
786,455,3.242424242424242
786,655,3.8722222222222222
786,4,3.5
786,176,3.9624413145539905
786,211,3.9289940828402368
786,416,3.404255319148936
786,95,3.8275862068965516
786,202,3.782051282051282
786,117,3.633986928104575
786,699,3.6875
786,82,3.7156398104265405
786,588,3.75
786,174,4.247787610619469
786,200,3.7470588235294118
786,504,3.787878787878788
786,318,4.437768240343348
786,111,3.506787330316742
786,322,3.0994475138121547
786,198,3.989795918367347
786,703,3.6666666666666665
786,708,3.4698795180722892
786,1044,3.1875
787,347,3.49
787,305,3.716417910447761
787,302,4.165938864628821
787,306,4.0
787,898,3.28
787,245,3.1036269430051813
787,286,3.661498708010336
787,308,3.0476190476190474
787,681,2.590909090909091
787,311,3.7333333333333334
787,748,3.0784313725490198
787,749,3.1578947368421053
788,380,3.297872340425532
788,4,3.5
788,729,3.403225806451613
788,294,3.112947658402204
788,629,3.3275862068965516
788,448,3.449275362318841
788,492,3.8297872340425534
788,823,2.8472222222222223
788,215,3.674698795180723
788,409,3.1666666666666665
788,180,4.0
788,192,4.080459770114943
788,699,3.6875
788,444,2.823529411764706
788,754,3.3541666666666665
788,405,3.286764705882353
788,326,3.335664335664336
788,1303,2.1333333333333333
788,518,3.7260273972602738
788,579,2.6
788,755,3.2987012987012987
788,96,4.018099547511312
788,51,3.3448275862068964
788,172,4.180555555555555
788,521,3.776595744680851
788,211,3.9289940828402368
788,561,2.9318181818181817
788,582,3.648854961832061
788,661,4.097222222222222
788,174,4.247787610619469
788,665,2.775
788,809,2.823529411764706
788,200,3.7470588235294118
788,175,3.8523489932885906
788,1042,3.227272727272727
788,182,3.923076923076923
788,177,3.926605504587156
788,1,3.900804289544236
788,317,3.89010989010989
788,566,3.633587786259542
788,235,2.7873563218390807
788,227,3.184
788,483,4.5
788,445,3.5294117647058822
788,399,3.3043478260869565
788,621,3.0
788,662,3.5238095238095237
788,228,3.8
788,71,3.847058823529412
788,620,3.1714285714285713
789,276,3.7148936170212767
789,1012,3.55
789,762,3.391304347826087
789,249,3.303030303030303
789,284,3.1824324324324325
789,1017,3.263157894736842
789,293,3.841666666666667
790,687,2.34
790,566,3.633587786259542
790,940,2.2962962962962963
790,56,4.019047619047619
790,66,3.5671641791044775
790,157,3.696078431372549
790,763,3.4488188976377954
790,1230,1.7333333333333334
790,328,3.3958333333333335
790,559,3.1826086956521737
790,153,3.77720207253886
790,364,2.6206896551724137
790,91,3.5789473684210527
790,708,3.4698795180722892
790,1132,2.5714285714285716
790,451,3.389261744966443
790,378,3.658536585365854
790,1025,2.9696969696969697
790,135,3.9665071770334928
790,274,3.4482758620689653
790,232,3.2222222222222223
790,1040,2.7058823529411766
790,97,3.8097560975609754
790,15,3.8026315789473686
790,1188,2.657142857142857
790,739,3.3410852713178296
790,283,3.75
790,1185,2.4285714285714284
790,485,3.9183673469387754
790,65,3.5164835164835164
790,376,2.85
790,67,3.0588235294117645
790,13,3.361842105263158
790,436,3.576923076923077
790,7,3.801302931596091
790,273,3.596774193548387
790,849,2.6842105263157894
790,1091,2.8
790,217,3.077777777777778
790,4,3.5
790,145,2.4074074074074074
790,122,2.3493975903614457
790,411,2.962121212121212
790,475,3.910994764397906
790,367,3.4375
790,546,3.0634146341463415
790,1028,3.0545454545454547
791,748,3.0784313725490198
791,289,2.9651741293532337
791,301,3.2604166666666665
791,50,4.347438752783964
791,319,3.2301587301587302
792,544,3.16
792,742,3.677570093457944
792,1335,2.6666666666666665
792,762,3.391304347826087
792,476,3.0551181102362204
792,597,3.1412429378531073
792,1011,3.26027397260274
792,21,2.7746478873239435
792,1015,2.2857142857142856
792,100,4.174242424242424
793,293,3.841666666666667
793,815,3.21978021978022
793,122,2.3493975903614457
793,127,4.312693498452012
793,121,3.4656716417910447
793,282,3.6758241758241756
793,9,3.8821138211382116
793,237,3.707395498392283
793,276,3.7148936170212767
793,597,3.1412429378531073
793,148,3.2395833333333335
794,187,4.208588957055214
794,514,3.880281690140845
794,257,3.758771929824561
794,221,3.71875
794,269,3.9486166007905137
794,19,4.018867924528302
794,475,3.910994764397906
794,50,4.347438752783964
795,70,3.6381909547738696
795,39,3.264705882352941
795,928,3.225
795,3,3.095890410958904
795,100,4.174242424242424
795,826,2.557377049180328
795,502,3.64
795,546,3.0634146341463415
795,771,2.75
795,118,3.2266666666666666
795,214,3.3636363636363638
795,109,3.480769230769231
795,410,3.076923076923077
795,80,2.6538461538461537
795,257,3.758771929824561
795,477,3.1578947368421053
795,132,4.043010752688172
795,746,3.65625
795,144,3.8757062146892656
795,581,3.2448979591836733
795,831,2.4177215189873418
795,17,3.1323529411764706
795,472,2.9844961240310077
795,1101,3.711864406779661
795,386,2.8028169014084505
795,739,3.3410852713178296
795,1199,2.588235294117647
795,203,3.830188679245283
795,7,3.801302931596091
795,658,3.388059701492537
795,588,3.75
795,407,2.5517241379310347
796,315,4.104477611940299
796,106,2.9322033898305087
796,732,3.6595744680851063
796,176,3.9624413145539905
796,291,3.392156862745098
796,198,3.989795918367347
796,401,2.796875
796,371,3.04
796,199,4.180327868852459
796,720,2.9833333333333334
796,258,3.7814070351758793
796,323,2.918918918918919
796,603,4.3602484472049685
796,699,3.6875
796,932,2.966666666666667
796,1119,3.625
796,427,4.287425149700598
796,298,3.7642857142857142
796,300,3.6176470588235294
796,549,3.5294117647058822
796,204,3.8333333333333335
796,71,3.847058823529412
796,736,3.9516129032258065
796,511,4.157894736842105
796,391,2.66
796,89,4.173913043478261
796,229,3.0597014925373136
796,1041,3.142857142857143
796,434,3.8703703703703702
796,232,3.2222222222222223
796,1046,3.0294117647058822
796,33,3.45679012345679
796,746,3.65625
796,2,3.18
796,815,3.21978021978022
796,1269,3.7777777777777777
796,417,3.087719298245614
796,77,3.2459016393442623
796,751,3.4630872483221475
796,38,2.941747572815534
796,39,3.264705882352941
796,1407,2.2857142857142856
796,433,3.7071428571428573
796,623,2.903225806451613
796,125,3.5255102040816326
796,53,2.951923076923077
796,880,3.2941176470588234
796,679,2.9220779220779223
796,402,3.404109589041096
796,117,3.633986928104575
796,480,4.302158273381295
796,722,2.9148936170212765
796,227,3.184
796,491,3.730769230769231
796,265,3.840909090909091
796,692,3.672
796,249,3.303030303030303
796,796,3.1153846153846154
796,735,3.908256880733945
796,63,2.9682539682539684
796,378,3.658536585365854
796,849,2.6842105263157894
796,655,3.8722222222222222
796,731,3.15625
796,243,2.3823529411764706
796,546,3.0634146341463415
796,685,3.375
796,100,4.174242424242424
796,98,4.283018867924528
796,1163,2.6875
796,152,3.5806451612903225
796,500,3.8
797,181,4.027093596059113
797,298,3.7642857142857142
797,687,2.34
797,781,3.3333333333333335
797,286,3.661498708010336
797,340,3.5517241379310347
798,270,3.6019417475728157
798,827,2.7560975609756095
798,828,2.888888888888889
798,443,3.801526717557252
798,662,3.5238095238095237
798,1509,1.3333333333333333
798,283,3.75
798,181,4.027093596059113
798,1076,2.111111111111111
798,210,3.9578544061302683
798,576,3.0136986301369864
798,1,3.900804289544236
798,862,1.9166666666666667
798,97,3.8097560975609754
798,133,3.870503597122302
798,709,3.9655172413793105
798,845,3.4779411764705883
798,1297,3.0
798,924,3.388059701492537
798,951,2.857142857142857
798,73,3.4909090909090907
798,988,2.3333333333333335
798,740,3.595744680851064
798,944,3.0
798,1337,2.25
798,356,3.382716049382716
798,161,3.5388888888888888
798,116,3.78
798,819,2.65625
798,769,2.5625
798,419,3.627586206896552
798,993,3.5925925925925926
798,690,3.4227642276422765
798,259,2.6929133858267718
798,280,3.242424242424242
798,768,3.0416666666666665
798,1034,2.5
798,306,4.0
798,554,2.8369565217391304
798,1469,3.4444444444444446
798,83,4.0647482014388485
798,63,2.9682539682539684
798,472,2.9844961240310077
798,94,3.0275229357798166
798,785,3.206896551724138
798,225,2.9431818181818183
798,415,3.0
798,417,3.087719298245614
799,127,4.312693498452012
799,306,4.0
799,484,4.151785714285714
799,654,4.061946902654867
799,1063,3.7058823529411766
800,222,3.6254180602006687
800,304,3.53781512605042
800,289,2.9651741293532337
800,276,3.7148936170212767
800,50,4.347438752783964
800,237,3.707395498392283
801,313,4.269961977186312
801,681,2.590909090909091
801,299,3.0
801,301,3.2604166666666665
801,268,3.81025641025641
801,881,2.909090909090909
802,218,3.437037037037037
802,327,3.466666666666667
802,670,3.04
802,567,2.8076923076923075
802,440,1.4
802,424,1.3333333333333333
802,452,2.5652173913043477
802,443,3.801526717557252
802,879,3.277227722772277
802,678,2.8373493975903616
802,657,4.235849056603773
802,261,2.5
802,184,3.4545454545454546
802,665,2.775
802,185,4.101063829787234
803,338,2.5072463768115942
803,307,3.524137931034483
803,286,3.661498708010336
803,306,4.0
803,325,2.4081632653061225
803,269,3.9486166007905137
803,261,2.5
804,133,3.870503597122302
804,250,3.4551282051282053
804,631,3.6288659793814433
804,144,3.8757062146892656
804,428,3.8476190476190477
804,826,2.557377049180328
804,81,3.5421686746987953
804,445,3.5294117647058822
804,412,2.410958904109589
804,949,3.3793103448275863
804,254,2.488372093023256
804,152,3.5806451612903225
804,932,2.966666666666667
804,588,3.75
804,616,3.381818181818182
804,414,3.382978723404255
804,175,3.8523489932885906
804,527,4.0064935064935066
804,597,3.1412429378531073
804,290,3.1875
804,378,3.658536585365854
804,25,3.4148471615720526
804,679,2.9220779220779223
804,436,3.576923076923077
804,637,2.9393939393939394
804,222,3.6254180602006687
804,94,3.0275229357798166
804,195,3.9402390438247012
804,582,3.648854961832061
804,97,3.8097560975609754
804,510,4.041237113402062
804,63,2.9682539682539684
804,100,4.174242424242424
804,1076,2.111111111111111
804,415,3.0
804,928,3.225
804,215,3.674698795180723
804,403,3.4394904458598727
804,252,3.032520325203252
804,824,2.72972972972973
804,33,3.45679012345679
804,603,4.3602484472049685
804,91,3.5789473684210527
804,951,2.857142857142857
804,160,3.4545454545454546
804,1047,2.892857142857143
804,62,3.0816326530612246
804,546,3.0634146341463415
804,632,3.8222222222222224
804,72,3.203883495145631
804,841,2.710526315789474
804,468,3.3125
804,82,3.7156398104265405
804,1050,3.6470588235294117
804,663,3.903225806451613
804,1177,2.0
804,529,3.948717948717949
804,168,4.081967213114754
804,11,3.8743718592964824
804,32,3.953846153846154
804,118,3.2266666666666666
804,1139,2.7083333333333335
804,185,4.101063829787234
804,24,3.4135338345864663
804,515,4.25
804,199,4.180327868852459
804,732,3.6595744680851063
805,95,3.8275862068965516
805,33,3.45679012345679
805,204,3.8333333333333335
805,433,3.7071428571428573
805,393,3.4324324324324325
805,597,3.1412429378531073
805,179,3.956043956043956
805,648,3.9166666666666665
805,827,2.7560975609756095
805,151,3.612403100775194
805,100,4.174242424242424
805,200,3.7470588235294118
805,661,4.097222222222222
805,576,3.0136986301369864
805,343,3.0485436893203883
805,431,3.5041322314049586
805,716,3.272727272727273
805,568,3.64021164021164
805,319,3.2301587301587302
805,645,3.727272727272727
805,288,3.455764075067024
805,331,3.5698924731182795
805,636,3.283582089552239
805,106,2.9322033898305087
805,386,2.8028169014084505
805,42,3.7796610169491527
805,99,3.7372262773722627
805,552,2.8055555555555554
805,338,2.5072463768115942
805,91,3.5789473684210527
805,950,2.8636363636363638
805,172,4.180555555555555
805,24,3.4135338345864663
805,9,3.8821138211382116
805,665,2.775
805,153,3.77720207253886
805,558,3.6964285714285716
805,162,3.6
805,101,3.25
805,469,3.7735849056603774
805,83,4.0647482014388485
805,856,3.823529411764706
805,418,3.609090909090909
805,117,3.633986928104575
805,1098,3.7586206896551726
805,371,3.04
805,167,2.981132075471698
805,436,3.576923076923077
805,111,3.506787330316742
805,161,3.5388888888888888
805,476,3.0551181102362204
805,25,3.4148471615720526
805,1033,2.6
805,176,3.9624413145539905
805,501,3.5670103092783507
806,209,3.8343949044585988
806,14,4.0510948905109485
806,226,3.352
806,17,3.1323529411764706
806,1012,3.55
806,181,4.027093596059113
806,1071,2.75
806,210,3.9578544061302683
806,182,3.923076923076923
806,2,3.18
806,128,3.6041666666666665
806,177,3.926605504587156
806,172,4.180555555555555
806,122,2.3493975903614457
806,302,4.165938864628821
806,187,4.208588957055214
806,89,4.173913043478261
806,161,3.5388888888888888
806,496,4.087431693989071
806,188,3.6783216783216783
806,24,3.4135338345864663
806,511,4.157894736842105
806,483,4.5
806,629,3.3275862068965516
806,192,4.080459770114943
806,162,3.6
806,357,4.330188679245283
806,702,3.0
807,398,2.1666666666666665
807,1138,3.3333333333333335
807,300,3.6176470588235294
807,449,3.0652173913043477
807,68,3.3893805309734515
807,472,2.9844961240310077
807,431,3.5041322314049586
807,384,2.8727272727272726
807,584,3.5303030303030303
807,485,3.9183673469387754
807,142,3.0
807,739,3.3410852713178296
807,1133,3.090909090909091
807,684,3.8
807,491,3.730769230769231
807,720,2.9833333333333334
807,1411,2.6666666666666665
807,542,2.4473684210526314
807,2,3.18
807,627,3.135593220338983
807,570,3.0697674418604652
807,141,3.491228070175439
807,21,2.7746478873239435
807,495,3.6153846153846154
807,415,3.0
807,831,2.4177215189873418
807,195,3.9402390438247012
807,588,3.75
807,193,3.9411764705882355
807,133,3.870503597122302
807,186,3.86
807,657,4.235849056603773
807,1089,2.0303030303030303
807,610,3.6363636363636362
807,239,3.5294117647058822
807,515,4.25
807,477,3.1578947368421053
807,930,2.6
807,1615,2.888888888888889
807,622,3.3125
807,450,2.411764705882353
808,340,3.5517241379310347
808,325,2.4081632653061225
808,327,3.466666666666667
808,875,2.761904761904762
808,748,3.0784313725490198
809,333,3.59
809,315,4.104477611940299
809,322,3.0994475138121547
809,307,3.524137931034483
810,243,2.3823529411764706
810,289,2.9651741293532337
810,294,3.112947658402204
810,339,3.2
810,269,3.9486166007905137
810,881,2.909090909090909
811,304,3.53781512605042
811,901,1.5555555555555556
811,301,3.2604166666666665
811,678,2.8373493975903616
811,243,2.3823529411764706
812,294,3.112947658402204
812,682,3.088607594936709
812,358,2.607142857142857
812,332,3.4601769911504423
813,259,2.6929133858267718
813,680,2.1923076923076925
813,538,3.36
813,898,3.28
813,326,3.335664335664336
813,751,3.4630872483221475
814,5,3.318840579710145
814,672,2.673076923076923
814,675,3.4285714285714284
814,358,2.607142857142857
814,667,2.2
814,53,2.951923076923077
814,218,3.437037037037037
815,602,3.7906976744186047
815,614,3.697674418604651
815,2,3.18
815,125,3.5255102040816326
815,99,3.7372262773722627
815,705,4.048543689320389
815,629,3.3275862068965516
815,132,4.043010752688172
815,944,3.0
815,333,3.59
815,735,3.908256880733945
815,993,3.5925925925925926
815,217,3.077777777777778
815,444,2.823529411764706
815,143,3.758426966292135
815,471,3.66120218579235
815,404,3.72972972972973
815,87,3.847457627118644
815,226,3.352
815,518,3.7260273972602738
815,199,4.180327868852459
815,515,4.25
815,631,3.6288659793814433
815,200,3.7470588235294118
815,521,3.776595744680851
815,153,3.77720207253886
815,191,4.153153153153153
815,252,3.032520325203252
815,144,3.8757062146892656
815,639,3.814814814814815
815,250,3.4551282051282053
815,193,3.9411764705882355
815,496,4.087431693989071
815,835,4.083333333333333
815,227,3.184
815,228,3.8
815,623,2.903225806451613
816,355,3.0
816,259,2.6929133858267718
816,288,3.455764075067024
816,342,2.880952380952381
816,1025,2.9696969696969697
817,129,3.88659793814433
817,928,3.225
817,258,3.7814070351758793
817,840,2.6363636363636362
817,222,3.6254180602006687
817,288,3.455764075067024
817,124,4.092105263157895
817,117,3.633986928104575
818,690,3.4227642276422765
818,346,3.622448979591837
818,258,3.7814070351758793
818,302,4.165938864628821
818,912,3.4
819,315,4.104477611940299
819,744,3.418918918918919
819,862,1.9166666666666667
819,533,3.5833333333333335
819,346,3.622448979591837
819,345,3.4313725490196076
820,286,3.661498708010336
820,333,3.59
820,289,2.9651741293532337
820,271,3.2569832402234637
820,302,4.165938864628821
821,132,4.043010752688172
821,742,3.677570093457944
821,275,3.9904306220095696
821,705,4.048543689320389
821,126,3.7948717948717947
821,1060,2.9393939393939394
821,213,3.9541284403669725
821,151,3.612403100775194
821,148,3.2395833333333335
821,106,2.9322033898305087
821,281,3.111111111111111
821,389,3.5238095238095237
821,117,3.633986928104575
822,1,3.900804289544236
822,588,3.75
822,206,3.3513513513513513
822,189,4.078431372549019
822,333,3.59
823,503,3.48
823,127,4.312693498452012
823,168,4.081967213114754
823,206,3.3513513513513513
823,52,3.7901234567901234
823,1070,3.782608695652174
823,176,3.9624413145539905
823,222,3.6254180602006687
823,56,4.019047619047619
823,631,3.6288659793814433
823,17,3.1323529411764706
823,77,3.2459016393442623
823,333,3.59
823,234,3.751152073732719
823,237,3.707395498392283
823,96,4.018099547511312
823,218,3.437037037037037
823,89,4.173913043478261
823,174,4.247787610619469
823,143,3.758426966292135
823,173,4.15625
823,425,3.7941176470588234
823,160,3.4545454545454546
823,184,3.4545454545454546
823,282,3.6758241758241756
823,686,3.789473684210526
823,762,3.391304347826087
823,210,3.9578544061302683
823,90,3.1025641025641026
823,144,3.8757062146892656
823,71,3.847058823529412
823,1118,3.230769230769231
823,715,3.111111111111111
823,33,3.45679012345679
823,202,3.782051282051282
823,654,4.061946902654867
823,566,3.633587786259542
824,322,3.0994475138121547
824,294,3.112947658402204
824,292,3.6179775280898876
824,268,3.81025641025641
825,928,3.225
825,127,4.312693498452012
825,325,2.4081632653061225
825,1117,2.9166666666666665
825,284,3.1824324324324325
825,307,3.524137931034483
825,321,3.0942028985507246
825,370,2.9411764705882355
825,248,3.611940298507463
825,1163,2.6875
825,742,3.677570093457944
825,741,3.5217391304347827
825,111,3.506787330316742
825,413,2.6
825,685,3.375
825,1016,3.4434782608695653
825,628,3.4964028776978417
825,508,3.585526315789474
825,126,3.7948717948717947
825,515,4.25
825,678,2.8373493975903616
825,1244,2.8666666666666667
825,285,4.2204724409448815
825,472,2.9844961240310077
825,282,3.6758241758241756
825,864,3.1449275362318843
825,593,3.0
825,363,2.707317073170732
825,827,2.7560975609756095
826,432,3.6546762589928057
826,426,2.782608695652174
826,849,2.6842105263157894
826,1409,3.4
826,779,2.4166666666666665
826,161,3.5388888888888888
826,95,3.8275862068965516
826,188,3.6783216783216783
826,1222,2.8333333333333335
826,385,3.5773809523809526
826,343,3.0485436893203883
826,190,4.175257731958763
826,265,3.840909090909091
826,1231,2.3529411764705883
826,625,3.3
826,22,4.162393162393163
826,38,2.941747572815534
826,182,3.923076923076923
826,720,2.9833333333333334
826,336,2.5
826,1239,2.3076923076923075
826,373,2.84375
826,1110,2.8461538461538463
827,347,3.49
827,258,3.7814070351758793
827,343,3.0485436893203883
827,294,3.112947658402204
827,289,2.9651741293532337
827,245,3.1036269430051813
828,328,3.3958333333333335
828,904,3.3529411764705883
828,1268,3.4444444444444446
828,45,4.151515151515151
828,730,3.526315789473684
828,895,3.0853658536585367
828,382,3.5555555555555554
828,19,4.018867924528302
828,886,3.024390243902439
828,286,3.661498708010336
828,347,3.49
828,955,3.422222222222222
828,346,3.622448979591837
828,960,3.1904761904761907
828,198,3.989795918367347
828,971,3.769230769230769
828,509,3.923076923076923
828,20,3.4
828,923,4.2
828,171,3.8703703703703702
828,961,3.586206896551724
829,515,4.25
829,268,3.81025641025641
829,458,3.2
829,255,3.3175675675675675
829,640,3.0161290322580645
829,281,3.111111111111111
829,70,3.6381909547738696
829,14,4.0510948905109485
829,313,4.269961977186312
829,13,3.361842105263158
829,845,3.4779411764705883
829,310,3.559322033898305
829,258,3.7814070351758793
830,523,4.0
830,625,3.3
830,484,4.151785714285714
830,566,3.633587786259542
830,50,4.347438752783964
830,15,3.8026315789473686
830,511,4.157894736842105
830,225,2.9431818181818183
830,449,3.0652173913043477
830,172,4.180555555555555
830,233,3.349514563106796
830,100,4.174242424242424
830,648,3.9166666666666665
830,435,3.9171597633136095
830,95,3.8275862068965516
830,127,4.312693498452012
830,427,4.287425149700598
830,424,1.3333333333333333
830,550,3.25
830,22,4.162393162393163
830,173,4.15625
830,2,3.18
831,272,4.261437908496732
831,750,3.8333333333333335
831,258,3.7814070351758793
831,50,4.347438752783964
831,326,3.335664335664336
831,323,2.918918918918919
831,266,2.4814814814814814
831,313,4.269961977186312
831,273,3.596774193548387
831,328,3.3958333333333335
831,150,3.8125
831,508,3.585526315789474
831,749,3.1578947368421053
831,479,4.222222222222222
831,173,4.15625
832,243,2.3823529411764706
832,286,3.661498708010336
832,678,2.8373493975903616
832,50,4.347438752783964
832,307,3.524137931034483
833,447,3.4081632653061225
833,483,4.5
833,157,3.696078431372549
833,515,4.25
833,30,4.125
833,92,3.617283950617284
833,324,3.0721649484536084
833,79,4.056390977443609
833,540,2.5
833,153,3.77720207253886
833,128,3.6041666666666665
833,1386,2.0
833,518,3.7260273972602738
833,144,3.8757062146892656
833,403,3.4394904458598727
833,511,4.157894736842105
833,13,3.361842105263158
833,384,2.8727272727272726
833,219,3.202247191011236
833,441,2.55
833,180,4.0
833,28,3.935185185185185
833,940,2.2962962962962963
833,576,3.0136986301369864
833,5,3.318840579710145
833,675,3.4285714285714284
833,230,3.460122699386503
833,826,2.557377049180328
833,185,4.101063829787234
833,289,2.9651741293532337
833,474,4.2405063291139244
833,589,4.0
833,227,3.184
833,186,3.86
833,1029,1.7
833,235,2.7873563218390807
833,577,2.2285714285714286
833,977,2.789473684210526
833,923,4.2
833,860,2.7
833,943,3.411764705882353
833,1071,2.75
833,188,3.6783216783216783
833,249,3.303030303030303
833,819,2.65625
833,223,4.153153153153153
833,181,4.027093596059113
833,56,4.019047619047619
833,106,2.9322033898305087
833,250,3.4551282051282053
833,628,3.4964028776978417
833,12,4.408256880733945
833,636,3.283582089552239
833,195,3.9402390438247012
834,405,3.286764705882353
834,275,3.9904306220095696
834,286,3.661498708010336
834,886,3.024390243902439
834,300,3.6176470588235294
834,1017,3.263157894736842
834,292,3.6179775280898876
834,323,2.918918918918919
834,326,3.335664335664336
834,268,3.81025641025641
834,544,3.16
835,527,4.0064935064935066
835,1045,3.1052631578947367
835,523,4.0
835,225,2.9431818181818183
835,98,4.283018867924528
835,196,3.9170731707317072
835,354,3.456140350877193
835,257,3.758771929824561
835,28,3.935185185185185
835,685,3.375
835,509,3.923076923076923
835,588,3.75
835,197,4.077319587628866
835,237,3.707395498392283
835,325,2.4081632653061225
835,310,3.559322033898305
835,286,3.661498708010336
835,499,3.843137254901961
835,287,3.5357142857142856
835,313,4.269961977186312
835,127,4.312693498452012
836,192,4.080459770114943
836,690,3.4227642276422765
836,12,4.408256880733945
836,603,4.3602484472049685
836,258,3.7814070351758793
836,42,3.7796610169491527
836,793,3.75
836,875,2.761904761904762
836,900,3.911764705882353
836,507,3.8333333333333335
837,934,2.9
837,277,3.4814814814814814
837,9,3.8821138211382116
837,250,3.4551282051282053
837,284,3.1824324324324325
837,294,3.112947658402204
837,19,4.018867924528302
837,258,3.7814070351758793
837,220,3.240740740740741
837,16,3.272727272727273
838,945,4.0
838,12,4.408256880733945
838,311,3.7333333333333334
838,24,3.4135338345864663
838,173,4.15625
838,96,4.018099547511312
838,187,4.208588957055214
838,9,3.8821138211382116
838,276,3.7148936170212767
838,83,4.0647482014388485
838,204,3.8333333333333335
838,69,3.8832684824902723
838,318,4.437768240343348
838,732,3.6595744680851063
838,121,3.4656716417910447
838,28,3.935185185185185
838,480,4.302158273381295
838,385,3.5773809523809526
838,298,3.7642857142857142
839,713,3.509433962264151
839,93,3.835294117647059
839,106,2.9322033898305087
839,181,4.027093596059113
839,285,4.2204724409448815
839,323,2.918918918918919
839,813,3.9574468085106385
839,742,3.677570093457944
839,121,3.4656716417910447
839,220,3.240740740740741
839,1048,3.066666666666667
839,696,3.09375
840,187,4.208588957055214
840,430,3.9305555555555554
840,845,3.4779411764705883
840,238,3.8309178743961354
840,173,4.15625
840,473,3.118811881188119
840,22,4.162393162393163
840,588,3.75
840,659,4.087912087912088
840,186,3.86
840,234,3.751152073732719
840,639,3.814814814814815
840,435,3.9171597633136095
840,419,3.627586206896552
840,127,4.312693498452012
840,1266,3.0
840,135,3.9665071770334928
840,582,3.648854961832061
840,484,4.151785714285714
840,170,4.13
840,465,3.701492537313433
840,945,4.0
840,190,4.175257731958763
840,303,3.6944444444444446
840,609,3.519230769230769
840,367,3.4375
840,708,3.4698795180722892
840,707,3.814814814814815
840,154,3.832167832167832
840,98,4.283018867924528
840,429,4.012987012987013
840,631,3.6288659793814433
840,663,3.903225806451613
840,81,3.5421686746987953
840,732,3.6595744680851063
840,212,3.4743589743589745
840,209,3.8343949044585988
840,671,3.5526315789473686
840,99,3.7372262773722627
840,64,4.44
841,873,2.9545454545454546
841,748,3.0784313725490198
841,678,2.8373493975903616
841,353,2.5384615384615383
841,258,3.7814070351758793
841,302,4.165938864628821
841,689,3.1044776119402986
842,902,3.7222222222222223
842,349,2.8
842,268,3.81025641025641
842,874,3.129032258064516
842,288,3.455764075067024
842,315,4.104477611940299
843,79,4.056390977443609
843,154,3.832167832167832
843,427,4.287425149700598
843,69,3.8832684824902723
843,498,4.24031007751938
843,157,3.696078431372549
843,175,3.8523489932885906
843,152,3.5806451612903225
843,7,3.801302931596091
843,474,4.2405063291139244
843,298,3.7642857142857142
843,182,3.923076923076923
843,133,3.870503597122302
843,521,3.776595744680851
843,275,3.9904306220095696
843,679,2.9220779220779223
843,739,3.3410852713178296
843,441,2.55
843,452,2.5652173913043477
843,403,3.4394904458598727
843,416,3.404255319148936
843,252,3.032520325203252
843,238,3.8309178743961354
843,208,3.9554140127388533
843,161,3.5388888888888888
843,258,3.7814070351758793
843,25,3.4148471615720526
843,300,3.6176470588235294
843,465,3.701492537313433
843,603,4.3602484472049685
843,222,3.6254180602006687
843,633,4.127272727272727
843,566,3.633587786259542
843,181,4.027093596059113
843,191,4.153153153153153
843,615,4.023255813953488
843,52,3.7901234567901234
843,143,3.758426966292135
843,250,3.4551282051282053
843,96,4.018099547511312
843,172,4.180555555555555
844,144,3.8757062146892656
844,7,3.801302931596091
844,919,3.730769230769231
844,12,4.408256880733945
844,69,3.8832684824902723
844,511,4.157894736842105
844,471,3.66120218579235
844,216,3.9656652360515023
844,176,3.9624413145539905
844,405,3.286764705882353
844,260,2.6021505376344085
844,83,4.0647482014388485
844,89,4.173913043478261
844,418,3.609090909090909
844,588,3.75
844,154,3.832167832167832
844,184,3.4545454545454546
845,340,3.5517241379310347
845,690,3.4227642276422765
845,1399,2.4
845,313,4.269961977186312
845,751,3.4630872483221475
845,1463,4.5
845,268,3.81025641025641
846,603,4.3602484472049685
846,217,3.077777777777778
846,601,4.166666666666667
846,1044,3.1875
846,1439,3.1666666666666665
846,184,3.4545454545454546
846,63,2.9682539682539684
846,180,4.0
846,1473,3.3333333333333335
846,161,3.5388888888888888
846,655,3.8722222222222222
846,787,3.0
846,451,3.389261744966443
846,182,3.923076923076923
846,498,4.24031007751938
846,94,3.0275229357798166
846,64,4.44
846,33,3.45679012345679
846,494,3.975
846,495,3.6153846153846154
846,514,3.880281690140845
846,227,3.184
846,837,4.0
846,569,2.7017543859649122
846,673,3.5211267605633805
846,796,3.1153846153846154
846,415,3.0
846,731,3.15625
846,44,3.3174603174603177
846,134,4.269938650306749
846,198,3.989795918367347
846,68,3.3893805309734515
846,1124,3.8181818181818183
846,1206,2.5384615384615383
846,497,3.8035714285714284
846,204,3.8333333333333335
846,723,3.2142857142857144
846,1267,3.08
846,558,3.6964285714285716
846,1133,3.090909090909091
846,555,2.0
846,414,3.382978723404255
846,88,3.6011904761904763
846,665,2.775
846,622,3.3125
846,552,2.8055555555555554
846,490,3.9761904761904763
846,1110,2.8461538461538463
846,735,3.908256880733945
846,173,4.15625
846,183,4.004464285714286
846,432,3.6546762589928057
846,526,3.8876404494382024
846,90,3.1025641025641026
846,486,3.9130434782608696
846,1221,3.59375
846,650,3.4545454545454546
846,1297,3.0
846,679,2.9220779220779223
846,660,3.7777777777777777
846,1018,3.1923076923076925
846,443,3.801526717557252
846,429,4.012987012987013
846,478,4.116279069767442
846,549,3.5294117647058822
846,578,3.116883116883117
846,26,3.457627118644068
846,289,2.9651741293532337
846,663,3.903225806451613
846,510,4.041237113402062
846,423,3.782258064516129
846,615,4.023255813953488
846,504,3.787878787878788
846,1066,2.8333333333333335
846,507,3.8333333333333335
846,633,4.127272727272727
846,802,2.566666666666667
846,4,3.5
846,505,3.8846153846153846
846,1182,2.3636363636363638
846,185,4.101063829787234
847,200,3.7470588235294118
847,501,3.5670103092783507
847,428,3.8476190476190477
847,480,4.302158273381295
847,496,4.087431693989071
847,448,3.449275362318841
847,211,3.9289940828402368
847,157,3.696078431372549
847,567,2.8076923076923075
847,456,2.210526315789474
847,174,4.247787610619469
847,479,4.222222222222222
847,11,3.8743718592964824
847,204,3.8333333333333335
847,404,3.72972972972973
847,290,3.1875
847,1400,3.2857142857142856
847,482,3.970873786407767
847,568,3.64021164021164
847,181,4.027093596059113
847,258,3.7814070351758793
847,288,3.455764075067024
847,93,3.835294117647059
847,419,3.627586206896552
847,88,3.6011904761904763
847,473,3.118811881188119
847,485,3.9183673469387754
847,417,3.087719298245614
847,763,3.4488188976377954
847,228,3.8
848,971,3.769230769230769
848,615,4.023255813953488
848,210,3.9578544061302683
848,209,3.8343949044585988
848,238,3.8309178743961354
848,199,4.180327868852459
848,498,4.24031007751938
848,89,4.173913043478261
848,517,3.6666666666666665
848,185,4.101063829787234
848,134,4.269938650306749
848,133,3.870503597122302
848,265,3.840909090909091
848,165,4.155555555555556
848,479,4.222222222222222
848,419,3.627586206896552
848,191,4.153153153153153
848,655,3.8722222222222222
848,99,3.7372262773722627
848,480,4.302158273381295
848,530,4.064516129032258
848,50,4.347438752783964
848,529,3.948717948717949
848,202,3.782051282051282
848,141,3.491228070175439
848,163,3.5211267605633805
848,403,3.4394904458598727
848,520,4.1020408163265305
848,132,4.043010752688172
848,215,3.674698795180723
849,298,3.7642857142857142
849,118,3.2266666666666666
849,421,3.6
849,588,3.75
849,207,3.8823529411764706
850,566,3.633587786259542
850,95,3.8275862068965516
850,208,3.9554140127388533
850,132,4.043010752688172
850,96,4.018099547511312
850,181,4.027093596059113
850,22,4.162393162393163
850,202,3.782051282051282
850,153,3.77720207253886
850,28,3.935185185185185
850,490,3.9761904761904763
851,336,2.5
851,238,3.8309178743961354
851,866,3.303030303030303
851,331,3.5698924731182795
851,252,3.032520325203252
851,1280,2.6153846153846154
851,50,4.347438752783964
851,95,3.8275862068965516
851,824,2.72972972972973
851,22,4.162393162393163
851,979,3.1923076923076925
851,690,3.4227642276422765
851,304,3.53781512605042
851,1028,3.0545454545454547
851,71,3.847058823529412
851,981,1.6
851,1676,3.5261432572627136
851,176,3.9624413145539905
851,109,3.480769230769231
851,1598,1.75
851,112,2.6470588235294117
851,1277,3.466666666666667
851,591,3.6
851,144,3.8757062146892656
851,129,3.88659793814433
851,831,2.4177215189873418
851,318,4.437768240343348
851,180,4.0
851,475,3.910994764397906
851,266,2.4814814814814814
851,10,3.9295774647887325
851,121,3.4656716417910447
851,342,2.880952380952381
851,56,4.019047619047619
851,1094,2.6666666666666665
851,1120,3.1666666666666665
851,261,2.5
851,9,3.8821138211382116
851,286,3.661498708010336
851,347,3.49
851,349,2.8
851,161,3.5388888888888888
852,264,2.768292682926829
852,25,3.4148471615720526
852,930,2.6
852,472,2.9844961240310077
852,358,2.607142857142857
852,407,2.5517241379310347
852,121,3.4656716417910447
852,546,3.0634146341463415
852,260,2.6021505376344085
852,473,3.118811881188119
853,690,3.4227642276422765
853,286,3.661498708010336
853,259,2.6929133858267718
853,288,3.455764075067024
853,261,2.5
853,327,3.466666666666667
853,270,3.6019417475728157
853,358,2.607142857142857
853,292,3.6179775280898876
854,9,3.8821138211382116
854,409,3.1666666666666665
854,455,3.242424242424242
854,293,3.841666666666667
854,466,3.6444444444444444
854,855,3.68
854,271,3.2569832402234637
854,696,3.09375
854,287,3.5357142857142856
854,87,3.847457627118644
854,1014,3.1333333333333333
854,124,4.092105263157895
854,123,3.2065217391304346
854,294,3.112947658402204
854,127,4.312693498452012
854,303,3.6944444444444446
854,286,3.661498708010336
854,1077,3.1666666666666665
854,170,4.13
854,487,4.037735849056604
854,928,3.225
854,203,3.830188679245283
854,1284,2.8095238095238093
854,324,3.0721649484536084
854,431,3.5041322314049586
854,235,2.7873563218390807
854,840,2.6363636363636362
854,64,4.44
854,249,3.303030303030303
854,7,3.801302931596091
854,250,3.4551282051282053
854,257,3.758771929824561
854,132,4.043010752688172
854,713,3.509433962264151
854,118,3.2266666666666666
854,122,2.3493975903614457
854,528,4.159574468085107
854,825,3.1194029850746268
854,591,3.6
854,979,3.1923076923076925
854,22,4.162393162393163
854,744,3.418918918918919
854,290,3.1875
854,498,4.24031007751938
855,638,3.810810810810811
855,165,4.155555555555556
855,170,4.13
855,283,3.75
855,512,3.978723404255319
856,316,4.137931034482759
856,749,3.1578947368421053
856,313,4.269961977186312
856,272,4.261437908496732
856,748,3.0784313725490198
856,327,3.466666666666667
857,258,3.7814070351758793
857,328,3.3958333333333335
857,687,2.34
857,294,3.112947658402204
857,19,4.018867924528302
858,754,3.3541666666666665
858,515,4.25
858,292,3.6179775280898876
858,293,3.841666666666667
858,334,3.340909090909091
859,535,3.159090909090909
859,276,3.7148936170212767
859,151,3.612403100775194
859,381,3.5641025641025643
859,410,3.076923076923077
859,118,3.2266666666666666
859,476,3.0551181102362204
859,287,3.5357142857142856
860,26,3.457627118644068
860,690,3.4227642276422765
860,245,3.1036269430051813
860,333,3.59
860,712,3.0
860,300,3.6176470588235294
860,310,3.559322033898305
860,70,3.6381909547738696
860,332,3.4601769911504423
860,220,3.240740740740741
860,678,2.8373493975903616
860,302,4.165938864628821
860,715,3.111111111111111
860,159,3.271604938271605
860,313,4.269961977186312
861,286,3.661498708010336
861,529,3.948717948717949
861,737,3.0
861,509,3.923076923076923
861,463,3.819672131147541
861,1227,2.142857142857143
861,52,3.7901234567901234
861,292,3.6179775280898876
861,70,3.6381909547738696
862,633,4.127272727272727
862,271,3.2569832402234637
862,59,4.125
862,866,3.303030303030303
862,519,4.08955223880597
862,526,3.8876404494382024
862,127,4.312693498452012
862,405,3.286764705882353
862,1050,3.6470588235294117
862,432,3.6546762589928057
862,257,3.758771929824561
862,89,4.173913043478261
862,99,3.7372262773722627
862,1110,2.8461538461538463
862,603,4.3602484472049685
862,413,2.6
862,205,3.9572649572649574
862,276,3.7148936170212767
862,201,3.52
862,1109,3.238095238095238
862,172,4.180555555555555
862,214,3.3636363636363638
862,845,3.4779411764705883
862,1009,3.4468085106382977
862,222,3.6254180602006687
862,216,3.9656652360515023
862,183,4.004464285714286
862,435,3.9171597633136095
862,260,2.6021505376344085
862,930,2.6
862,467,3.761904761904762
862,977,2.789473684210526
862,100,4.174242424242424
863,1679,3.5261432572627136
863,1294,2.8
863,289,2.9651741293532337
863,242,4.065217391304348
863,752,3.25
863,872,3.310344827586207
863,882,3.2
863,751,3.4630872483221475
863,301,3.2604166666666665
863,749,3.1578947368421053
863,1395,2.0
863,330,3.242424242424242
863,359,3.769230769230769
863,1024,3.642857142857143
863,299,3.0
863,316,4.137931034482759
863,886,3.024390243902439
863,328,3.3958333333333335
863,909,3.6
863,885,2.3636363636363638
863,272,4.261437908496732
863,294,3.112947658402204
864,65,3.5164835164835164
864,1425,2.5714285714285716
864,222,3.6254180602006687
864,577,2.2285714285714286
864,404,3.72972972972973
864,294,3.112947658402204
864,710,3.5714285714285716
864,549,3.5294117647058822
864,282,3.6758241758241756
864,56,4.019047619047619
864,87,3.847457627118644
864,106,2.9322033898305087
864,501,3.5670103092783507
864,217,3.077777777777778
864,91,3.5789473684210527
864,50,4.347438752783964
864,64,4.44
864,736,3.9516129032258065
864,483,4.5
864,356,3.382716049382716
864,54,3.253012048192771
864,930,2.6
864,380,3.297872340425532
864,134,4.269938650306749
864,25,3.4148471615720526
864,47,3.584070796460177
864,665,2.775
864,109,3.480769230769231
864,561,2.9318181818181817
864,133,3.870503597122302
864,8,4.011363636363637
864,717,2.859154929577465
864,408,4.482352941176471
864,237,3.707395498392283
864,125,3.5255102040816326
864,176,3.9624413145539905
864,234,3.751152073732719
864,755,3.2987012987012987
864,328,3.3958333333333335
864,596,3.326530612244898
864,230,3.460122699386503
864,1,3.900804289544236
864,770,3.36734693877551
864,1208,2.75
864,52,3.7901234567901234
864,1446,3.1538461538461537
864,145,2.4074074074074074
864,651,4.074324324324325
864,966,4.2
864,169,4.462365591397849
864,116,3.78
864,15,3.8026315789473686
864,623,2.903225806451613
864,892,2.7333333333333334
864,1016,3.4434782608695653
864,223,4.153153153153153
864,102,2.9782608695652173
864,151,3.612403100775194
864,250,3.4551282051282053
865,547,3.257142857142857
865,743,1.8666666666666667
865,189,4.078431372549019
865,302,4.165938864628821
865,831,2.4177215189873418
865,258,3.7814070351758793
865,271,3.2569832402234637
865,1240,3.526315789473684
865,501,3.5670103092783507
865,926,2.697674418604651
865,919,3.730769230769231
865,91,3.5789473684210527
865,148,3.2395833333333335
865,1009,3.4468085106382977
866,319,3.2301587301587302
866,306,4.0
866,302,4.165938864628821
866,896,3.7948717948717947
867,289,2.9651741293532337
867,69,3.8832684824902723
867,483,4.5
867,276,3.7148936170212767
867,480,4.302158273381295
867,328,3.3958333333333335
867,183,4.004464285714286
867,855,3.68
867,431,3.5041322314049586
867,294,3.112947658402204
867,175,3.8523489932885906
867,528,4.159574468085107
867,181,4.027093596059113
867,511,4.157894736842105
867,79,4.056390977443609
867,529,3.948717948717949
867,250,3.4551282051282053
867,423,3.782258064516129
867,651,4.074324324324325
868,509,3.923076923076923
868,385,3.5773809523809526
868,710,3.5714285714285716
868,679,2.9220779220779223
868,498,4.24031007751938
868,398,2.1666666666666665
868,225,2.9431818181818183
868,1035,3.19672131147541
868,1,3.900804289544236
868,470,3.6704545454545454
868,452,2.5652173913043477
868,426,2.782608695652174
868,69,3.8832684824902723
868,121,3.4656716417910447
868,408,4.482352941176471
868,189,4.078431372549019
868,268,3.81025641025641
868,180,4.0
868,1028,3.0545454545454547
868,566,3.633587786259542
868,178,4.346938775510204
868,825,3.1194029850746268
868,150,3.8125
868,160,3.4545454545454546
868,81,3.5421686746987953
868,95,3.8275862068965516
868,128,3.6041666666666665
868,919,3.730769230769231
868,179,3.956043956043956
868,98,4.283018867924528
868,195,3.9402390438247012
868,167,2.981132075471698
868,207,3.8823529411764706
868,621,3.0
868,506,3.791044776119403
868,232,3.2222222222222223
868,172,4.180555555555555
868,524,4.0
868,210,3.9578544061302683
868,127,4.312693498452012
868,24,3.4135338345864663
868,1509,1.3333333333333333
869,476,3.0551181102362204
869,50,4.347438752783964
869,253,3.473684210526316
869,1163,2.6875
869,1047,2.892857142857143
869,276,3.7148936170212767
869,1014,3.1333333333333333
869,412,2.410958904109589
869,118,3.2266666666666666
869,1134,3.34375
870,1664,3.0
870,340,3.5517241379310347
870,550,3.25
870,647,4.05
870,640,3.0161290322580645
870,649,3.3947368421052633
870,10,3.9295774647887325
870,558,3.6964285714285716
870,1230,1.7333333333333334
870,644,3.838709677419355
870,475,3.910994764397906
870,13,3.361842105263158
870,182,3.923076923076923
870,631,3.6288659793814433
870,6,3.473684210526316
870,481,3.92
870,1014,3.1333333333333333
870,88,3.6011904761904763
870,268,3.81025641025641
870,480,4.302158273381295
870,651,4.074324324324325
870,196,3.9170731707317072
870,789,3.6216216216216215
870,284,3.1824324324324325
870,31,3.6495726495726495
870,710,3.5714285714285716
870,66,3.5671641791044775
870,148,3.2395833333333335
870,1090,2.5517241379310347
870,1020,3.962962962962963
870,87,3.847457627118644
870,395,2.6097560975609757
870,384,2.8727272727272726
870,318,4.437768240343348
870,421,3.6
870,273,3.596774193548387
870,431,3.5041322314049586
870,494,3.975
870,396,2.744186046511628
870,286,3.661498708010336
870,192,4.080459770114943
870,218,3.437037037037037
870,673,3.5211267605633805
870,332,3.4601769911504423
870,732,3.6595744680851063
870,1006,2.8823529411764706
870,514,3.880281690140845
870,513,4.362068965517241
870,367,3.4375
870,474,4.2405063291139244
870,302,4.165938864628821
870,508,3.585526315789474
870,692,3.672
870,658,3.388059701492537
871,402,3.404109589041096
871,566,3.633587786259542
871,270,3.6019417475728157
871,549,3.5294117647058822
871,121,3.4656716417910447
871,335,2.7222222222222223
871,313,4.269961977186312
871,342,2.880952380952381
871,947,3.4
871,794,3.6666666666666665
871,181,4.027093596059113
871,195,3.9402390438247012
871,197,4.077319587628866
871,905,3.3043478260869565
871,989,2.9285714285714284
871,190,4.175257731958763
871,11,3.8743718592964824
871,360,2.6666666666666665
871,226,3.352
871,307,3.524137931034483
871,883,3.2857142857142856
871,747,3.513157894736842
871,187,4.208588957055214
872,864,3.1449275362318843
872,282,3.6758241758241756
872,1284,2.8095238095238093
872,111,3.506787330316742
872,892,2.7333333333333334
872,928,3.225
872,300,3.6176470588235294
872,820,2.717948717948718
872,925,3.25
872,409,3.1666666666666665
872,1061,3.0
872,332,3.4601769911504423
872,1047,2.892857142857143
872,845,3.4779411764705883
872,1011,3.26027397260274
873,328,3.3958333333333335
873,258,3.7814070351758793
873,289,2.9651741293532337
873,269,3.9486166007905137
874,20,3.4
874,751,3.4630872483221475
874,275,3.9904306220095696
874,111,3.506787330316742
874,748,3.0784313725490198
874,150,3.8125
874,357,4.330188679245283
875,334,3.340909090909091
875,183,4.004464285714286
875,96,4.018099547511312
875,478,4.116279069767442
875,806,3.5277777777777777
875,511,4.157894736842105
875,286,3.661498708010336
875,651,4.074324324324325
875,174,4.247787610619469
875,8,4.011363636363637
875,98,4.283018867924528
875,358,2.607142857142857
875,753,3.736842105263158
875,179,3.956043956043956
875,921,4.0
875,692,3.672
875,321,3.0942028985507246
875,71,3.847058823529412
876,604,3.96875
876,19,4.018867924528302
876,286,3.661498708010336
876,523,4.0
876,878,2.5
877,185,4.101063829787234
877,538,3.36
877,302,4.165938864628821
877,549,3.5294117647058822
877,340,3.5517241379310347
877,531,3.9405940594059405
877,202,3.782051282051282
877,748,3.0784313725490198
877,207,3.8823529411764706
877,31,3.6495726495726495
877,61,3.8666666666666667
877,83,4.0647482014388485
877,955,3.422222222222222
877,60,3.9615384615384617
877,216,3.9656652360515023
877,553,3.2222222222222223
877,173,4.15625
878,418,3.609090909090909
878,588,3.75
878,166,4.153846153846154
878,116,3.78
878,1039,4.069444444444445
878,781,3.3333333333333335
878,9,3.8821138211382116
878,70,3.6381909547738696
878,416,3.404255319148936
878,481,3.92
878,154,3.832167832167832
878,212,3.4743589743589745
878,140,3.235294117647059
878,549,3.5294117647058822
878,126,3.7948717948717947
878,451,3.389261744966443
878,1121,3.764705882352941
878,317,3.89010989010989
878,276,3.7148936170212767
878,45,4.151515151515151
878,318,4.437768240343348
878,1092,2.3333333333333335
878,692,3.672
878,662,3.5238095238095237
878,796,3.1153846153846154
878,732,3.6595744680851063
878,427,4.287425149700598
879,276,3.7148936170212767
879,181,4.027093596059113
879,282,3.6758241758241756
879,50,4.347438752783964
879,597,3.1412429378531073
879,237,3.707395498392283
880,407,2.5517241379310347
880,401,2.796875
880,375,2.0
880,7,3.801302931596091
880,396,2.744186046511628
880,720,2.9833333333333334
880,281,3.111111111111111
880,1023,2.6153846153846154
880,268,3.81025641025641
880,783,2.925925925925926
880,63,2.9682539682539684
880,172,4.180555555555555
880,365,3.275
880,31,3.6495726495726495
880,128,3.6041666666666665
880,815,3.21978021978022
880,692,3.672
880,346,3.622448979591837
880,393,3.4324324324324325
880,231,2.6576576576576576
880,550,3.25
880,249,3.303030303030303
880,1185,2.4285714285714284
880,82,3.7156398104265405
880,435,3.9171597633136095
880,1197,3.65625
880,403,3.4394904458598727
880,282,3.6758241758241756
880,204,3.8333333333333335
880,780,3.0172413793103448
880,347,3.49
880,1181,2.5
880,280,3.242424242424242
880,693,3.6202531645569622
880,1035,3.19672131147541
880,240,2.7401574803149606
880,825,3.1194029850746268
880,237,3.707395498392283
880,110,2.625
880,477,3.1578947368421053
880,1052,2.526315789473684
880,603,4.3602484472049685
880,926,2.697674418604651
880,902,3.7222222222222223
880,148,3.2395833333333335
880,1518,3.0
880,1036,2.8636363636363638
880,392,3.6271186440677967
880,287,3.5357142857142856
880,38,2.941747572815534
880,226,3.352
880,250,3.4551282051282053
880,363,2.707317073170732
880,161,3.5388888888888888
880,824,2.72972972972973
880,689,3.1044776119402986
880,96,4.018099547511312
880,21,2.7746478873239435
880,118,3.2266666666666666
880,1478,2.533333333333333
880,678,2.8373493975903616
880,1496,2.5
880,527,4.0064935064935066
880,276,3.7148936170212767
880,137,3.8840579710144927
880,570,3.0697674418604652
880,1277,3.466666666666667
880,50,4.347438752783964
880,95,3.8275862068965516
880,619,3.0980392156862746
880,410,3.076923076923077
880,91,3.5789473684210527
880,4,3.5
880,575,2.611111111111111
881,625,3.3
881,100,4.174242424242424
881,70,3.6381909547738696
881,51,3.3448275862068964
881,105,2.5238095238095237
881,1164,2.5
881,654,4.061946902654867
881,175,3.8523489932885906
881,188,3.6783216783216783
881,186,3.86
881,64,4.44
881,286,3.661498708010336
881,934,2.9
881,180,4.0
881,15,3.8026315789473686
881,465,3.701492537313433
881,671,3.5526315789473686
881,601,4.166666666666667
881,95,3.8275862068965516
881,243,2.3823529411764706
881,409,3.1666666666666665
881,62,3.0816326530612246
881,191,4.153153153153153
881,294,3.112947658402204
881,291,3.392156862745098
881,520,4.1020408163265305
881,423,3.782258064516129
881,7,3.801302931596091
881,477,3.1578947368421053
881,43,2.9411764705882355
881,215,3.674698795180723
881,506,3.791044776119403
881,620,3.1714285714285713
881,705,4.048543689320389
881,200,3.7470588235294118
881,96,4.018099547511312
881,120,2.3333333333333335
881,195,3.9402390438247012
881,451,3.389261744966443
881,127,4.312693498452012
881,739,3.3410852713178296
881,193,3.9411764705882355
881,134,4.269938650306749
881,474,4.2405063291139244
881,1480,2.2222222222222223
881,209,3.8343949044585988
881,412,2.410958904109589
881,54,3.253012048192771
881,615,4.023255813953488
881,414,3.382978723404255
881,511,4.157894736842105
881,403,3.4394904458598727
882,378,3.658536585365854
882,205,3.9572649572649574
882,210,3.9578544061302683
882,173,4.15625
882,432,3.6546762589928057
882,692,3.672
882,11,3.8743718592964824
882,230,3.460122699386503
882,183,4.004464285714286
882,455,3.242424242424242
882,1015,2.2857142857142856
882,582,3.648854961832061
882,172,4.180555555555555
882,4,3.5
882,193,3.9411764705882355
882,258,3.7814070351758793
882,294,3.112947658402204
882,815,3.21978021978022
882,1412,1.5
882,118,3.2266666666666666
882,131,3.717948717948718
882,357,4.330188679245283
882,407,2.5517241379310347
882,117,3.633986928104575
882,265,3.840909090909091
882,969,3.838709677419355
882,21,2.7746478873239435
882,427,4.287425149700598
883,306,4.0
883,713,3.509433962264151
883,1656,2.0
883,185,4.101063829787234
883,1074,2.935483870967742
883,270,3.6019417475728157
883,1041,3.142857142857143
883,530,4.064516129032258
883,647,4.05
883,151,3.612403100775194
883,153,3.77720207253886
883,781,3.3333333333333335
883,407,2.5517241379310347
883,1448,3.0
883,847,3.840909090909091
883,796,3.1153846153846154
883,347,3.49
883,338,2.5072463768115942
883,24,3.4135338345864663
883,79,4.056390977443609
883,134,4.269938650306749
883,1591,3.0
883,285,4.2204724409448815
883,56,4.019047619047619
883,26,3.457627118644068
883,277,3.4814814814814814
883,311,3.7333333333333334
883,135,3.9665071770334928
883,81,3.5421686746987953
883,514,3.880281690140845
883,72,3.203883495145631
883,19,4.018867924528302
883,204,3.8333333333333335
883,190,4.175257731958763
883,661,4.097222222222222
883,971,3.769230769230769
883,173,4.15625
883,477,3.1578947368421053
883,396,2.744186046511628
883,863,4.285714285714286
883,648,3.9166666666666665
883,154,3.832167832167832
883,561,2.9318181818181817
883,7,3.801302931596091
883,919,3.730769230769231
883,384,2.8727272727272726
883,113,4.0
883,727,3.375
883,461,3.607142857142857
883,65,3.5164835164835164
883,30,4.125
883,127,4.312693498452012
883,302,4.165938864628821
883,226,3.352
884,463,3.819672131147541
884,640,3.0161290322580645
884,529,3.948717948717949
884,179,3.956043956043956
884,921,4.0
884,1073,3.7547169811320753
884,198,3.989795918367347
884,146,2.5
884,323,2.918918918918919
885,153,3.77720207253886
885,451,3.389261744966443
885,419,3.627586206896552
885,582,3.648854961832061
885,94,3.0275229357798166
885,97,3.8097560975609754
885,501,3.5670103092783507
885,274,3.4482758620689653
885,213,3.9541284403669725
885,196,3.9170731707317072
885,584,3.5303030303030303
885,417,3.087719298245614
885,685,3.375
885,210,3.9578544061302683
885,95,3.8275862068965516
885,237,3.707395498392283
885,56,4.019047619047619
885,72,3.203883495145631
885,300,3.6176470588235294
885,70,3.6381909547738696
885,91,3.5789473684210527
886,80,2.6538461538461537
886,268,3.81025641025641
886,96,4.018099547511312
886,631,3.6288659793814433
886,168,4.081967213114754
886,153,3.77720207253886
886,732,3.6595744680851063
886,147,3.4503311258278146
886,959,3.52
886,943,3.411764705882353
886,26,3.457627118644068
886,1019,3.923076923076923
886,364,2.6206896551724137
886,803,2.75
886,172,4.180555555555555
886,180,4.0
886,66,3.5671641791044775
886,157,3.696078431372549
886,433,3.7071428571428573
886,174,4.247787610619469
886,582,3.648854961832061
886,328,3.3958333333333335
886,204,3.8333333333333335
886,371,3.04
886,288,3.455764075067024
886,657,4.235849056603773
886,177,3.926605504587156
886,1435,2.25
886,546,3.0634146341463415
886,726,2.5454545454545454
886,23,4.13375796178344
886,692,3.672
886,819,2.65625
886,381,3.5641025641025643
886,196,3.9170731707317072
886,558,3.6964285714285716
886,1267,3.08
886,496,4.087431693989071
886,15,3.8026315789473686
886,919,3.730769230769231
886,160,3.4545454545454546
886,1095,2.4583333333333335
886,227,3.184
886,71,3.847058823529412
886,241,3.5
886,228,3.8
886,3,3.095890410958904
886,108,3.036363636363636
887,368,1.8636363636363635
887,471,3.66120218579235
887,69,3.8832684824902723
887,1084,3.7333333333333334
887,195,3.9402390438247012
887,416,3.404255319148936
887,926,2.697674418604651
887,1051,3.1666666666666665
887,405,3.286764705882353
887,65,3.5164835164835164
887,1063,3.7058823529411766
887,934,2.9
887,279,3.25
887,473,3.118811881188119
887,305,3.716417910447761
887,931,2.0697674418604652
887,871,2.2982456140350878
887,204,3.8333333333333335
887,768,3.0416666666666665
887,1012,3.55
887,1029,1.7
887,404,3.72972972972973
887,455,3.242424242424242
887,1033,2.6
887,501,3.5670103092783507
887,82,3.7156398104265405
887,946,3.196078431372549
887,294,3.112947658402204
887,993,3.5925925925925926
887,1015,2.2857142857142856
887,128,3.6041666666666665
887,559,3.1826086956521737
887,369,2.477272727272727
887,99,3.7372262773722627
887,443,3.801526717557252
888,792,3.734375
888,191,4.153153153153153
888,274,3.4482758620689653
888,153,3.77720207253886
889,94,3.0275229357798166
889,515,4.25
889,676,3.3484848484848486
889,135,3.9665071770334928
889,203,3.830188679245283
889,204,3.8333333333333335
889,191,4.153153153153153
889,298,3.7642857142857142
889,240,2.7401574803149606
889,96,4.018099547511312
889,979,3.1923076923076925
889,408,4.482352941176471
889,944,3.0
889,512,3.978723404255319
889,479,4.222222222222222
889,631,3.6288659793814433
889,474,4.2405063291139244
889,494,3.975
889,399,3.3043478260869565
889,650,3.4545454545454546
889,219,3.202247191011236
889,469,3.7735849056603774
889,488,4.196078431372549
889,67,3.0588235294117645
889,1079,2.303030303030303
889,186,3.86
889,31,3.6495726495726495
889,462,3.810344827586207
889,188,3.6783216783216783
889,129,3.88659793814433
889,32,3.953846153846154
889,147,3.4503311258278146
889,183,4.004464285714286
889,546,3.0634146341463415
889,737,3.0
889,1103,3.9285714285714284
889,1262,4.333333333333333
889,7,3.801302931596091
889,1419,2.0
889,385,3.5773809523809526
889,684,3.8
889,226,3.352
889,192,4.080459770114943
889,664,3.4358974358974357
889,789,3.6216216216216215
889,177,3.926605504587156
889,124,4.092105263157895
889,427,4.287425149700598
889,291,3.392156862745098
889,181,4.027093596059113
889,1134,3.34375
889,455,3.242424242424242
889,686,3.789473684210526
889,39,3.264705882352941
889,338,2.5072463768115942
889,4,3.5
889,249,3.303030303030303
889,771,2.75
889,69,3.8832684824902723
889,763,3.4488188976377954
889,566,3.633587786259542
889,239,3.5294117647058822
889,268,3.81025641025641
889,169,4.462365591397849
889,847,3.840909090909091
889,1170,3.05
890,228,3.8
890,176,3.9624413145539905
890,135,3.9665071770334928
890,237,3.707395498392283
890,1065,3.372093023255814
890,447,3.4081632653061225
890,404,3.72972972972973
890,1149,3.8947368421052633
890,340,3.5517241379310347
890,230,3.460122699386503
890,193,3.9411764705882355
890,435,3.9171597633136095
890,662,3.5238095238095237
890,205,3.9572649572649574
890,163,3.5211267605633805
890,427,4.287425149700598
890,675,3.4285714285714284
890,520,4.1020408163265305
890,179,3.956043956043956
890,496,4.087431693989071
890,174,4.247787610619469
890,211,3.9289940828402368
890,636,3.283582089552239
890,101,3.25
891,15,3.8026315789473686
891,126,3.7948717948717947
891,476,3.0551181102362204
891,546,3.0634146341463415
891,1028,3.0545454545454547
891,282,3.6758241758241756
891,595,3.1176470588235294
891,313,4.269961977186312
891,127,4.312693498452012
891,181,4.027093596059113
892,11,3.8743718592964824
892,192,4.080459770114943
892,81,3.5421686746987953
892,1078,2.8333333333333335
892,636,3.283582089552239
892,615,4.023255813953488
892,393,3.4324324324324325
892,226,3.352
892,195,3.9402390438247012
892,417,3.087719298245614
892,127,4.312693498452012
892,2,3.18
892,132,4.043010752688172
892,100,4.174242424242424
892,273,3.596774193548387
892,118,3.2266666666666666
892,523,4.0
892,521,3.776595744680851
892,121,3.4656716417910447
892,501,3.5670103092783507
892,133,3.870503597122302
892,135,3.9665071770334928
892,1224,2.4444444444444446
892,436,3.576923076923077
892,649,3.3947368421052633
892,87,3.847457627118644
892,194,4.0473684210526315
892,481,3.92
892,480,4.302158273381295
892,495,3.6153846153846154
892,430,3.9305555555555554
892,405,3.286764705882353
892,763,3.4488188976377954
892,479,4.222222222222222
892,176,3.9624413145539905
892,566,3.633587786259542
892,63,2.9682539682539684
892,144,3.8757062146892656
892,31,3.6495726495726495
892,679,2.9220779220779223
892,155,3.0125
892,68,3.3893805309734515
892,222,3.6254180602006687
892,484,4.151785714285714
892,631,3.6288659793814433
892,420,3.739130434782609
893,820,2.717948717948718
893,405,3.286764705882353
893,410,3.076923076923077
893,476,3.0551181102362204
893,148,3.2395833333333335
893,144,3.8757062146892656
893,56,4.019047619047619
893,471,3.66120218579235
893,122,2.3493975903614457
893,151,3.612403100775194
893,246,3.943396226415094
893,259,2.6929133858267718
894,147,3.4503311258278146
894,249,3.303030303030303
894,271,3.2569832402234637
894,752,3.25
894,515,4.25
894,14,4.0510948905109485
894,736,3.9516129032258065
894,111,3.506787330316742
894,345,3.4313725490196076
894,1089,2.0303030303030303
894,213,3.9541284403669725
894,311,3.7333333333333334
894,905,3.3043478260869565
894,707,3.814814814814815
894,936,3.9615384615384617
894,286,3.661498708010336
894,691,3.5
894,283,3.75
894,260,2.6021505376344085
894,124,4.092105263157895
894,535,3.159090909090909
894,275,3.9904306220095696
894,334,3.340909090909091
894,1073,3.7547169811320753
894,252,3.032520325203252
894,287,3.5357142857142856
894,1048,3.066666666666667
894,148,3.2395833333333335
894,638,3.810810810810811
894,121,3.4656716417910447
894,25,3.4148471615720526
894,30,4.125
894,70,3.6381909547738696
894,883,3.2857142857142856
894,937,3.52
894,268,3.81025641025641
894,59,4.125
894,1016,3.4434782608695653
894,690,3.4227642276422765
894,1281,3.3333333333333335
894,170,4.13
894,16,3.272727272727273
894,277,3.4814814814814814
894,295,3.4166666666666665
894,1153,3.5
894,678,2.8373493975903616
894,903,3.066666666666667
894,50,4.347438752783964
894,313,4.269961977186312
895,742,3.677570093457944
895,100,4.174242424242424
895,748,3.0784313725490198
895,283,3.75
896,325,2.4081632653061225
896,42,3.7796610169491527
896,48,4.0625
896,226,3.352
896,7,3.801302931596091
896,235,2.7873563218390807
896,928,3.225
896,101,3.25
896,51,3.3448275862068964
896,399,3.3043478260869565
896,50,4.347438752783964
896,241,3.5
896,379,2.9285714285714284
896,121,3.4656716417910447
896,89,4.173913043478261
896,288,3.455764075067024
896,223,4.153153153153153
896,662,3.5238095238095237
896,328,3.3958333333333335
896,1303,2.1333333333333333
896,763,3.4488188976377954
896,135,3.9665071770334928
896,313,4.269961977186312
896,568,3.64021164021164
896,526,3.8876404494382024
896,425,3.7941176470588234
896,515,4.25
896,159,3.271604938271605
896,302,4.165938864628821
896,216,3.9656652360515023
896,22,4.162393162393163
896,770,3.36734693877551
896,1248,3.0
896,196,3.9170731707317072
896,1214,1.8333333333333333
896,187,4.208588957055214
896,1101,3.711864406779661
896,179,3.956043956043956
896,1134,3.34375
896,225,2.9431818181818183
896,230,3.460122699386503
896,462,3.810344827586207
896,429,4.012987012987013
896,190,4.175257731958763
896,198,3.989795918367347
896,642,3.5416666666666665
896,232,3.2222222222222223
896,427,4.287425149700598
896,217,3.077777777777778
896,708,3.4698795180722892
896,203,3.830188679245283
896,191,4.153153153153153
896,1672,2.0
896,474,4.2405063291139244
896,887,3.56
896,808,2.923076923076923
896,91,3.5789473684210527
896,8,4.011363636363637
896,199,4.180327868852459
896,710,3.5714285714285716
896,1011,3.26027397260274
896,686,3.789473684210526
896,282,3.6758241758241756
896,546,3.0634146341463415
896,742,3.677570093457944
896,562,3.289473684210526
896,250,3.4551282051282053
896,476,3.0551181102362204
896,1267,3.08
896,1423,2.3333333333333335
896,1183,2.2941176470588234
896,210,3.9578544061302683
896,1351,2.0
897,184,3.4545454545454546
897,510,4.041237113402062
897,232,3.2222222222222223
897,609,3.519230769230769
897,235,2.7873563218390807
897,597,3.1412429378531073
897,265,3.840909090909091
897,659,4.087912087912088
897,1033,2.6
897,66,3.5671641791044775
897,389,3.5238095238095237
897,141,3.491228070175439
897,369,2.477272727272727
897,760,2.710526315789474
897,196,3.9170731707317072
897,177,3.926605504587156
897,181,4.027093596059113
897,951,2.857142857142857
897,530,4.064516129032258
897,204,3.8333333333333335
897,227,3.184
897,69,3.8832684824902723
897,50,4.347438752783964
897,168,4.081967213114754
897,179,3.956043956043956
897,568,3.64021164021164
897,71,3.847058823529412
897,455,3.242424242424242
897,222,3.6254180602006687
897,699,3.6875
897,465,3.701492537313433
897,566,3.633587786259542
897,273,3.596774193548387
897,485,3.9183673469387754
897,187,4.208588957055214
897,622,3.3125
897,470,3.6704545454545454
898,315,4.104477611940299
898,242,4.065217391304348
898,316,4.137931034482759
898,347,3.49
898,334,3.340909090909091
898,312,3.28125
899,204,3.8333333333333335
899,51,3.3448275862068964
899,356,3.382716049382716
899,194,4.0473684210526315
899,746,3.65625
899,168,4.081967213114754
899,254,2.488372093023256
899,658,3.388059701492537
899,193,3.9411764705882355
899,515,4.25
899,428,3.8476190476190477
899,435,3.9171597633136095
899,173,4.15625
899,48,4.0625
899,197,4.077319587628866
899,483,4.5
899,117,3.633986928104575
899,471,3.66120218579235
899,234,3.751152073732719
899,195,3.9402390438247012
899,95,3.8275862068965516
899,291,3.392156862745098
899,174,4.247787610619469
899,685,3.375
899,176,3.9624413145539905
899,724,3.4464285714285716
899,684,3.8
900,493,4.288888888888889
900,294,3.112947658402204
900,183,4.004464285714286
900,280,3.242424242424242
900,121,3.4656716417910447
900,618,3.6
900,871,2.2982456140350878
900,318,4.437768240343348
900,429,4.012987012987013
901,234,3.751152073732719
901,63,2.9682539682539684
901,403,3.4394904458598727
901,866,3.303030303030303
901,477,3.1578947368421053
901,294,3.112947658402204
901,1047,2.892857142857143
901,546,3.0634146341463415
901,140,3.235294117647059
901,243,2.3823529411764706
901,636,3.283582089552239
901,430,3.9305555555555554
901,728,2.973684210526316
901,429,4.012987012987013
901,509,3.923076923076923
901,28,3.935185185185185
901,58,3.6808510638297873
901,237,3.707395498392283
901,322,3.0994475138121547
901,71,3.847058823529412
901,69,3.8832684824902723
901,216,3.9656652360515023
901,560,2.8
901,391,2.66
901,395,2.6097560975609757
902,257,3.758771929824561
902,327,3.466666666666667
902,993,3.5925925925925926
902,144,3.8757062146892656
902,50,4.347438752783964
902,181,4.027093596059113
902,480,4.302158273381295
902,134,4.269938650306749
902,8,4.011363636363637
902,268,3.81025641025641
903,118,3.2266666666666666
903,47,3.584070796460177
903,177,3.926605504587156
903,595,3.1176470588235294
903,544,3.16
903,56,4.019047619047619
903,59,4.125
903,421,3.6
903,994,2.5
903,196,3.9170731707317072
903,191,4.153153153153153
903,520,4.1020408163265305
903,156,3.865546218487395
903,106,2.9322033898305087
903,746,3.65625
903,214,3.3636363636363638
903,179,3.956043956043956
903,61,3.8666666666666667
903,46,3.611111111111111
903,64,4.44
903,820,2.717948717948718
903,254,2.488372093023256
903,9,3.8821138211382116
903,252,3.032520325203252
903,11,3.8743718592964824
903,317,3.89010989010989
903,1067,3.4324324324324325
903,91,3.5789473684210527
904,202,3.782051282051282
904,724,3.4464285714285716
904,1152,3.2916666666666665
904,682,3.088607594936709
904,796,3.1153846153846154
904,300,3.6176470588235294
904,421,3.6
904,90,3.1025641025641026
904,255,3.3175675675675675
904,117,3.633986928104575
905,475,3.910994764397906
905,322,3.0994475138121547
905,7,3.801302931596091
905,273,3.596774193548387
905,117,3.633986928104575
905,302,4.165938864628821
905,508,3.585526315789474
905,237,3.707395498392283
906,7,3.801302931596091
906,991,2.3684210526315788
906,270,3.6019417475728157
906,10,3.9295774647887325
906,221,3.71875
906,696,3.09375
906,1009,3.4468085106382977
906,277,3.4814814814814814
906,273,3.596774193548387
907,710,3.5714285714285716
907,472,2.9844961240310077
907,1057,2.25
907,520,4.1020408163265305
907,248,3.611940298507463
907,181,4.027093596059113
907,235,2.7873563218390807
907,591,3.6
907,278,3.125
907,237,3.707395498392283
907,1119,3.625
907,272,4.261437908496732
907,742,3.677570093457944
907,143,3.758426966292135
907,151,3.612403100775194
907,88,3.6011904761904763
907,245,3.1036269430051813
907,118,3.2266666666666666
907,748,3.0784313725490198
907,781,3.3333333333333335
907,120,2.3333333333333335
907,5,3.318840579710145
907,506,3.791044776119403
907,19,4.018867924528302
907,117,3.633986928104575
907,699,3.6875
907,290,3.1875
907,123,3.2065217391304346
907,1040,2.7058823529411766
907,333,3.59
908,79,4.056390977443609
908,419,3.627586206896552
908,483,4.5
908,111,3.506787330316742
908,694,4.142857142857143
908,204,3.8333333333333335
908,209,3.8343949044585988
908,654,4.061946902654867
908,98,4.283018867924528
908,156,3.865546218487395
908,124,4.092105263157895
908,479,4.222222222222222
908,494,3.975
908,484,4.151785714285714
908,482,3.970873786407767
909,275,3.9904306220095696
909,286,3.661498708010336
909,14,4.0510948905109485
909,582,3.648854961832061
909,339,3.2
909,292,3.6179775280898876
910,597,3.1412429378531073
910,100,4.174242424242424
910,124,4.092105263157895
910,288,3.455764075067024
910,24,3.4135338345864663
910,289,2.9651741293532337
910,125,3.5255102040816326
910,1,3.900804289544236
910,181,4.027093596059113
910,845,3.4779411764705883
910,1025,2.9696969696969697
910,117,3.633986928104575
911,238,3.8309178743961354
911,199,4.180327868852459
911,474,4.2405063291139244
911,483,4.5
911,507,3.8333333333333335
911,506,3.791044776119403
911,530,4.064516129032258
911,204,3.8333333333333335
911,435,3.9171597633136095
911,154,3.832167832167832
911,7,3.801302931596091
911,210,3.9578544061302683
911,176,3.9624413145539905
911,473,3.118811881188119
911,93,3.835294117647059
911,142,3.0
911,501,3.5670103092783507
911,99,3.7372262773722627
911,431,3.5041322314049586
911,98,4.283018867924528
912,419,3.627586206896552
912,507,3.8333333333333335
912,154,3.832167832167832
912,238,3.8309178743961354
912,357,4.330188679245283
912,1041,3.142857142857143
912,610,3.6363636363636362
912,246,3.943396226415094
912,194,4.0473684210526315
912,616,3.381818181818182
912,318,4.437768240343348
913,301,3.2604166666666665
913,657,4.235849056603773
913,508,3.585526315789474
913,465,3.701492537313433
913,481,3.92
913,42,3.7796610169491527
913,655,3.8722222222222222
913,419,3.627586206896552
913,95,3.8275862068965516
913,346,3.622448979591837
913,9,3.8821138211382116
913,613,3.9545454545454546
913,237,3.707395498392283
913,202,3.782051282051282
913,82,3.7156398104265405
913,79,4.056390977443609
913,343,3.0485436893203883
913,127,4.312693498452012
913,789,3.6216216216216215
913,132,4.043010752688172
913,171,3.8703703703703702
913,89,4.173913043478261
913,204,3.8333333333333335
913,742,3.677570093457944
913,57,3.8666666666666667
913,1240,3.526315789473684
913,469,3.7735849056603774
914,739,3.3410852713178296
914,216,3.9656652360515023
914,313,4.269961977186312
914,371,3.04
914,1355,2.75
915,752,3.25
915,346,3.622448979591837
915,288,3.455764075067024
915,347,3.49
915,305,3.716417910447761
915,307,3.524137931034483
916,642,3.5416666666666665
916,51,3.3448275862068964
916,17,3.1323529411764706
916,79,4.056390977443609
916,137,3.8840579710144927
916,96,4.018099547511312
916,461,3.607142857142857
916,14,4.0510948905109485
916,90,3.1025641025641026
916,4,3.5
916,472,2.9844961240310077
916,568,3.64021164021164
916,631,3.6288659793814433
916,498,4.24031007751938
916,80,2.6538461538461537
916,781,3.3333333333333335
916,597,3.1412429378531073
916,433,3.7071428571428573
916,863,4.285714285714286
916,737,3.0
916,87,3.847457627118644
916,281,3.111111111111111
916,214,3.3636363636363638
916,177,3.926605504587156
916,153,3.77720207253886
916,674,2.810810810810811
916,144,3.8757062146892656
916,118,3.2266666666666666
916,298,3.7642857142857142
916,88,3.6011904761904763
916,655,3.8722222222222222
916,919,3.730769230769231
916,679,2.9220779220779223
916,428,3.8476190476190477
916,111,3.506787330316742
916,23,4.13375796178344
916,678,2.8373493975903616
916,509,3.923076923076923
916,550,3.25
916,217,3.077777777777778
916,53,2.951923076923077
916,1597,3.6666666666666665
916,756,2.857142857142857
916,702,3.0
916,511,4.157894736842105
916,161,3.5388888888888888
916,92,3.617283950617284
916,215,3.674698795180723
916,172,4.180555555555555
916,704,3.15
916,219,3.202247191011236
916,650,3.4545454545454546
916,156,3.865546218487395
916,960,3.1904761904761907
916,709,3.9655172413793105
916,206,3.3513513513513513
916,232,3.2222222222222223
916,1005,3.9375
916,286,3.661498708010336
916,76,3.5365853658536586
916,186,3.86
916,2,3.18
916,236,3.4857142857142858
916,56,4.019047619047619
917,591,3.6
917,287,3.5357142857142856
917,282,3.6758241758241756
917,473,3.118811881188119
917,3,3.095890410958904
917,879,3.277227722772277
917,1014,3.1333333333333333
918,747,3.513157894736842
918,213,3.9541284403669725
918,83,4.0647482014388485
918,462,3.810344827586207
918,42,3.7796610169491527
918,275,3.9904306220095696
918,135,3.9665071770334928
918,168,4.081967213114754
918,25,3.4148471615720526
918,520,4.1020408163265305
918,923,4.2
918,1266,3.0
918,165,4.155555555555556
918,161,3.5388888888888888
918,216,3.9656652360515023
918,151,3.612403100775194
918,972,3.0434782608695654
918,190,4.175257731958763
918,1265,3.176470588235294
918,154,3.832167832167832
918,179,3.956043956043956
919,126,3.7948717948717947
919,300,3.6176470588235294
919,50,4.347438752783964
919,1,3.900804289544236
919,246,3.943396226415094
919,1284,2.8095238095238093
919,111,3.506787330316742
919,343,3.0485436893203883
919,1277,3.466666666666667
919,1278,3.5833333333333335
919,95,3.8275862068965516
919,895,3.0853658536585367
919,193,3.9411764705882355
919,64,4.44
919,168,4.081967213114754
919,755,3.2987012987012987
919,12,4.408256880733945
919,294,3.112947658402204
919,302,4.165938864628821
919,272,4.261437908496732
919,221,3.71875
919,331,3.5698924731182795
919,878,2.5
919,678,2.8373493975903616
919,118,3.2266666666666666
919,419,3.627586206896552
919,1014,3.1333333333333333
919,147,3.4503311258278146
919,406,2.409090909090909
919,539,2.433333333333333
919,292,3.6179775280898876
919,1101,3.711864406779661
919,334,3.340909090909091
919,326,3.335664335664336
919,715,3.111111111111111
919,756,2.857142857142857
919,432,3.6546762589928057
919,372,3.576923076923077
919,312,3.28125
919,508,3.585526315789474
919,14,4.0510948905109485
919,591,3.6
919,70,3.6381909547738696
919,11,3.8743718592964824
920,307,3.524137931034483
920,300,3.6176470588235294
920,682,3.088607594936709
920,311,3.7333333333333334
920,270,3.6019417475728157
920,258,3.7814070351758793
921,173,4.15625
921,934,2.9
921,245,3.1036269430051813
921,111,3.506787330316742
921,259,2.6929133858267718
921,257,3.758771929824561
921,280,3.242424242424242
921,313,4.269961977186312
921,720,2.9833333333333334
921,1287,1.5
921,472,2.9844961240310077
921,924,3.388059701492537
921,760,2.710526315789474
921,275,3.9904306220095696
921,8,4.011363636363637
921,411,2.962121212121212
921,304,3.53781512605042
921,66,3.5671641791044775
921,190,4.175257731958763
921,227,3.184
921,71,3.847058823529412
921,929,2.735294117647059
922,427,4.287425149700598
922,43,2.9411764705882355
922,235,2.7873563218390807
922,919,3.730769230769231
922,257,3.758771929824561
922,631,3.6288659793814433
922,181,4.027093596059113
922,252,3.032520325203252
922,660,3.7777777777777777
922,380,3.297872340425532
922,175,3.8523489932885906
922,153,3.77720207253886
922,230,3.460122699386503
922,99,3.7372262773722627
922,290,3.1875
922,1035,3.19672131147541
922,421,3.6
922,77,3.2459016393442623
922,579,2.6
922,715,3.111111111111111
922,747,3.513157894736842
922,195,3.9402390438247012
922,222,3.6254180602006687
922,550,3.25
922,215,3.674698795180723
922,746,3.65625
923,276,3.7148936170212767
923,472,2.9844961240310077
923,248,3.611940298507463
923,1001,2.3076923076923075
923,685,3.375
923,125,3.5255102040816326
923,1011,3.26027397260274
923,181,4.027093596059113
923,257,3.758771929824561
923,763,3.4488188976377954
923,713,3.509433962264151
923,100,4.174242424242424
923,50,4.347438752783964
923,689,3.1044776119402986
923,245,3.1036269430051813
924,1,3.900804289544236
924,705,4.048543689320389
924,427,4.287425149700598
924,9,3.8821138211382116
924,471,3.66120218579235
924,2,3.18
924,1478,2.533333333333333
924,275,3.9904306220095696
924,1011,3.26027397260274
924,228,3.8
924,144,3.8757062146892656
924,96,4.018099547511312
924,519,4.08955223880597
924,173,4.15625
924,200,3.7470588235294118
924,56,4.019047619047619
924,31,3.6495726495726495
925,672,2.673076923076923
925,324,3.0721649484536084
925,325,2.4081632653061225
925,563,2.5652173913043477
925,567,2.8076923076923075
925,447,3.4081632653061225
925,876,2.8157894736842106
926,313,4.269961977186312
926,300,3.6176470588235294
926,288,3.455764075067024
926,303,3.6944444444444446
927,168,4.081967213114754
927,542,2.4473684210526314
927,15,3.8026315789473686
927,552,2.8055555555555554
927,401,2.796875
927,385,3.5773809523809526
927,82,3.7156398104265405
927,403,3.4394904458598727
927,826,2.557377049180328
927,29,2.627906976744186
927,132,4.043010752688172
927,174,4.247787610619469
927,294,3.112947658402204
927,393,3.4324324324324325
927,422,2.8260869565217392
927,228,3.8
927,125,3.5255102040816326
927,1014,3.1333333333333333
927,742,3.677570093457944
927,374,2.0
927,227,3.184
927,404,3.72972972972973
927,775,2.85
927,1047,2.892857142857143
928,487,4.037735849056604
928,878,2.5
928,98,4.283018867924528
928,187,4.208588957055214
928,176,3.9624413145539905
928,191,4.153153153153153
928,266,2.4814814814814814
929,521,3.776595744680851
929,28,3.935185185185185
929,435,3.9171597633136095
929,276,3.7148936170212767
929,474,4.2405063291139244
929,100,4.174242424242424
929,22,4.162393162393163
929,12,4.408256880733945
929,480,4.302158273381295
929,429,4.012987012987013
930,148,3.2395833333333335
930,709,3.9655172413793105
930,651,4.074324324324325
930,690,3.4227642276422765
930,269,3.9486166007905137
930,282,3.6758241758241756
930,14,4.0510948905109485
930,756,2.857142857142857
930,175,3.8523489932885906
930,143,3.758426966292135
930,523,4.0
930,238,3.8309178743961354
930,117,3.633986928104575
931,678,2.8373493975903616
931,690,3.4227642276422765
931,362,2.8181818181818183
931,257,3.758771929824561
931,121,3.4656716417910447
931,909,3.6
931,237,3.707395498392283
931,303,3.6944444444444446
931,127,4.312693498452012
931,275,3.9904306220095696
931,459,3.727272727272727
931,515,4.25
931,50,4.347438752783964
932,497,3.8035714285714284
932,196,3.9170731707317072
932,526,3.8876404494382024
932,98,4.283018867924528
932,661,4.097222222222222
932,144,3.8757062146892656
932,274,3.4482758620689653
932,77,3.2459016393442623
932,199,4.180327868852459
932,649,3.3947368421052633
932,462,3.810344827586207
932,576,3.0136986301369864
932,665,2.775
932,55,3.7398373983739837
932,121,3.4656716417910447
932,511,4.157894736842105
932,600,4.0
932,1449,4.4
932,153,3.77720207253886
932,1050,3.6470588235294117
932,562,3.289473684210526
932,70,3.6381909547738696
932,648,3.9166666666666665
932,613,3.9545454545454546
932,506,3.791044776119403
932,657,4.235849056603773
932,213,3.9541284403669725
932,515,4.25
932,434,3.8703703703703702
932,100,4.174242424242424
932,615,4.023255813953488
932,183,4.004464285714286
932,448,3.449275362318841
932,435,3.9171597633136095
932,1116,3.6
932,968,3.6
932,1021,3.8333333333333335
932,470,3.6704545454545454
932,616,3.381818181818182
932,507,3.8333333333333335
932,157,3.696078431372549
932,528,4.159574468085107
932,496,4.087431693989071
932,646,3.870967741935484
932,161,3.5388888888888888
932,516,4.02
932,135,3.9665071770334928
932,198,3.989795918367347
932,589,4.0
933,135,3.9665071770334928
933,63,2.9682539682539684
933,578,3.116883116883117
933,233,3.349514563106796
933,180,4.0
933,82,3.7156398104265405
933,183,4.004464285714286
933,732,3.6595744680851063
933,318,4.437768240343348
933,181,4.027093596059113
933,273,3.596774193548387
933,282,3.6758241758241756
933,200,3.7470588235294118
933,470,3.6704545454545454
933,117,3.633986928104575
933,56,4.019047619047619
933,121,3.4656716417910447
933,452,2.5652173913043477
933,433,3.7071428571428573
933,228,3.8
933,97,3.8097560975609754
933,11,3.8743718592964824
933,508,3.585526315789474
933,959,3.52
933,187,4.208588957055214
933,546,3.0634146341463415
933,765,2.888888888888889
933,654,4.061946902654867
933,67,3.0588235294117645
933,89,4.173913043478261
933,72,3.203883495145631
933,9,3.8821138211382116
933,231,2.6576576576576576
933,834,2.1578947368421053
933,219,3.202247191011236
933,585,2.625
933,515,4.25
934,1203,3.8666666666666667
934,223,4.153153153153153
934,257,3.758771929824561
934,212,3.4743589743589745
934,384,2.8727272727272726
934,624,3.1176470588235294
934,157,3.696078431372549
934,163,3.5211267605633805
934,131,3.717948717948718
934,492,3.8297872340425534
934,495,3.6153846153846154
934,67,3.0588235294117645
934,228,3.8
934,674,2.810810810810811
934,584,3.5303030303030303
934,423,3.782258064516129
934,605,3.4545454545454546
934,602,3.7906976744186047
934,174,4.247787610619469
934,202,3.782051282051282
934,550,3.25
934,25,3.4148471615720526
934,168,4.081967213114754
934,156,3.865546218487395
934,436,3.576923076923077
934,316,4.137931034482759
934,239,3.5294117647058822
934,675,3.4285714285714284
934,481,3.92
934,403,3.4394904458598727
934,1135,3.0
934,197,4.077319587628866
934,389,3.5238095238095237
934,435,3.9171597633136095
934,170,4.13
935,313,4.269961977186312
935,100,4.174242424242424
935,281,3.111111111111111
935,237,3.707395498392283
935,121,3.4656716417910447
935,924,3.388059701492537
935,300,3.6176470588235294
935,274,3.4482758620689653
936,1009,3.4468085106382977
936,1129,3.5454545454545454
936,281,3.111111111111111
936,1,3.900804289544236
936,287,3.5357142857142856
936,285,4.2204724409448815
936,1190,3.4
936,7,3.801302931596091
936,313,4.269961977186312
936,508,3.585526315789474
936,1160,3.7142857142857144
936,269,3.9486166007905137
936,127,4.312693498452012
936,818,2.6818181818181817
936,181,4.027093596059113
936,125,3.5255102040816326
936,252,3.032520325203252
936,324,3.0721649484536084
936,106,2.9322033898305087
936,340,3.5517241379310347
936,898,3.28
936,1344,2.6666666666666665
936,1068,3.25
936,275,3.9904306220095696
936,928,3.225
936,1079,2.303030303030303
936,118,3.2266666666666666
936,137,3.8840579710144927
936,24,3.4135338345864663
937,515,4.25
937,408,4.482352941176471
937,285,4.2204724409448815
937,326,3.335664335664336
937,295,3.4166666666666665
937,116,3.78
937,508,3.585526315789474
937,988,2.3333333333333335
938,293,3.841666666666667
938,1033,2.6
938,1047,2.892857142857143
938,333,3.59
938,406,2.409090909090909
938,118,3.2266666666666666
938,127,4.312693498452012
938,476,3.0551181102362204
938,286,3.661498708010336
938,220,3.240740740740741
938,596,3.326530612244898
938,456,2.210526315789474
938,410,3.076923076923077
938,284,3.1824324324324325
938,121,3.4656716417910447
938,288,3.455764075067024
938,717,2.859154929577465
938,50,4.347438752783964
938,1028,3.0545454545454547
938,260,2.6021505376344085
938,125,3.5255102040816326
938,9,3.8821138211382116
939,255,3.3175675675675675
939,127,4.312693498452012
939,546,3.0634146341463415
939,254,2.488372093023256
939,275,3.9904306220095696
939,818,2.6818181818181817
939,285,4.2204724409448815
939,1051,3.1666666666666665
939,689,3.1044776119402986
939,274,3.4482758620689653
940,269,3.9486166007905137
940,310,3.559322033898305
940,792,3.734375
940,286,3.661498708010336
940,56,4.019047619047619
940,482,3.970873786407767
940,12,4.408256880733945
940,153,3.77720207253886
940,657,4.235849056603773
940,321,3.0942028985507246
940,264,2.768292682926829
940,191,4.153153153153153
940,271,3.2569832402234637
940,194,4.0473684210526315
940,8,4.011363636363637
940,708,3.4698795180722892
940,300,3.6176470588235294
940,678,2.8373493975903616
940,516,4.02
940,317,3.89010989010989
940,855,3.68
940,343,3.0485436893203883
941,222,3.6254180602006687
941,408,4.482352941176471
941,181,4.027093596059113
941,294,3.112947658402204
941,124,4.092105263157895
942,659,4.087912087912088
942,879,3.277227722772277
942,322,3.0994475138121547
942,258,3.7814070351758793
942,216,3.9656652360515023
942,878,2.5
942,99,3.7372262773722627
942,272,4.261437908496732
942,183,4.004464285714286
942,210,3.9578544061302683
942,969,3.838709677419355
942,487,4.037735849056604
942,131,3.717948717948718
942,323,2.918918918918919
942,511,4.157894736842105
942,97,3.8097560975609754
943,79,4.056390977443609
943,96,4.018099547511312
943,76,3.5365853658536586
943,185,4.101063829787234
943,132,4.043010752688172
943,168,4.081967213114754
943,51,3.3448275862068964
943,195,3.9402390438247012
943,385,3.5773809523809526
943,92,3.617283950617284
943,62,3.0816326530612246
943,194,4.0473684210526315
943,1047,2.892857142857143
943,468,3.3125
943,405,3.286764705882353
943,576,3.0136986301369864
943,625,3.3
943,655,3.8722222222222222
943,794,3.6666666666666665
943,566,3.633587786259542
943,281,3.111111111111111
943,22,4.162393162393163
943,230,3.460122699386503
943,928,3.225
943,234,3.751152073732719
943,431,3.5041322314049586
943,585,2.625
943,373,2.84375
943,237,3.707395498392283
943,559,3.1826086956521737
943,941,3.0697674418604652
943,415,3.0
943,172,4.180555555555555
943,41,3.2
